id,clip_s,trimmed_s,word_s,rms_dbfs,peak,snr_db
id_nzul5mwfv6vm.wav,3.44,1.0,0.55,-28.311560855265178,0.660430908203125,39.26901646143137
id_20aa99xgs0ed.wav,3.84,0.61,0.5,-25.211946021420722,0.86114501953125,57.893998130361
id_vhifg7bybgzp.wav,5.04,2.94,0.725,-28.500261172332117,0.464599609375,29.283183948824007
id_xgskggjqxeiv.wav,5.76,2.73,0.625,-32.73862743937268,0.4459228515625,45.155190846989214
id_0efhgx6golxe.wav,3.52,0.71,0.575,-22.330830318801368,0.59716796875,62.54585086392203
id_byhwq1ziwftc.wav,4.16,0.89,0.775,-32.51516898596843,0.189910888671875,48.42568641175177
id_clwxz0b9t8z7.wav,4.608,1.74,0.35,-36.68441300174929,0.19525146484375,48.68967687478334
id_vixyzzbfnfnq.wav,4.224,0.54,0.4,-33.54815855101707,0.2652587890625,44.77019867229037
id_bj6a3ttl4p95.wav,5.2,1.98,0.575,-32.51964829681735,0.321044921875,49.129754401913175
id_iarpqeld38os.wav,4.64,0.79,0.65,-34.03604606859726,0.2139892578125,43.823110100305485
id_idavrfs27r6h.wav,4.48,3.34,0.5,-37.08425745736144,0.240447998046875,34.70459290544356
id_ta1ytc871bx1.wav,8.48,8.42,1.475,-45.564875561165366,0.151580810546875,14.48095437902301
id_ewy8yecuel5m.wav,5.84,0.9,0.675,-33.71349525088158,0.28765869140625,48.7215767855139
id_fxyt250m8rc2.wav,3.12,3.12,0.775,-29.2116809777025,0.37017822265625,24.76138372595647
id_lpsmeyuj2555.wav,5.76,0.91,0.8,-31.732151551200005,0.277496337890625,48.16037927733478
id_71i5cqkkhqlj.wav,5.36,0.63,0.475,-32.10629819534598,0.435577392578125,49.84983707800092
id_6owrqt6wtx5m.wav,4.88,1.08,0.85,-37.550968844113505,0.251251220703125,71.69541875426664
id_3u4bhmvilf8t.wav,4.16,1.65,0.55,-34.97161152886849,0.3438720703125,44.81881385545471
id_ilcnsba13as4.wav,3.6,0.79,0.65,-36.78239528254999,0.136566162109375,47.59277464299637
id_wug5kndcavtv.wav,4.24,0.89,0.675,-34.018322641011245,0.281585693359375,49.87749351722535
id_2dx95jkzoejz.wav,6.8,0.65,0.5,-31.994711284481937,0.41510009765625,38.02374907030451
id_90pph43r621b.wav,5.68,4.64,0.575,-36.847512340294855,0.29449462890625,33.68914134379493
id_kpqbnogotvbl.wav,9.36,9.21,1.5,-34.068101833491056,0.185089111328125,7.678999347496315
id_eo2vt8ilokz2.wav,3.92,0.48,0.325,-42.82076484689906,0.1329345703125,46.886665056036875
id_itkdpo9yhp1t.wav,4.16,1.8,0.55,-38.79423128633445,0.202789306640625,37.37566702168012
id_8mshkuff9u9a.wav,4.0,0.74,0.6,-24.274470738805686,0.86932373046875,56.602080243193654
id_yp4i2tgqlboh.wav,3.6,0.96,0.375,-28.958173286572965,1.0,44.947082816026224
id_eq0bnl5o3cu4.wav,6.08,6.08,1.025,-40.24672523964895,0.1583251953125,26.171625081395398
id_4u0208z7w6m1.wav,3.84,0.94,0.6,-29.025876768970612,0.40338134765625,42.4494631504755
id_5ncegxts20gf.wav,5.76,5.34,1.2,-38.12928402121945,0.319244384765625,24.424969324413453
id_cl4v1o8k7b49.wav,3.92,0.8,0.65,-29.518468425959806,0.394866943359375,50.926480957046536
id_yi26mji51g4e.wav,3.76,0.42,0.325,-39.23260227097321,0.180938720703125,64.36336221464126
id_mk2zy613b0vo.wav,3.84,2.15,0.575,-25.529596716811575,0.529388427734375,47.71992248275197
id_7ag1n0tp90xa.wav,10.64,10.5,0.45,-38.86245979127721,0.289306640625,57.07292649289674
id_jr15effb0pir.wav,8.448,5.8,0.5,-42.46928898015636,0.193939208984375,34.411979202159856
id_dorl5v6bse1l.wav,4.8,4.8,0.65,-33.48909366279664,0.435699462890625,33.28079992416872
id_6tgm86i06e96.wav,3.44,3.32,0.5,-26.925027869082506,0.673828125,28.61866893633046
id_qz4hcu0umoyh.wav,4.0,3.48,0.825,-33.01147911819272,0.288726806640625,33.60467255324072
id_4newl040uzdm.wav,5.76,4.73,0.425,-24.85434973007818,0.932281494140625,43.16350171174635
id_6gmf4f3o7aig.wav,3.36,1.9,0.55,-37.15978163390115,0.23919677734375,32.384586063311744
id_obvyrc9fhll9.wav,4.24,1.1,0.525,-23.243754891193,0.863922119140625,51.74042047290913
id_jz3ucdvwramh.wav,5.36,0.74,0.575,-37.19868700388453,0.292877197265625,46.57535719104106
id_lrm9r4zt8dx5.wav,4.16,1.83,0.45,-26.27396118816982,1.0,27.650397672008644
id_mdn6aobr92pf.wav,4.56,0.55,0.4,-33.44651293525199,0.3935546875,42.65903605032152
id_7o8r82oylpat.wav,4.0,1.02,0.525,-33.16053721047646,0.401458740234375,34.55713701776534
id_rd7yrzw43vsc.wav,4.96,0.67,0.525,-34.85617448881225,0.144866943359375,51.22435205082744
id_d83yx79ccoy4.wav,4.4,0.52,0.375,-39.99520347780503,0.163177490234375,39.70603706816857
id_y4hhckwhzn5t.wav,4.08,4.02,0.6,-38.488583160044094,0.1900634765625,34.59871367706522
id_ldzwm2lmjvse.wav,4.16,3.13,0.55,-26.76144908037739,0.664306640625,25.925918895206255
id_5yvcgc9i5oso.wav,6.8,0.54,0.425,-42.12627022777663,0.1314697265625,34.94522602188369
id_gqy5dodpb0st.wav,4.8,1.37,0.525,-34.1125109630116,0.32647705078125,43.710150777032794
id_vvzxb1yx5gag.wav,4.32,4.21,0.6,-35.1410388159954,0.403594970703125,31.706885687849823
id_87oaz9a8qkj2.wav,3.36,0.68,0.575,-33.80410779088532,0.103607177734375,50.67446422934469
id_o0qmix19zxkc.wav,3.968,0.48,0.35,-45.77091947833157,0.083770751953125,38.70169011268004
id_bwwe7ohdws5y.wav,3.44,3.02,0.25,-36.09708327509384,0.2630615234375,43.652897314796
id_ioegla3yee4k.wav,5.28,1.37,0.35,-25.41507914785013,0.790313720703125,41.017750273816304
id_yy6y0jt40mff.wav,2.88,2.76,1.5,-41.38826219732764,0.0596923828125,13.59327744056801
id_8adolbe9tsya.wav,4.96,0.73,0.6,-21.775877350102956,0.922088623046875,61.001213731240696
id_830ppu4qe9pb.wav,4.32,2.62,0.5,-34.70373499035784,0.4012451171875,40.17830817573578
id_p8w11anz1gir.wav,4.32,0.55,0.375,-26.10695710555443,0.98492431640625,43.47436031341378
id_yzhsrfdkl3kl.wav,5.44,0.51,0.4,-21.32684468588141,1.0,48.458848731211916
id_nnz4qlw3ezas.wav,4.224,0.74,0.55,-28.750321325753486,0.360809326171875,47.927764459594236
id_t54rk0m5mwoa.wav,4.16,0.72,0.6,-25.76216685960153,0.880035400390625,54.923881629851785
id_urbm5sfu6jm6.wav,3.84,0.68,0.55,-34.415224999289514,0.220733642578125,42.7984753578929
id_037hi7s3a8la.wav,3.92,1.65,0.7,-30.744002564337652,0.402191162109375,43.532446306644985
id_xr6h9mdb7ah8.wav,3.36,1.9,0.775,-24.17287440441116,0.65765380859375,31.250084697866253
id_brz6g95glswj.wav,4.4,2.19,1.5,-44.90262547399554,0.044586181640625,37.781558045076174
id_cpue1ijxno8g.wav,3.968,2.04,0.475,-40.02398544639689,0.117156982421875,44.324324819731785
id_6qznxlsgi7rh.wav,5.04,4.65,0.4,-29.463245739821676,0.564453125,35.528822444192926
id_obekfv4lwcoy.wav,3.36,0.91,0.625,-35.39770146768953,0.1380615234375,49.13529686830293
id_yk3xctzpsbkt.wav,4.16,3.69,0.7,-40.15233370986327,0.282745361328125,33.18148198287082
id_waxbvtaoj8og.wav,4.56,0.64,0.525,-24.38255516138622,0.8685302734375,49.091009504680805
id_44lznee8c9ez.wav,3.28,2.31,0.575,-26.926553408479418,0.695892333984375,35.62357545202403
id_m5kd2w03t2lg.wav,3.52,0.6,0.475,-29.525588204454447,0.34912109375,54.83713951270187
id_yhkxoqnz30la.wav,3.52,2.2,0.75,-25.448944553998516,0.70050048828125,33.07839702213064
id_xsyirfuip7hn.wav,5.04,1.72,0.75,-28.20563440032533,0.493499755859375,35.57875679910991
id_k6x7ae632gsi.wav,4.64,4.64,1.15,-40.08510313847236,0.097808837890625,26.519309545171275
id_c23nzio7o6sz.wav,4.16,3.85,0.55,-31.75556476619186,0.280242919921875,42.112885088150534
id_sziahp5dpvtl.wav,4.0,1.13,0.625,-38.84449064712914,0.15203857421875,33.73918697513626
id_12693x5drnl0.wav,2.88,2.84,1.5,-37.64368401916428,0.09063720703125,8.127767440365119
id_jeqrmutlsp2d.wav,4.16,2.58,0.5,-32.85830154241482,0.355377197265625,42.903570138318145
id_8m9ssztkpcbg.wav,5.36,0.58,0.45,-37.49970068765822,0.29290771484375,88.02736069916044
id_48s5x8b6ihzo.wav,4.8,1.19,0.45,-45.568334381842504,0.186614990234375,46.595975024402094
id_cy4a9ip6pbrj.wav,4.8,1.14,0.5,-25.502223728798903,0.999969482421875,37.776247718242324
id_3lwko257r14u.wav,3.328,2.0,0.475,-32.78709920374006,0.3538818359375,47.16272361958525
id_6m0z2hx369mx.wav,6.48,0.54,0.425,-38.23631855813868,0.1732177734375,37.92453015917172
id_es5wqle6eb37.wav,2.72,2.64,1.5,-37.36783908847462,0.14483642578125,19.613762414736748
id_hlk2jd7p534s.wav,4.96,0.52,0.325,-31.439838092441796,0.297393798828125,56.6345520295656
id_iq28eqmnp014.wav,3.68,0.56,0.425,-31.002298465309437,0.372161865234375,60.44653305179885
id_pmg89uvhzz7q.wav,4.0,0.67,0.55,-42.77596813480117,0.113433837890625,42.2305338727956
id_4n81rytif4wy.wav,6.4,4.36,0.45,-28.702182024678777,0.44195556640625,49.83374337823838
id_dr6nwp236t8d.wav,4.32,0.87,0.35,-33.015268249313124,0.4766845703125,47.09250527923165
id_zhi427kmyfjl.wav,3.12,2.77,1.125,-41.20642723987885,0.147705078125,19.527527206659563
id_f1qgh3chi7it.wav,4.8,3.02,0.375,-42.34203166853224,0.136260986328125,44.487088366594875
id_byeu884y7kwo.wav,4.608,0.51,0.4,-35.16306770235933,0.26495361328125,44.96645416738991
id_ecd39gerr49y.wav,4.72,4.58,0.575,-40.23568930756086,0.15924072265625,28.74433428658779
id_m9i0ym7mrf44.wav,4.8,0.69,0.55,-26.87538255765006,0.867645263671875,56.6154861359266
id_hzo72obgp7rb.wav,4.96,2.08,0.4,-30.822232409890272,0.403167724609375,57.68746937300189
id_fqoirx2zklbb.wav,4.8,4.7,1.5,-38.58026804697134,0.13128662109375,10.626918783406566
id_w6a4a299a12e.wav,61.952,61.58,1.45,-59.971673302476134,0.02655029296875,19.847399609602384
id_pll4vw1cdpa3.wav,3.2,2.95,1.475,-37.50203694854925,0.24774169921875,15.85083291901374
id_0jakfzax43oe.wav,3.968,0.78,0.65,-31.802002878068688,0.429779052734375,40.38687152077314
id_xzx56mpd91y7.wav,12.64,2.52,0.725,-34.44106093090464,0.496307373046875,66.35740912157306
id_te7oyrse2zin.wav,3.36,0.59,0.45,-27.795513527626284,0.490142822265625,55.507154956549925
id_ghykygteyi33.wav,5.2,2.85,0.55,-41.71811318649095,0.145965576171875,42.079831195746536
id_rh60wbu37m4e.wav,4.56,2.06,0.325,-33.87300672681953,0.36602783203125,47.733005238799336
id_33zb7jvlr24c.wav,4.16,4.03,1.175,-35.54010223572523,0.39141845703125,12.046553926751898
id_v8szklm1m4ih.wav,3.36,3.27,0.7,-27.613314866699422,0.596527099609375,26.939248121382754
id_a565oea8zt35.wav,3.84,3.15,0.975,-30.487140531733452,0.4041748046875,26.957693810994733
id_2wm6sq5lzkfv.wav,4.24,0.49,0.35,-32.83407199682283,0.548187255859375,52.912946554067304
id_gz425viwawqa.wav,3.76,1.13,0.9,-39.38959105569036,0.100616455078125,39.02043145774697
id_385q2v9dcn68.wav,2.96,2.78,1.35,-36.907024724760085,0.251922607421875,20.413694020332358
id_se33nx8ckzg8.wav,4.88,2.01,0.575,-34.753572813817975,0.25738525390625,45.982449342533855
id_33uwj9eb5wcn.wav,5.28,1.34,0.575,-30.752113913112918,0.420745849609375,50.863679924249155
id_xn860zqh17xw.wav,4.08,1.06,0.4,-27.17944348328163,0.90631103515625,48.584560208660555
id_gbqpxxdrcg3y.wav,4.32,1.99,0.625,-30.164112724362276,0.45355224609375,31.383287529208932
id_090vpkdgsp0f.wav,4.24,0.59,0.45,-31.532326383683447,0.334625244140625,46.41106538243071
id_eh1ilyra2x00.wav,3.84,1.65,0.7,-26.03431741726244,0.67767333984375,40.71887695221841
id_lpstklz51zpz.wav,3.12,0.73,0.5,-32.63641015227503,0.2435302734375,32.83728709661726
id_i1dlon0nyll9.wav,3.28,2.04,0.725,-39.96394325568254,0.227874755859375,41.78013441191708
id_7hzjjl1l3vjy.wav,4.08,1.59,0.425,-25.97770699473032,0.59136962890625,49.27669758252891
id_90kxaeeie1mb.wav,6.0,4.35,0.625,-35.40968961001268,0.36578369140625,37.81324967669261
id_q4wpcd1ulq9p.wav,3.68,0.41,0.25,-37.12600134686426,0.354583740234375,42.927647529434495
id_710tsclefl7o.wav,3.6,3.34,0.675,-29.95896657896594,0.55206298828125,21.798015225851906
id_1uh1rjrqhoxs.wav,4.08,3.86,1.075,-33.11219444205883,0.168701171875,27.54883198778137
id_xvz93ipnekwa.wav,5.92,5.79,0.775,-32.58673957610682,0.42462158203125,26.091303376087986
id_1izzii125db0.wav,7.28,0.71,0.425,-32.056980891438116,0.4351806640625,47.13300218787093
id_fyn1gia7pu9g.wav,3.2,0.86,0.475,-31.130655553942507,0.410675048828125,36.61226399090182
id_pn3841u3rbpo.wav,4.352,0.9,0.65,-29.04570298479719,0.354705810546875,39.126106069309905
id_dbfyn4wlu3qv.wav,2.64,2.56,1.5,-34.36914155622732,0.11907958984375,12.419546828146387
id_d45stns0l9oj.wav,4.48,0.73,0.525,-28.088153173111333,0.470001220703125,45.38446799966111
id_rud6460r35x5.wav,4.16,0.56,0.4,-26.195798156089246,0.876556396484375,41.659478139444644
id_dpvx946ai9sq.wav,4.48,0.78,0.6,-31.181753385589708,0.32257080078125,37.463774044665385
id_hrm17h8jh93t.wav,3.84,0.85,0.575,-30.896658781029714,0.491973876953125,38.9663709214627
id_r4l5g4992pcl.wav,3.04,1.38,0.35,-22.326890519147817,0.721923828125,37.760952937880745
id_0as8zaj3f7e0.wav,3.92,3.92,0.675,-42.25537969862578,0.05450439453125,28.748732387877325
id_sov7xl5lboq1.wav,5.28,3.33,0.975,-31.90687076971448,0.381561279296875,37.05231213368148
id_it5behtmsfu8.wav,6.72,6.63,0.525,-34.118418547338486,0.42596435546875,24.896301700379006
id_wrm3b40ymbne.wav,5.44,0.68,0.575,-33.10847080053476,0.27252197265625,48.24165860424683
id_n3dz8s6yhizc.wav,3.68,0.61,0.5,-35.40799507018673,0.37835693359375,53.28567405286341
id_qbqgmrgv66h7.wav,3.28,3.28,0.75,-30.725624273831627,0.361572265625,26.8511094269766
id_zqvhrxeqf9rn.wav,5.2,3.96,0.425,-32.580655416392744,0.453155517578125,35.5205127577436
id_4jnpmmh4imwl.wav,4.16,2.01,0.325,-43.470288533621,0.133056640625,36.81721670039226
id_58488x5vhql6.wav,6.88,5.95,0.55,-35.21083320614183,0.31939697265625,32.327352113439325
id_0yn2o7jrnw1r.wav,5.44,1.35,0.475,-34.07116845290978,0.18328857421875,46.68474500318827
id_fqdz384k2sd3.wav,5.12,2.37,0.525,-23.45393521304445,0.851837158203125,43.87999651006241
id_sd3xkhisixog.wav,4.0,0.43,0.325,-41.018747114791616,0.265411376953125,62.63014708577992
id_dtfpsmh1mwqz.wav,3.28,0.53,0.375,-24.217234115753318,0.8741455078125,53.31588245920746
id_pyljq4h1dk06.wav,5.92,0.69,0.575,-35.01697103727371,0.35516357421875,44.567846374378966
id_7oen5v0ao3ny.wav,3.968,0.87,0.55,-27.85714814464494,0.53045654296875,42.76955230557592
id_glmx3wv0suxm.wav,5.2,4.59,0.5,-23.02461946772064,0.66815185546875,32.46928332431004
id_53r0qxsng1dt.wav,4.08,3.55,0.625,-28.685943496181913,0.55584716796875,39.13887942394021
id_5z31exr9urcf.wav,5.6,3.15,0.775,-26.125729637965826,0.5078125,36.35636514024942
id_ud00lfsbo78q.wav,5.2,0.59,0.475,-39.90546218567732,0.16778564453125,41.85718838872282
id_p1hsg76myrgj.wav,5.6,0.68,0.45,-33.06433411347152,0.492340087890625,44.53820716331262
id_tronykwa6e8o.wav,4.32,4.32,0.275,-31.209236506647443,0.3916015625,35.037150463950084
id_hjxmk8dldnik.wav,4.0,3.38,0.7,-32.42867733799754,0.417510986328125,37.2406248106469
id_0rpsvdfvbc18.wav,5.12,2.64,0.6,-35.69855998067798,0.39117431640625,29.657831953619628
id_w01qk78vteti.wav,6.0,2.52,0.45,-26.236392217736068,0.535552978515625,59.510935132170815
id_f1zp5wzc8m9r.wav,6.56,6.34,0.475,-39.86188322112629,0.201080322265625,20.723771809420057
id_syqjwrryqe4g.wav,5.68,1.27,0.65,-38.41093951605256,0.228424072265625,33.82048796027678
id_nd7ol0aghiog.wav,3.68,3.64,0.55,-27.786351366481703,0.877471923828125,31.874338120985737
id_fl5q50ap00zu.wav,4.4,1.03,0.55,-35.49695738239191,0.273345947265625,39.73977788479492
id_pxqvkfr01tzv.wav,7.808,3.83,0.9,-35.12409353818387,0.444183349609375,40.7256670699383
id_keo1hrr8cv7l.wav,3.28,2.56,0.575,-29.235524459092424,0.413299560546875,34.805476443351054
id_1y15yyn3ymhp.wav,5.28,5.21,0.975,-39.16495913022772,0.199066162109375,21.87618792839462
id_b77niqs9exzl.wav,4.08,0.73,0.375,-37.93706857401608,0.2265625,53.60272958089557
id_wx9gvqmlk7pd.wav,3.44,1.41,0.3,-30.13303130145122,1.0,48.74237700390052
id_c180vq2vofuy.wav,3.6,2.55,0.325,-39.37024853326551,0.24237060546875,34.36743650609333
id_7h6ajat6m4yo.wav,4.8,4.65,1.5,-32.35928418803935,0.438873291015625,13.209561702039885
id_91697eqiiex5.wav,3.52,0.49,0.375,-38.306478051622264,0.252899169921875,61.46888357914441
id_vvpk26kq3l1z.wav,4.096,2.19,0.5,-30.216744964389406,0.283721923828125,45.65187971247638
id_3ge0o9n759gr.wav,3.84,2.81,0.4,-41.891910611374016,0.16961669921875,35.40341006821541
id_czg40sjj6nfi.wav,4.96,0.58,0.475,-30.863831127786263,0.410064697265625,44.80062341858081
id_8oif8t8z45yy.wav,5.76,3.77,1.2,-30.225672685318266,0.458984375,34.17856978841178
id_b6trhsu70slg.wav,4.16,0.7,0.6,-35.26488009624184,0.288604736328125,59.184014655761004
id_4e8pojot18z8.wav,4.48,1.22,0.825,-29.737866388791797,0.438934326171875,32.80772440542229
id_e8090oppcstp.wav,5.76,1.36,0.5,-20.882430769898946,0.653839111328125,45.481371555342676
id_n5fe33qqvkvb.wav,3.52,0.57,0.425,-31.568584864930124,0.411773681640625,63.491986102699315
id_f5gf37vkwdjr.wav,3.92,2.52,0.55,-34.9479610790998,0.331207275390625,29.190897389152987
id_jniqqjpwdei5.wav,5.36,5.36,0.55,-23.690767264962428,1.0,42.804644241114374
id_l9a53er9lgfc.wav,4.0,2.79,0.425,-31.431034195813087,0.371307373046875,35.57424364306596
id_iw02z9hwz6k4.wav,3.84,3.73,0.475,-46.27282797902595,0.08148193359375,30.550003293518948
id_0zn3oack6hyy.wav,3.28,1.52,0.45,-34.20002304143141,0.4732666015625,38.75903497783385
id_3nb0rzd5q4v1.wav,3.52,0.58,0.475,-26.64812295851249,0.37872314453125,55.36132637770042
id_2m296j37x3t4.wav,4.16,1.92,0.45,-34.56807159724254,0.3658447265625,40.76359966023281
id_cisussicd4d4.wav,3.6,0.52,0.4,-36.96621692991811,0.35321044921875,65.36171906496935
id_xv0v9zzodpfn.wav,6.08,1.25,0.65,-40.997562259996386,0.1895751953125,41.794551175405374
id_0r56x9samgcy.wav,4.64,3.49,0.475,-25.608198054853798,0.612396240234375,46.87650334773846
id_m1om6m3lei2t.wav,4.4,4.12,0.7,-25.178811382841815,0.75689697265625,32.83134340702454
id_rop08ud9jqo9.wav,3.84,0.53,0.4,-35.94520845894421,0.391510009765625,41.77742320374994
id_1agr9423s1zz.wav,7.44,5.55,0.425,-25.6105039257162,0.87530517578125,44.695131122800255
id_ci8wbxcjl7uk.wav,5.248,3.14,0.35,-30.320879352743134,0.432525634765625,53.28176702332381
id_szpia3ltsrjk.wav,4.224,2.51,0.45,-23.804240953849373,0.504486083984375,39.789547478772086
id_95op2xns4x7h.wav,5.2,5.2,1.3,-27.06454323607387,0.37188720703125,26.986109034286265
id_pmh3psmwcjap.wav,3.44,0.48,0.3,-31.77118766159908,0.4873046875,53.32950486613616
id_rzeuxvglk56n.wav,3.76,0.48,0.375,-34.859776243333364,0.334716796875,42.681480568161476
id_ywaknrt9lzm3.wav,5.6,0.67,0.55,-22.73143972036525,0.999969482421875,50.839294779967716
id_lceaoj1aylbg.wav,3.6,1.08,0.45,-39.19962998435484,0.150421142578125,43.29871386165293
id_sgdthy18r5j9.wav,4.4,4.4,0.575,-47.01226909737234,0.076385498046875,16.715993444886053
id_9veklpx04a0w.wav,12.288,0.72,0.575,-36.48025203908006,0.378570556640625,51.263526441549345
id_c8xurp64t3ta.wav,3.12,2.97,1.4,-32.63345861177396,0.32623291015625,16.382214596727245
id_da8mlgoov70o.wav,3.712,0.71,0.525,-30.8022399829059,0.37115478515625,45.53094068058081
id_yqnrxkvuoirc.wav,4.16,2.21,0.625,-40.59794375381592,0.1300048828125,37.817645403530356
id_0g8u1xbirlkn.wav,5.68,0.75,0.625,-38.827615651007925,0.140228271484375,50.89089269971417
id_9myeo60xms76.wav,3.44,1.07,0.725,-24.28125669777783,0.49639892578125,44.869389979606524
id_y0xonbl35of9.wav,3.36,1.52,0.25,-23.38721429474007,0.999969482421875,40.802462995278624
id_loj3cao4ouob.wav,4.24,4.09,0.625,-22.775675070025677,0.457611083984375,37.03583028189579
id_vouunsoc1ysl.wav,5.12,0.7,0.525,-27.779718272110358,0.434967041015625,59.74824934657745
id_dcomrvno0sa8.wav,3.44,1.38,0.65,-34.1447380513041,0.273468017578125,48.26859136373404
id_rkwu6ocdbsfw.wav,5.44,0.79,0.625,-45.72648275406729,0.070953369140625,33.832666199933165
id_ks828kefydox.wav,4.224,0.77,0.6,-30.788837964181063,0.34991455078125,44.964121850427546
id_vk8z1hxjrqpl.wav,3.44,3.11,0.625,-31.99953526987504,0.2188720703125,38.432110107066215
id_v15kmy54n2d2.wav,2.56,2.49,1.5,-37.650015007950024,0.085693359375,8.20232676761114
id_rf0pt8feghep.wav,4.0,2.14,0.725,-26.18176217301159,0.613189697265625,47.244622833669574
id_dls4ym4mjgu7.wav,7.68,2.7,0.475,-27.88356556326283,0.898345947265625,38.857174898686395
id_9gpcweccf0ow.wav,3.28,2.2,0.675,-37.833589314137186,0.17401123046875,40.02203282871213
id_y1okvof6z6mj.wav,4.24,0.64,0.525,-22.74105270284151,0.651397705078125,48.65659882805284
id_b12sv0nhjhi8.wav,6.0,2.95,0.7,-26.21535579357969,0.6529541015625,50.104672462908255
id_47bea09uwn6e.wav,3.44,0.57,0.35,-32.2087410355672,0.4068603515625,48.382054020969306
id_dfosg9ga8wa0.wav,4.56,2.04,0.45,-36.65858644759128,0.220977783203125,39.99292348374427
id_ayqxbhu3i9n9.wav,6.48,5.99,0.8,-38.49623446272498,0.307281494140625,38.459994173513984
id_720ll1ijy7er.wav,4.608,3.95,0.8,-26.702675246240524,0.44012451171875,35.372199219607445
id_fuyspzpeoekk.wav,6.96,5.13,1.025,-27.717523671588168,0.452484130859375,29.35214396327173
id_wozp7sg0662c.wav,7.04,6.81,0.65,-26.39674215618864,0.81243896484375,28.55393490841012
id_3o4tslbwf02d.wav,4.608,2.96,0.725,-35.45010647311303,0.296417236328125,44.46085644220284
id_xf9oj7ebxx3g.wav,5.2,4.11,0.525,-25.86204949036288,0.501312255859375,53.10081487360959
id_2cisrs45gr57.wav,4.56,0.76,0.55,-38.69312673448238,0.188934326171875,43.9923423915736
id_4l2tt96kaaht.wav,3.76,3.52,1.5,-38.69010699851137,0.144561767578125,15.91472035573674
id_8me3g3wgerd3.wav,3.968,0.64,0.525,-30.74068474130149,0.4090576171875,46.4019718135915
id_se8q270y4mgg.wav,5.52,0.63,0.5,-34.654480246443946,0.302215576171875,48.24614743651209
id_5pjdzorh1k40.wav,4.0,0.46,0.35,-29.49923895638891,0.463104248046875,47.93950176068581
id_7byz1le3s8tn.wav,6.4,0.57,0.35,-30.191559713197258,0.60040283203125,54.4277829317565
id_a4bjnljx52gs.wav,3.44,3.42,0.7,-27.50630381221238,0.624481201171875,29.824849253327873
id_uhvgzpnpg0p5.wav,3.44,0.73,0.5,-36.32119860390645,0.21466064453125,49.18537415146761
id_nj39pwaasl9u.wav,4.4,2.67,0.325,-30.232375957432808,0.492340087890625,44.080753452197406
id_wa5aix9s91n9.wav,4.16,3.5,0.575,-27.238729964682356,0.442657470703125,37.95964148249375
id_adnjdi2si5u4.wav,5.44,1.67,0.5,-29.260973704384394,0.498626708984375,41.688456792495444
id_beukdhd0grnw.wav,3.44,3.16,0.475,-27.01020151240545,0.470245361328125,43.17449599563447
id_1h6vo8fba8gz.wav,4.8,4.8,0.5,-31.637605582780264,0.26947021484375,27.651605741521784
id_qs76a6w6dy4x.wav,4.352,2.362,0.55,-32.73580563435394,0.254119873046875,39.61561772055791
id_09nethbsaeau.wav,4.4,2.28,0.5,-30.10283415105734,0.493682861328125,44.56581037295807
id_0laj56mgm5h3.wav,4.24,4.24,1.4,-44.23728956660437,0.069854736328125,16.171385581120937
id_fdsizrw8s6aw.wav,11.52,1.07,0.775,-35.824676476039514,0.391937255859375,50.68289720705982
id_ismvn86we6rj.wav,5.504,1.46,0.65,-32.04596842264747,0.236480712890625,42.50837753075657
id_evd7xby7fw8z.wav,2.64,2.49,1.5,-38.224496653394134,0.0743408203125,14.622878794041156
id_uegn3hwrd2eo.wav,3.92,3.49,0.825,-42.97823165202526,0.11444091796875,34.04258832200258
id_3esgnjkbzg35.wav,6.64,0.62,0.425,-35.84237240323099,0.40594482421875,37.25107709040583
id_sgah2mvdos4g.wav,5.04,4.96,0.7,-31.748129439129986,0.269287109375,29.93610221703544
id_irmta5pf0hki.wav,6.32,6.21,0.65,-43.950927356326744,0.087066650390625,30.14478637091834
id_gvhn186kwh3i.wav,3.6,0.61,0.4,-29.533127367236283,0.424407958984375,49.89974396617037
id_0plh7lmm4xdv.wav,3.44,2.1,0.525,-21.75514487780857,0.9769287109375,41.168012738510896
id_g5qhz1fuoax2.wav,4.24,2.71,0.725,-20.75987085466779,0.830535888671875,29.73336337292891
id_ozmcxe61xnj2.wav,4.08,2.5,0.6,-48.522497602879625,0.045013427734375,33.67521562134536
id_xwsb8xlusaaq.wav,4.32,1.27,0.4,-32.267568161344826,0.312744140625,42.44734193058991
id_x8zqgpd1hgxv.wav,3.52,2.86,0.85,-26.102709967548172,0.894195556640625,26.910598509886814
id_t5a91uo9oetg.wav,4.72,0.97,0.7,-23.024830231657482,0.874481201171875,59.45379142859739
id_hgbtddej63bs.wav,4.72,2.66,0.525,-30.52987098277507,0.5994873046875,41.82937367179395
id_24u2mnvjarao.wav,4.8,0.52,0.425,-29.507296952090382,0.556549072265625,55.386425213504914
id_6wkd8x8kb6y5.wav,4.16,0.52,0.425,-23.142355170739975,0.862060546875,53.24985886504807
id_vk5godl30rzc.wav,4.4,3.75,0.525,-27.61865098407613,0.596710205078125,42.48580636772407
id_w5ffja120wyb.wav,3.76,2.54,0.375,-38.587205346508966,0.15472412109375,30.779596276877086
id_30cs2stw0ei6.wav,4.0,0.58,0.425,-25.146447743999325,0.6243896484375,39.93590111260337
id_80inn0wkzb05.wav,5.04,2.52,0.475,-28.603724407300525,0.688201904296875,38.18564366653945
id_jesalmts95r8.wav,4.16,3.87,1.175,-30.797302824930732,0.4315185546875,22.066981573733276
id_hl204k55hvuj.wav,5.6,0.58,0.45,-32.985254640339996,0.37261962890625,49.70193128777801
id_u8zgolwmag70.wav,6.64,0.48,0.275,-34.459367997627474,0.36712646484375,52.47634148063517
id_kdvvqhl70f34.wav,6.64,4.1,0.725,-24.77413717059737,0.8421630859375,55.2525419332624
id_kvftz2zupp8d.wav,5.504,4.73,1.0,-25.69312971307344,0.999969482421875,28.877210148427213
id_r6fcvel443af.wav,3.968,0.8,0.525,-25.988935946986015,0.593597412109375,37.14538320058492
id_9no3x3b6hu2c.wav,2.8,2.71,1.5,-45.07804928085103,0.04327392578125,16.878430904934888
id_8925m3vtl0w7.wav,4.0,0.79,0.65,-22.590782882675352,0.87750244140625,56.88217856097901
id_qg274aw5ymk3.wav,4.96,0.84,0.625,-38.67940792768927,0.1602783203125,44.40188598332437
id_e0dnfv6ggbzh.wav,4.16,0.61,0.525,-27.525488548843345,0.368408203125,42.04435990633467
id_x04cqytn8h7x.wav,4.4,4.13,0.675,-25.77434378464784,0.470733642578125,29.226400413331966
id_gc9tjh27qmkh.wav,3.76,0.66,0.55,-32.67109034641581,0.3927001953125,48.65271193780715
id_maih0d0aw7s2.wav,4.32,1.77,0.55,-27.01583940166217,0.4830322265625,38.544987371188405
id_7q3auqf46dp9.wav,4.864,0.77,0.65,-32.29312362249271,0.28619384765625,36.44025739725604
id_cpl3c1bxg2u0.wav,4.4,2.57,0.65,-46.39051687320131,0.394256591796875,32.06055979542732
id_rur4dgxmrs5t.wav,3.44,3.13,1.475,-31.15711954771088,0.36370849609375,19.835276252860062
id_98qzlkoo78am.wav,3.28,1.87,0.6,-40.863312870991386,0.10943603515625,34.4339854142994
id_n7bjha09a4tc.wav,9.984,6.93,0.35,-35.564069399596264,0.175048828125,44.33411584646388
id_qbuogj3a8wv1.wav,4.56,4.38,0.7,-33.35808546086811,0.325531005859375,38.246537366531086
id_fxywi03j4a6i.wav,3.76,0.69,0.575,-26.967791995933386,0.5791015625,66.42076990142242
id_nddoituuhfa8.wav,6.0,4.87,0.825,-38.486287068909576,0.182861328125,40.43859862117414
id_n9hutmr62qsa.wav,4.4,0.66,0.475,-34.206099751057884,0.364410400390625,56.644518871140335
id_laun2ypbxy0j.wav,3.12,0.48,0.35,-33.36455167138254,0.2276611328125,43.54558015510217
id_cza0t1pzjj1x.wav,4.08,0.63,0.475,-31.11837902297282,0.24920654296875,42.26980734744575
id_l5pve4vshynv.wav,3.36,1.96,0.675,-35.769496017836325,0.290313720703125,31.603317210323503
id_3ueye0th313i.wav,4.64,2.59,0.475,-32.32278230657545,0.498504638671875,42.33404121918774
id_llyxwan6x9ib.wav,4.48,4.03,0.95,-31.603521338828273,0.33697509765625,36.69442196996191
id_stkl65535rlv.wav,4.096,2.356,0.45,-41.133689143984675,0.3250732421875,33.659376392799096
id_2cm069q9psap.wav,3.04,2.79,1.425,-31.524779302349376,0.37799072265625,13.380561869642186
id_e7cz4t8zp3bi.wav,4.32,0.71,0.575,-33.902317280508974,0.31878662109375,45.37810366488765
id_5hqas66lf9gw.wav,4.64,2.07,0.725,-38.53464110287764,0.192840576171875,40.912148637139644
id_3b3j18291km9.wav,3.52,0.45,0.325,-24.800629501641378,0.76300048828125,64.11824477370217
id_9echjbql8ybw.wav,4.4,3.9,0.35,-33.141721681248804,0.347198486328125,39.129376835904154
id_a2davyfjue9s.wav,3.76,2.23,0.425,-29.801281609918963,0.489013671875,52.44892083052116
id_tnbrn7mqurnb.wav,4.08,3.22,0.525,-33.32224575131464,0.400665283203125,38.79714323238868
id_xuwmh29i7jf4.wav,4.24,2.84,0.4,-44.506752115839994,0.0965576171875,34.74074803860468
id_ctamqssqlgnz.wav,3.68,0.75,0.55,-22.97706057331557,0.852325439453125,56.43008230794317
id_i0vmezgoe8sp.wav,4.08,0.84,0.425,-38.90236189043946,0.116455078125,49.138151854499945
id_jud80yru7ozc.wav,3.76,1.93,0.675,-24.15389909702279,0.658660888671875,34.09911422474697
id_yqsyxoy7jbn4.wav,3.52,1.66,0.475,-27.918741158681357,0.452850341796875,50.969262191871856
id_mawvgiqkg5fu.wav,4.608,0.91,0.425,-37.98096408932263,0.278472900390625,40.70000482429735
id_vcmfmh6bmz55.wav,6.48,2.78,0.575,-27.764889493847274,0.466705322265625,34.25345850885191
id_owym10jkb4rc.wav,4.24,0.51,0.4,-32.29331262692281,0.328338623046875,48.02234840807436
id_9vqxiiue9my0.wav,4.16,1.21,0.475,-40.36962775249261,0.1085205078125,39.44582169208591
id_ewaw96gd4srp.wav,5.36,2.39,0.55,-27.16647383297424,0.510040283203125,44.702524008775995
id_f168xgix1zy2.wav,3.92,3.91,0.475,-26.58944963373848,0.765533447265625,24.792102805635842
id_qibuogfz57oe.wav,4.72,3.06,0.45,-37.80817437700547,0.16015625,43.10304682256209
id_91km4rrf8cde.wav,2.72,2.67,1.5,-34.63292219353784,0.089630126953125,11.122484396107772
id_3c8pexd17hxw.wav,4.16,0.7,0.575,-26.107748696214813,0.999969482421875,56.55284247872519
id_tgiav3vin4vn.wav,12.96,12.96,0.5,-34.09132975337917,0.5260009765625,28.5913437504352
id_m4zh9xjilejy.wav,3.84,3.82,0.6,-26.313763697232165,0.70758056640625,31.235692279239803
id_ms8zyeyy547b.wav,3.6,0.76,0.5,-38.14136796713675,0.1981201171875,42.563107632362374
id_d86tt17ppv8q.wav,4.08,4.08,0.7,-31.040745399781173,0.3585205078125,22.49581384482449
id_m81vludrfw3x.wav,3.36,0.65,0.525,-37.74963643122041,0.134307861328125,44.80858106473188
id_2pemurklavcr.wav,4.96,3.28,0.35,-39.15330798206839,0.1180419921875,37.9609995705553
id_x6ci9uzmk8jg.wav,4.16,0.7,0.5,-28.171687094877104,0.598602294921875,69.40069457645731
id_pmsvitbxfq4x.wav,3.68,3.01,0.425,-27.02202454235878,0.632171630859375,35.003325333645456
id_999i01g5vky9.wav,4.992,4.19,0.5,-33.03099786826691,0.38623046875,41.37477852366469
id_uo7uadcn2fvc.wav,3.76,2.75,0.35,-38.79358963995878,0.224395751953125,54.646643797046345
id_zlqxorfrvppw.wav,4.224,4.224,0.625,-20.75057184076045,0.7557373046875,34.60235090991651
id_ttoscaav1le9.wav,2.88,0.82,0.675,-32.51379048953544,0.32647705078125,46.7657031645152
id_fs3xtdik8wjd.wav,4.64,1.52,0.4,-27.32855087234693,0.725189208984375,55.714749931598966
id_amvqo5ytdzmu.wav,4.64,1.51,0.65,-34.483651046540025,0.287109375,43.40927183091398
id_yk7atyg8eb05.wav,9.6,9.53,0.6,-36.93863761677112,0.478729248046875,31.999019772426223
id_nspigpdvm6ts.wav,3.84,3.46,0.6,-28.348165673773487,0.480255126953125,44.14154873296195
id_6ljcok2j07f9.wav,4.96,1.43,0.925,-26.35226003560199,0.860015869140625,38.636504027018844
id_cobls5w8q948.wav,3.68,0.61,0.475,-24.428187340975185,0.60101318359375,48.92287949412066
id_n5vyz0fatyit.wav,6.528,0.93,0.7,-31.939335216567493,0.379547119140625,44.2055792229108
id_37wc2c4doc5l.wav,3.68,0.95,0.525,-40.645896707758816,0.229248046875,49.23556317523716
id_xox9ehp1pwnf.wav,5.92,4.45,0.45,-27.33224031598477,0.6103515625,25.106092319675863
id_93gfc4dud4du.wav,4.24,0.68,0.55,-31.256381643973448,0.389007568359375,49.1080912881251
id_mg90v0mjpp8o.wav,6.24,3.45,0.4,-41.83014241084844,0.13104248046875,32.26661096224761
id_1p06nl07alsj.wav,4.32,2.48,0.8,-30.827500718268986,0.440216064453125,42.15529263982017
id_3vnmo4woeq3o.wav,5.04,2.56,0.4,-26.260229638908555,0.999969482421875,49.58688188784904
id_jj60uf2fle0v.wav,4.48,1.01,0.875,-35.22370395359848,0.23052978515625,40.77572442929924
id_ntbhqknas0ad.wav,4.4,1.01,0.8,-33.715772415192326,0.310791015625,74.8995324415746
id_7a737rg5h2io.wav,4.0,1.11,0.75,-26.92906780034879,0.504730224609375,49.61108225096082
id_nibuyjvbt2fr.wav,4.0,0.84,0.65,-31.73636709775736,0.47021484375,57.91538799793575
id_npd8mjfjr44v.wav,4.4,0.67,0.55,-24.103124335493177,0.538787841796875,53.076491518811736
id_0apfh5fz93v1.wav,4.96,2.89,0.525,-25.766991604847888,0.932647705078125,48.8642832716428
id_p88p5a1vhzl2.wav,8.72,7.39,0.4,-37.39902366283339,0.35284423828125,28.921818158363568
id_j48unplyz5xk.wav,4.8,2.65,0.6,-23.585878287946503,0.84576416015625,44.962892340303185
id_40hja8nyywdd.wav,4.08,0.45,0.325,-39.94770484307277,0.30718994140625,62.86142673425548
id_hckhccpfvzwa.wav,4.8,0.49,0.375,-29.116163544965616,0.487152099609375,46.125562215019144
id_3cti04x488z7.wav,4.08,2.05,0.55,-23.973363657671925,0.5865478515625,34.80149084080341
id_8iotg6c3yrvz.wav,3.92,0.45,0.35,-35.27889556720429,0.222015380859375,47.7266429870246
id_ca1e1rlyiwa5.wav,8.576,6.34,0.45,-35.82595367416826,0.472747802734375,43.57767735422092
id_cfkeh6x36kk1.wav,5.04,0.86,0.75,-30.578078492055162,0.491455078125,38.604618034322954
id_r7m2e44fptlo.wav,3.52,0.71,0.575,-33.573070127991606,0.191650390625,51.70500044086386
id_fvptzbxp6hjw.wav,5.6,0.66,0.55,-27.00658824695571,0.8411865234375,64.138036073967
id_k2c2un1wo124.wav,3.68,2.82,0.475,-27.373899479120425,0.9068603515625,38.31729777870733
id_i4wm36h5jthm.wav,5.36,3.86,1.425,-20.478234883499166,1.0,26.84341475351402
id_ifq54h8b42wa.wav,4.72,4.46,0.5,-26.270924848274287,0.64019775390625,41.3286280993177
id_996icxksn4h2.wav,4.24,1.38,0.275,-38.24554136348312,0.355255126953125,42.66857812113237
id_k8u4moha573y.wav,5.12,0.89,0.45,-33.214167260479236,0.374237060546875,45.09296909698085
id_tsgy9tt0gzir.wav,6.16,1.79,0.55,-28.542779336013645,0.999969482421875,36.918295788609626
id_zrlwcbfl34lw.wav,4.096,1.42,0.5,-39.60911256095946,0.181396484375,44.089630948980286
id_u1e98cjp47jb.wav,4.4,2.09,0.45,-28.87227663104834,0.49774169921875,45.334749372823254
id_2ry6eauufzfd.wav,4.16,0.67,0.4,-30.43131599454307,0.646728515625,41.900707878705504
id_m67fbmpekvrm.wav,4.56,0.56,0.425,-27.384166233180007,0.88641357421875,55.58865508358839
id_hidk630o4ecb.wav,5.92,5.71,1.2,-36.08416014383494,0.28497314453125,19.19383607833653
id_17jlu6m2k0la.wav,5.28,2.77,0.825,-32.178712670302765,0.58807373046875,39.62220862873532
id_tmlv501e4lwv.wav,4.4,2.35,0.5,-27.59110216989757,0.636993408203125,42.535475965441016
id_wbq9ec6u2q00.wav,4.96,4.96,1.025,-26.975241946510668,0.47283935546875,27.581573020128445
id_5aept469ixxv.wav,4.08,0.75,0.625,-26.825570967258514,0.50518798828125,52.33785360714384
id_c84hg0o9hvmr.wav,3.36,2.66,0.375,-26.12215915962819,0.5914306640625,42.940875813188384
id_mrb5as033w4j.wav,3.84,3.84,0.625,-27.680966700700452,0.617218017578125,23.536985552083426
id_1pca3ef7fyf6.wav,4.64,2.0,0.5,-40.03641274837545,0.111541748046875,47.538392827030776
id_yj1mu48v0pe6.wav,4.4,3.93,0.5,-26.877308454267084,0.5406494140625,37.07716212648465
id_lz1n81k5lao8.wav,3.52,2.23,0.625,-25.94792437366594,1.0,30.30631739810496
id_uhr1078s9cro.wav,4.32,0.5,0.35,-37.876645512753164,0.182525634765625,48.35205076364546
id_f9u0m1q7uh1t.wav,4.08,2.05,0.475,-30.58647684887371,0.724822998046875,37.99131748685541
id_u417x7ecandv.wav,4.608,0.66,0.45,-34.725567997423596,0.273468017578125,45.37209146430534
id_xa69aswwmi5f.wav,3.6,0.52,0.35,-26.671119729996224,0.309295654296875,58.326041521669794
id_ttax9f0kpx0d.wav,3.68,0.95,0.625,-31.322149335600894,0.321319580078125,43.3097794889711
id_fem35o39b8qv.wav,3.92,0.71,0.55,-25.645091716949224,0.46759033203125,50.9056347199149
id_qrmjc2q53ifa.wav,4.0,1.09,0.625,-27.545745293880092,0.61376953125,42.409568087586955
id_mk7gl5456k76.wav,2.48,2.43,1.5,-35.5079572288803,0.143280029296875,11.594826247506937
id_km6w1onj8u1y.wav,6.08,2.08,0.675,-31.954458950204963,0.294281005859375,46.70035773790154
id_u6asbbej1msh.wav,3.36,0.48,0.275,-27.542301877896364,0.5177001953125,33.55019762977351
id_dqpq10c6c6hm.wav,4.56,0.74,0.6,-34.08306401992227,0.220550537109375,47.992316790018016
id_n7a9ge9ge95s.wav,6.32,1.0,0.475,-39.63009625828213,0.209564208984375,36.33966494000052
id_mylx1tis59h9.wav,3.92,2.42,0.525,-32.66318916948702,0.2952880859375,39.75416558667997
id_3q62kxbma49g.wav,5.12,4.97,0.6,-33.552220484166554,0.3233642578125,21.59651968638232
id_suxomp6mhxk8.wav,4.4,4.4,0.7,-27.88620623524347,0.96234130859375,21.953866809979274
id_z9zj3ypkrqb4.wav,3.92,0.54,0.425,-33.03817401038127,0.374755859375,44.99479930924525
id_9algfkobymge.wav,6.24,1.5,0.425,-36.45300187033311,0.3724365234375,37.41058985547596
id_5z6efqnnbbhu.wav,4.08,1.84,0.5,-31.324027068943366,0.528961181640625,41.553244460562524
id_9b7j5f1bx9h3.wav,4.0,3.89,0.4,-27.858151480561972,0.394256591796875,31.544279965459463
id_98nea0yc6hj7.wav,4.08,0.5,0.4,-28.7541858969761,0.42364501953125,54.69620454583527
id_ot22qlncnhwo.wav,5.04,2.64,0.65,-28.219703128910282,0.46221923828125,45.933975728077556
id_nfh0tlk17jna.wav,4.88,3.19,0.825,-35.4248141758748,0.2261962890625,40.91019875322914
id_zp6xupyvninu.wav,4.88,4.88,0.7,-51.956395363596705,0.0516357421875,15.717888548561334
id_feumcmuoupeh.wav,5.6,0.65,0.5,-36.4205705161136,0.130828857421875,47.759127807665664
id_r9lf1obkwslh.wav,3.28,0.47,0.3,-24.48868726611627,0.950439453125,42.8693681699856
id_wctjbg3g8ehv.wav,2.88,2.88,1.45,-29.919843877437632,0.26885986328125,17.55712807457561
id_xdmxt237mne1.wav,3.36,3.36,1.45,-32.3037277010218,0.288970947265625,13.982186474902136
id_82sqsmfamjmw.wav,4.32,4.23,0.925,-39.72310878169312,0.12335205078125,24.925723432225418
id_lj5jy851eqik.wav,4.48,3.96,0.425,-35.33053489752608,0.43096923828125,39.430947138888904
id_ukaqjv4y4t5b.wav,4.72,0.85,0.75,-34.01025857473263,0.17974853515625,51.7189457521061
id_147wp83monha.wav,4.56,0.88,0.4,-28.103182224614763,0.712310791015625,40.84073154553771
id_v5tmm90dgjgx.wav,4.4,0.8,0.625,-36.07938766923801,0.279083251953125,46.93557567182975
id_rjlalb8r1r8f.wav,5.92,1.37,0.625,-25.240934556140928,0.45361328125,50.98907638790578
id_e2sehuac48lq.wav,4.0,0.92,0.35,-29.78457537095375,0.39556884765625,56.521252033222055
id_id2aaha81obf.wav,4.08,3.11,0.45,-27.244899928132593,0.47344970703125,58.75450931479838
id_yqn812fljnu9.wav,3.68,3.18,1.35,-37.62696918851863,0.307373046875,17.992579855425298
id_tr8wep93h1go.wav,7.76,7.09,0.525,-25.07650438554592,1.0,42.34201963377699
id_sc7fyp1thu2x.wav,3.84,2.19,0.55,-30.552253816743168,0.370880126953125,45.70998882134386
id_y6dfegje2hr9.wav,5.2,5.11,0.775,-45.941030281191445,0.076934814453125,23.59998932420487
id_byn3xzfnsy3r.wav,3.04,0.49,0.375,-25.281154236286003,0.722808837890625,52.56593464975593
id_q9q0wovsxcum.wav,5.504,0.66,0.55,-30.60311419884579,0.58056640625,46.75315220380034
id_z6hnmu664s27.wav,6.96,0.69,0.525,-36.07114200542238,0.3963623046875,49.80739864915398
id_qux9rzi96eeu.wav,8.4,0.84,0.725,-16.243701997019144,0.80511474609375,50.56017437125836
id_zo4qx0w92lr2.wav,4.08,3.96,0.55,-32.228105532111975,0.25360107421875,35.79247703642321
id_zyjkvxony41m.wav,3.04,0.57,0.375,-31.880344559668,0.255462646484375,46.8890047395471
id_rnd6owwk8mfv.wav,2.96,2.9,1.45,-37.09438232328203,0.1092529296875,13.331633983880707
id_3xx4pol9dbpn.wav,4.64,0.45,0.35,-32.762740676640696,0.276763916015625,46.027791983024656
id_e27kxvgw6h0o.wav,7.04,6.73,0.475,-34.87395197359249,0.298004150390625,39.049424801006765
id_emdmuce9klz0.wav,7.168,0.69,0.55,-38.457681809562814,0.25042724609375,46.885197741829494
id_8nubxuowynl2.wav,3.2,2.89,0.55,-25.874331637066945,0.73553466796875,35.919459719477565
id_qp8wte1v4if1.wav,5.52,5.52,1.1,-28.93569940789166,0.815032958984375,17.73686483550797
id_jo6f1ef6uoqf.wav,4.736,0.63,0.45,-28.54147832753209,0.64495849609375,47.66145581381711
id_uxl1j3j54y0d.wav,2.96,2.96,1.5,-60.18648048250054,0.03338623046875,4.09596898918538
id_70bh729tyncq.wav,7.04,1.02,0.7,-31.086489981785693,0.45220947265625,62.213745293673064
id_ewtwnduwce0d.wav,4.72,2.43,0.45,-23.777123375700462,0.864044189453125,60.85566294060638
id_yty5uhlw4i7r.wav,3.12,2.28,0.425,-35.187795164169714,0.11761474609375,45.02897757500888
id_wxug71xacx49.wav,3.84,0.65,0.525,-25.899523049706936,0.722991943359375,52.30121617773514
id_wlu4pd772elr.wav,4.96,4.95,0.7,-32.136050460095646,0.339874267578125,41.83381958433324
id_akchazsbgsvf.wav,4.992,1.72,0.7,-27.114382831133135,0.769378662109375,49.39907218647297
id_pvaegwba4i1n.wav,2.96,2.93,1.175,-35.31135833228353,0.38800048828125,12.424018873967057
id_jlmxp80dttyz.wav,5.76,2.08,0.425,-37.39650193826731,0.9000244140625,53.549406894909545
id_rx4x4kbpowd8.wav,3.68,1.14,0.775,-34.0300642231715,0.268646240234375,37.814993351004475
id_5jqz43oi87uv.wav,4.88,3.44,0.5,-46.32374761620602,0.114044189453125,42.75619498688435
id_g8niq1662n07.wav,2.72,2.63,1.425,-39.06877635934172,0.06201171875,19.06116926627613
id_f78cls1lk3x9.wav,3.584,0.55,0.425,-28.86259769641972,0.341888427734375,48.843628236782635
id_69xkivr12erg.wav,3.84,0.92,0.7,-34.56901086841535,0.218353271484375,50.21680187466475
id_ksqxnkp4pdac.wav,4.608,0.65,0.525,-29.297848860350722,0.385833740234375,43.983911323230544
id_exincp2hp1hk.wav,4.16,4.1,0.575,-47.7356207102251,0.0858154296875,24.94948479513456
id_puh6xvv68eo3.wav,3.52,2.38,0.6,-28.036935484404744,0.623321533203125,29.786669912884545
id_mwamzw2c6i3j.wav,4.096,1.6,0.525,-37.352789561203686,0.255096435546875,46.11818851004384
id_qruwwpigk99v.wav,3.84,3.84,1.325,-26.03264935724901,0.558746337890625,31.846758635693664
id_2xejronlc160.wav,3.52,0.71,0.525,-33.97971945295876,0.218017578125,47.77615805349433
id_ngup57bbw6q2.wav,6.96,6.76,1.15,-42.45414471397034,0.0765380859375,28.399098246253168
id_cu7i49j6ilrl.wav,4.4,0.58,0.3,-29.800176819351314,0.751220703125,45.261644566477635
id_xf02grhew135.wav,4.8,4.39,0.75,-32.147743959690075,0.271331787109375,31.97194802409568
id_nlwhtp8hfxeq.wav,3.68,1.38,0.5,-34.2454652914186,0.1839599609375,40.0993343486395
id_he0ob6dogs97.wav,4.88,0.64,0.525,-29.29268466575929,0.373992919921875,42.485805796960875
id_ypyewm9khlq6.wav,4.4,4.35,1.4,-35.57700238146421,0.225860595703125,17.722445701263553
id_t05pnvk9qq7f.wav,4.16,4.14,0.95,-31.967787014616185,0.32513427734375,20.617134261352803
id_f8ipidfmi08p.wav,3.968,0.78,0.6,-29.524362174566974,0.32977294921875,45.83724933306711
id_t1da9qa75ij7.wav,4.48,2.33,0.55,-35.64225953116499,0.312530517578125,33.758226789089846
id_dzqiug5bh3ga.wav,4.224,2.65,0.525,-32.921894548495686,0.40203857421875,42.27675221957304
id_0ktq3i2jpy2w.wav,4.08,0.47,0.375,-30.291904922034895,0.592864990234375,48.218924640678296
id_ih8l87227ioj.wav,4.0,0.75,0.625,-26.44385688539257,0.396270751953125,67.1577743620644
id_8h2qqnmzu34w.wav,6.4,4.49,0.875,-26.2523216794284,0.70184326171875,55.65460027549233
id_xi8w5woehel0.wav,3.76,1.0,0.5,-44.02920031566729,0.14361572265625,45.938810268967174
id_4birzk2y5nqm.wav,3.6,3.47,0.7,-38.70499809813219,0.126922607421875,24.189045816475385
id_gmaozh4gx3tj.wav,5.12,4.65,0.7,-25.415211336459464,0.990264892578125,28.527826170810933
id_43hskuczqt8f.wav,5.36,4.2,0.5,-34.892902077060924,0.27581787109375,34.521309419224565
id_nswg7mk7va9r.wav,4.32,0.58,0.4,-31.454338282473163,0.339080810546875,65.68493690830685
id_azb266350h50.wav,4.736,0.64,0.5,-35.845670895626476,0.19342041015625,42.00005173270353
id_c7dw6shdeixa.wav,5.28,0.85,0.625,-25.693070331615353,0.994537353515625,38.45257039511433
id_pub7jdwi5as0.wav,4.24,0.97,0.85,-30.178836502335358,0.298431396484375,50.738595707678456
id_oxr2xgxjwdof.wav,3.52,0.58,0.475,-21.540052927545027,1.0,63.774345605517155
id_6znz10z453pe.wav,4.4,3.99,0.75,-34.133894987460046,0.2479248046875,33.62923365779557
id_vzpm6dzyyzwo.wav,4.4,2.18,0.65,-23.929798566067152,0.859375,28.602080545583142
id_q84q2q7bq4bw.wav,2.72,2.68,1.5,-38.515964165955516,0.1009521484375,15.109325283937864
id_x4z0rpfac3p5.wav,3.76,0.51,0.4,-25.161160461733157,0.89080810546875,66.31408000586976
id_i30i9o7kvbrx.wav,4.4,4.32,0.825,-32.255059440523034,0.38079833984375,27.405223115397188
id_e6ymg5ire7dl.wav,3.92,0.71,0.6,-22.79613981452032,0.698822021484375,50.45574424104717
id_ov8y90pzeu2a.wav,5.68,3.61,0.375,-36.169447902241295,0.2340087890625,38.60906018520102
id_tiiqh6uq6s2f.wav,4.08,0.83,0.6,-25.898573386445168,0.667266845703125,50.44621410874497
id_21kh3svcm4pe.wav,2.64,2.47,1.5,-40.60702604157566,0.074615478515625,16.043724649606006
id_t80o7sz4xdp8.wav,4.72,1.45,0.85,-22.954599270597583,0.548736572265625,43.36656773600609
id_0tohz5ikljpv.wav,4.08,2.54,0.475,-35.36185376573254,0.4237060546875,42.13112248384705
id_nu53u7qq2eqq.wav,3.68,0.55,0.4,-29.441328821456825,0.665130615234375,48.70879976489481
id_n0b19o814lva.wav,3.76,2.24,0.55,-32.932125560242625,0.334991455078125,45.97570414011046
id_rbs4t6u17ptu.wav,3.584,0.54,0.425,-46.21980853981032,0.069183349609375,37.37276828687651
id_qtrotyfmkb31.wav,3.36,3.05,1.325,-35.79924109399262,0.18072509765625,17.9204864154294
id_zlisv15so550.wav,3.84,2.42,0.4,-26.141325517118528,0.828094482421875,38.40156353218829
id_814fhho3sn0f.wav,4.16,3.79,0.475,-32.26711653717247,0.418121337890625,30.594415828876997
id_x6tdn33uk9yo.wav,4.32,2.57,0.55,-38.66143810331471,0.47003173828125,46.542557826056765
id_k7l8oc4xyki9.wav,5.28,2.12,0.4,-32.097583238469966,0.45123291015625,34.32503469419372
id_yz6kpzaolg5w.wav,2.8,2.54,1.025,-38.07452081554982,0.079864501953125,24.493739232327293
id_zioknmlje2mb.wav,3.92,3.6,0.5,-40.44959799622795,0.14410400390625,40.61725734322234
id_a03er93r6nbq.wav,3.6,2.93,0.425,-33.845803738631425,0.40093994140625,35.52082905653163
id_qhlxzool2zt7.wav,5.12,4.97,0.975,-36.01402387555924,0.33660888671875,34.23169937046649
id_yuh8kg7eqwii.wav,4.32,0.55,0.425,-30.843563097144056,0.39312744140625,41.06164371950051
id_rzobe4929vva.wav,3.2,2.96,0.925,-30.86345238188178,1.0,23.482736689954493
id_l3qrdjozytly.wav,3.52,0.93,0.45,-29.52526838478052,0.51214599609375,39.05783385683111
id_xxn9im3phodn.wav,6.24,0.59,0.45,-28.461028121494344,0.9725341796875,48.80004342723993
id_dhl5kxzw5h4f.wav,3.92,0.46,0.35,-41.46971059793338,0.1956787109375,62.056055793503916
id_7sanlvwvwtc5.wav,3.28,0.51,0.375,-38.11681101255719,0.20111083984375,43.90999656099699
id_i7bhjngq0udn.wav,4.4,2.86,0.65,-41.24415511512449,0.106170654296875,37.975915559156526
id_9dco88ww4u9l.wav,3.68,0.56,0.325,-36.51426562327402,0.16143798828125,52.249212443298006
id_gjkontl43qo2.wav,2.96,2.91,1.5,-36.911300156531325,0.0982666015625,10.211665859747185
id_kgy2lz5md9dr.wav,3.68,0.63,0.525,-25.612658345384833,0.447998046875,47.750659402725084
id_ckiqpghhkvfc.wav,4.64,0.71,0.525,-31.554085762406558,0.470367431640625,42.371138388213794
id_xki2dk89yptn.wav,4.224,3.14,0.45,-28.220879459845104,0.65966796875,41.82178856481143
id_ipweb3j00wz4.wav,4.096,1.0,0.475,-32.48041566592462,0.210540771484375,44.825451792461415
id_w4gf0et7lk6i.wav,3.92,2.06,0.625,-45.33689777585841,0.0458984375,41.012616936061406
id_ghrgzuhl8mbj.wav,4.864,2.01,0.725,-32.82066125970627,0.364501953125,34.01680287847188
id_fofhuqacfuwg.wav,3.968,2.43,0.425,-40.416328204254214,0.2135009765625,37.79801518741894
id_tev1xagtrqgm.wav,3.92,0.8,0.425,-32.490233463294494,0.54083251953125,36.40536352818751
id_zcelebrc88yo.wav,4.608,0.47,0.35,-26.223610684669648,0.613128662109375,38.6844823037944
id_1z5um2jl4b7m.wav,5.28,0.76,0.5,-34.92390687796872,0.24554443359375,52.81010065226446
id_aj6vlplkwue4.wav,6.4,1.26,0.7,-28.765292391008064,0.860198974609375,32.42798021542993
id_6d1mgmzblv9z.wav,3.44,1.26,0.675,-34.29929201745686,0.181976318359375,50.400661771633054
id_yvotvkq12670.wav,4.32,2.42,0.65,-23.24257212761152,0.933624267578125,60.694787652541095
id_mk29z4c8atn3.wav,5.68,3.15,0.55,-31.760723729523804,0.54498291015625,29.453987844552376
id_co06qtb6zwyp.wav,5.52,0.69,0.575,-36.00879586699355,0.163421630859375,49.04378335181831
id_nxjsea2t8y02.wav,4.0,3.31,0.4,-23.397509908454467,0.635955810546875,30.944275546473
id_50livgpkivvz.wav,8.16,0.72,0.575,-31.09947500146663,0.352325439453125,51.74109889361003
id_41xea6fn8t1c.wav,11.68,6.76,0.625,-33.4767429358623,0.537445068359375,44.41323013513198
id_tl1iphni82w6.wav,4.08,0.8,0.675,-21.7449099389944,0.860626220703125,61.330105850215475
id_fu28r8oo9v13.wav,5.52,0.81,0.575,-27.363222980120177,0.92266845703125,56.48576438296278
id_6ya7d8qx6r46.wav,4.16,2.75,0.4,-38.88865208259254,0.193267822265625,31.686317374401842
id_lgr966u3pebb.wav,5.2,2.61,0.425,-34.33460028990743,0.491912841796875,29.026659998304467
id_3cw194u32c0b.wav,4.48,4.24,0.55,-22.659012045938546,0.911712646484375,29.997428873194792
id_vsl52wjsq41j.wav,3.2,3.2,1.5,-34.58895254002741,0.30413818359375,10.95557182969548
id_ggxbrl6mikyu.wav,4.48,3.02,0.675,-48.97367561077263,0.0596923828125,31.87726543676488
id_vzq0eb74bq4y.wav,4.88,4.47,0.975,-24.503834081156278,0.679412841796875,27.87328902855806
id_i62hbq2pw2ya.wav,4.24,0.8,0.7,-29.19174052895822,0.43218994140625,42.17266504437588
id_5gs9hjwf0nlc.wav,4.4,2.54,0.875,-34.049639388289904,0.37249755859375,31.69411403783117
id_3opl9t97kb8b.wav,4.96,4.72,0.45,-34.88481909438494,0.33721923828125,37.71533309532957
id_adx0ht2hzyk5.wav,4.72,0.73,0.575,-28.628151353161858,0.496734619140625,52.8165415923704
id_w0ii9epsol9d.wav,5.36,1.53,0.7,-34.99846798983335,0.298095703125,47.36749514525109
id_9a1akumeinco.wav,4.8,3.11,0.925,-24.652792249225737,0.85333251953125,34.2879330878267
id_rv7mss7eff3w.wav,4.096,1.86,0.475,-29.51098207059672,0.51898193359375,47.58909989442287
id_h9y09ew0ur5p.wav,5.68,1.47,0.75,-30.556064005520845,0.437164306640625,41.053559180313975
id_gwiokuy33zhv.wav,6.64,5.49,0.5,-24.600063319856407,0.69573974609375,39.22305191756658
id_o8mcyt7x8r91.wav,3.84,3.84,0.8,-25.846003981639175,0.566741943359375,27.804567905339695
id_ug62m8m2bhwz.wav,3.52,2.09,0.425,-25.535257761961816,0.74053955078125,29.77043992176323
id_xixoot3gzbug.wav,3.76,3.75,0.775,-26.560232882785183,0.736297607421875,26.62839951195701
id_345mh52fjket.wav,3.84,0.55,0.425,-34.07059545566375,0.520599365234375,67.99507954563379
id_0mnfgv0d5pdt.wav,3.68,0.64,0.5,-24.637390287015858,0.649810791015625,59.13162924139245
id_fwtshp5pwegd.wav,5.92,5.84,0.425,-29.259621801187574,0.50140380859375,41.27704121202781
id_20ky0ddmrc3g.wav,5.04,0.55,0.425,-34.0053198692351,0.260467529296875,50.027293374591416
id_9ur53br1onh6.wav,3.76,2.07,0.4,-29.725696330268665,0.511566162109375,40.15713378168409
id_hs38evfn32te.wav,5.12,0.67,0.55,-36.94328433395802,0.219940185546875,47.33066943053238
id_syxtdgknf2me.wav,4.24,3.14,0.625,-43.76092982708456,0.066741943359375,29.63669886259624
id_vcc1uosd2ifq.wav,5.28,2.51,0.425,-30.7017217814535,0.563018798828125,48.1857642243266
id_5riqzs5g5g5r.wav,4.16,0.72,0.6,-22.43780037964878,0.870574951171875,61.22283580500557
id_iw13i7v50p4w.wav,4.4,1.53,0.4,-22.40591152725522,1.0,42.24570959286603
id_de0jab6r8t7c.wav,4.24,3.63,0.4,-41.85547255744381,0.13555908203125,32.08855805383361
id_4ycyr4jpvbs1.wav,4.64,0.55,0.4,-23.35369575305634,1.0,34.188407458097814
id_mq9a0kmgtec9.wav,3.92,0.85,0.525,-33.0168411220327,0.366119384765625,46.85233548107662
id_i73xsvg81glx.wav,3.04,2.74,1.275,-32.42239568101172,0.41839599609375,15.50862749330722
id_3kgcbbc0iujy.wav,6.08,1.89,0.575,-20.674227596825588,1.0,47.64725309454563
id_a8suqbtwhysh.wav,2.72,2.61,1.5,-34.62200859980413,0.113525390625,14.422957196110517
id_yjb9rb0t14zh.wav,3.92,0.7,0.475,-34.31946865589598,0.40966796875,35.99745891267641
id_1225z4zxeq84.wav,4.4,2.17,0.45,-33.59499469181542,0.338836669921875,41.91738963073178
id_oiy2ogpk040t.wav,6.16,0.81,0.65,-34.5028163482328,0.25640869140625,44.43574546011253
id_tfm8c5hzwzfb.wav,4.4,3.41,1.1,-37.316199240621174,0.10528564453125,30.162937566835033
id_bs8swae5544j.wav,4.56,0.6,0.425,-23.613038879098106,0.85601806640625,52.461099961287275
id_91p3i9pqe9hy.wav,4.4,0.71,0.575,-21.5858880958534,0.999969482421875,62.32409827235449
id_vzlk6benugxk.wav,5.28,1.14,0.475,-40.52850435683024,0.17462158203125,50.22347974898486
id_0ht9cbvfkpsi.wav,4.56,0.82,0.7,-27.250155474635115,0.812896728515625,65.91806765405981
id_4aqkjof6trnz.wav,2.8,2.66,1.5,-35.291818301590155,0.10467529296875,12.932311114929888
id_rzgxhzd9xcbk.wav,5.2,5.2,0.375,-43.91553782788292,0.143310546875,19.02583043726755
id_9nulh7pemzeg.wav,3.76,0.74,0.6,-26.39670739482507,0.44049072265625,48.99982601415471
id_nirrcao72424.wav,7.36,2.51,0.525,-34.613735623681094,0.281951904296875,49.32838987462874
id_4mozo4mixmgt.wav,4.24,3.96,0.35,-31.80833596543703,0.474700927734375,42.0951126586088
id_1u8nswfbpcgc.wav,4.4,1.55,0.675,-22.9471379355871,0.730712890625,49.56437613194803
id_wndyeolegfxh.wav,8.56,3.47,0.875,-27.423177981615716,0.549835205078125,55.10887836067318
id_51rwvuwscd6t.wav,3.6,0.52,0.35,-26.835492716129792,0.849029541015625,47.87021929318065
id_6xgbwz7xb29x.wav,4.608,2.8,0.65,-32.94502562998814,0.365997314453125,41.09589349111134
id_riz8n3zgu5nc.wav,4.48,4.48,1.475,-38.84238713535338,0.242279052734375,8.58440023471853
id_s0l2eqc0e522.wav,5.92,3.93,0.8,-20.154835552899968,0.797698974609375,41.77146672950207
id_m7mth6eiulae.wav,6.16,3.06,0.425,-22.51847002466667,1.0,47.35074025995309
id_2mp42y9eolei.wav,6.16,3.56,0.625,-30.467648738731967,0.3822021484375,45.67075286866431
id_y292nl3x6duc.wav,6.88,6.22,1.45,-28.257937504722655,0.518524169921875,22.475157622218774
id_ena9f14dzgws.wav,4.08,0.86,0.525,-37.98740219534115,0.0960693359375,51.15532621345594
id_eo443xz6dvrv.wav,4.32,0.75,0.625,-20.052620363693457,0.844818115234375,63.43244789511375
id_zfsva8itxhyl.wav,6.4,2.4,0.75,-33.7944155625969,0.4820556640625,65.33793091913658
id_vtdtoem9lcbh.wav,3.84,3.82,0.4,-26.822594064959347,0.749053955078125,27.532642543598676
id_8lifroyelt05.wav,5.6,0.73,0.6,-29.00018780244871,0.528228759765625,41.27288383608298
id_zho37lfbspm4.wav,3.04,3.0,1.4,-39.14503507644868,0.05865478515625,21.736433550532432
id_piba0aw4b8e5.wav,5.2,4.54,0.5,-35.45152508215559,0.299591064453125,29.757728819779906
id_x8d7cnlq6vv7.wav,3.68,0.94,0.575,-26.465836393535117,0.423553466796875,50.0741395237723
id_4xvr6mnh173e.wav,3.44,1.24,0.475,-38.542504888231996,0.10595703125,45.00363466491041
id_d6xmsr50qx6z.wav,7.52,0.63,0.5,-32.66630383096083,0.24957275390625,44.115436546688485
id_yuxmgr2iktdd.wav,4.48,3.56,0.6,-36.702037135503176,0.250396728515625,33.94235554094027
id_cc8vxfipo0xl.wav,4.16,0.63,0.55,-24.07014432331649,0.85418701171875,67.73236458045463
id_zoz8ybdijbx2.wav,3.52,2.51,0.55,-25.534604457019825,0.784423828125,30.163752487804004
id_cdq0rupm70rh.wav,4.096,0.78,0.55,-35.7028337076082,0.260223388671875,40.39941036697532
id_dop3zy41jru9.wav,4.4,4.37,1.45,-29.769825753218342,0.3822021484375,14.190427366706107
id_lrf0h0g1mj25.wav,3.52,3.22,1.25,-35.05805683325396,0.34051513671875,20.090207145342028
id_583akl40fz8w.wav,4.0,2.87,0.85,-32.971804684109046,0.15301513671875,32.40077463958079
id_fk10kj62cdhb.wav,3.44,3.22,0.775,-34.209210207047924,0.3184814453125,22.598659280575706
id_blovoxmwftrc.wav,6.32,6.31,0.625,-31.568553373268685,0.545623779296875,22.810321242466262
id_6uhocblb2f13.wav,4.08,1.81,0.475,-26.633719626147073,0.613861083984375,36.79808158565909
id_i4h4403hmxza.wav,6.64,2.17,0.35,-35.76314233495811,0.358673095703125,43.35003101578351
id_50detx17vfnl.wav,5.36,2.16,0.575,-21.895814069732143,0.999969482421875,56.38845991230149
id_u37s6o9yqmbi.wav,4.0,1.21,0.45,-32.43259654791144,0.4942626953125,36.902666148751464
id_o0zfl0p4z3zi.wav,3.6,1.09,0.6,-33.127953360624126,0.14752197265625,52.21358344759781
id_1ql8dauqjt9h.wav,5.28,1.38,0.95,-37.13087022145852,0.17645263671875,74.47848154242435
id_83cvn96lvva4.wav,4.16,2.55,0.6,-38.30006865401317,0.16021728515625,39.587162672727644
id_c0ka8r2msnny.wav,3.968,0.77,0.65,-29.84113042301059,0.497650146484375,45.07485156370595
id_kn21halmjk27.wav,2.96,2.9,1.5,-34.12664154409315,0.126953125,10.461993963593542
id_im1q04zeyt3q.wav,4.32,4.14,0.775,-20.42735222447146,0.758392333984375,27.810955209632205
id_pefhp826n70s.wav,3.84,1.64,0.525,-35.2568503723769,0.390380859375,34.70299944065191
id_yo0fjz1tsib4.wav,3.12,2.84,1.1,-39.09076074132473,0.2255859375,17.535311366703283
id_9tru1lc6krfs.wav,3.2,2.97,1.35,-37.53938858014828,0.249176025390625,19.373393758172213
id_6ieub8u26ta7.wav,3.84,0.65,0.525,-32.32513260443205,0.24383544921875,44.214011228659345
id_eir4zy1xw023.wav,3.44,0.4,0.3,-30.437361303607187,0.34405517578125,58.164681237914465
id_rjweuxpntwsk.wav,5.2,3.21,0.65,-26.423024027812943,0.51531982421875,37.62789661645539
id_f44ovneaoaqi.wav,2.64,2.25,1.5,-36.18696185834275,0.0870361328125,13.36812688890869
id_v52asgqtlu7q.wav,4.48,0.67,0.4,-35.516352809594515,0.231353759765625,43.44413055186038
id_5htphtiy5uac.wav,4.64,1.18,0.65,-33.37545794734157,0.363067626953125,44.050486723618164
id_85e06krywulo.wav,20.48,17.6,0.4,-27.858752021491004,1.0,19.97409575309126
id_t4k4vmxpvwjx.wav,3.968,1.22,0.325,-30.728374348180687,0.47015380859375,51.04883834056922
id_um8apj5nb2dd.wav,3.28,0.49,0.375,-27.01481733087047,0.349700927734375,36.608953398251785
id_qms4q15m1iz9.wav,4.8,1.76,0.675,-32.070122954647296,0.351776123046875,48.88990497674276
id_2f202evzhjwk.wav,5.92,4.73,0.55,-32.95913354977645,0.231597900390625,39.02786715338939
id_zr0xk1egf1gr.wav,4.64,4.12,0.85,-21.44128651970164,0.631256103515625,34.485275021690825
id_5csagw7engwe.wav,3.968,2.89,0.475,-40.65309252729887,0.17132568359375,31.150941590203136
id_aa4rfxdldxt1.wav,2.96,2.83,1.25,-47.41628277729305,0.04107666015625,16.00961044542889
id_qfw5p9ufsrvf.wav,4.224,2.95,0.45,-30.871940660008406,0.318939208984375,45.68428456110958
id_z2wzpoehg6wd.wav,5.84,2.67,0.5,-45.80439369941317,0.0972900390625,47.58346620597047
id_q021be5oa4kg.wav,3.68,0.43,0.325,-36.195848262932465,0.211700439453125,66.5349428150082
id_vlncix0q7p3z.wav,4.88,2.26,0.5,-38.43638881949333,0.1566162109375,42.12287062375819
id_lie6717iixch.wav,3.6,0.5,0.375,-24.44437948545375,0.8472900390625,65.72101628742612
id_hnsywr8cukwq.wav,4.4,0.71,0.45,-27.862005150036282,0.412322998046875,59.88491740018161
id_12kj458pm4wm.wav,62.08,56.06,0.65,-55.266488024815736,0.11932373046875,24.69294911982699
id_kcbxg1tpsoez.wav,2.72,2.66,1.5,-36.66756153309373,0.071868896484375,9.308119130160023
id_l6w1d92pnboe.wav,3.92,0.53,0.4,-36.13325008340807,0.226043701171875,66.51535036789168
id_aymt8v1bq9ln.wav,4.08,3.81,0.325,-35.24837172976681,0.52471923828125,28.658903946937293
id_5i0jv5c3sgov.wav,3.68,2.11,0.45,-25.53290976234187,0.598724365234375,32.61360467043853
id_i4ct5vw7d8i3.wav,5.376,1.73,0.775,-27.477391980645166,0.3363037109375,51.176424073489855
id_pk2jhicvhx6l.wav,4.0,0.63,0.475,-40.34260848765377,0.16741943359375,39.16317026873556
id_4kj20r8dgbcl.wav,5.44,5.42,1.225,-33.744623538333364,0.20361328125,16.12961517915138
id_syqthfv83eu2.wav,4.88,0.96,0.825,-39.681263150567275,0.1768798828125,47.63781719211262
id_a3y5q4eouq14.wav,4.4,2.6,0.8,-35.79767606260753,0.14678955078125,34.6197153067244
id_viqggpkqt62k.wav,4.0,0.57,0.45,-33.14104272183513,0.3302001953125,44.78164492784756
id_7izpg0ych4rw.wav,2.96,2.7,0.8,-36.03710043765955,0.162811279296875,24.769059325774066
id_nfjcckzsbq7l.wav,3.44,2.66,0.55,-22.45659145865742,0.714569091796875,30.248952781563194
id_cjhhxujadkd1.wav,5.248,0.57,0.45,-33.70742556093652,0.259002685546875,45.30007976137583
id_y4vdh5mfrwey.wav,6.8,6.36,0.375,-33.66284636073212,0.342437744140625,32.47590875279204
id_gzdbwu53bs8p.wav,3.28,2.58,0.425,-26.572043004294564,0.538330078125,31.138550903989287
id_6cx0xnon41r7.wav,4.32,0.53,0.35,-30.496838261851384,0.423370361328125,65.77558403594657
id_2ktye9zaa2ib.wav,4.56,0.65,0.525,-33.9068460431252,0.331390380859375,40.914699473314535
id_8k6crundu3kp.wav,3.968,0.65,0.525,-29.00316126214987,0.32012939453125,46.221872386448105
id_r4fdw6zey6h5.wav,4.08,0.65,0.475,-35.80675336578119,0.4422607421875,35.239677830778405
id_32ljffjeq9hv.wav,4.16,0.55,0.4,-30.06081595299196,0.734375,44.77591548213645
id_fodcl1jx4lqe.wav,5.68,0.66,0.525,-32.58479472846546,0.378570556640625,49.97169220586896
id_8o9d6pv0d83x.wav,3.2,3.03,0.475,-27.05019712232183,0.55084228515625,41.04769854910332
id_02gnxhol6cek.wav,6.24,6.18,1.475,-29.574381751863775,0.49853515625,12.312150465604809
id_tzm32rr48n5w.wav,6.4,2.19,0.7,-25.95341341906957,0.50238037109375,47.23579405820618
id_w33nxjq309ps.wav,3.44,0.97,0.55,-28.234372653749592,0.672515869140625,39.49915283518854
id_8asieqiabxry.wav,4.4,0.73,0.5,-36.297670588483285,0.3209228515625,41.15789211187441
id_489h1yy8isqf.wav,5.84,0.58,0.475,-38.01100062700766,0.154296875,39.03349672598558
id_mohxcpritor5.wav,4.48,0.7,0.575,-24.23216476025346,0.999969482421875,59.33584027895675
id_chgafchv9ekb.wav,3.52,1.76,0.4,-33.12372051671283,0.228302001953125,40.815909235258985
id_hfzkutnntkry.wav,3.12,2.84,1.325,-38.50259812117792,0.085174560546875,19.732530903467563
id_cl5uflpzrbdh.wav,5.04,1.31,0.4,-31.787083927902586,0.346771240234375,41.1028809546484
id_ogfqucldczdi.wav,4.88,0.62,0.5,-32.921176143964026,0.217681884765625,50.25571349417751
id_gtevr057d2aw.wav,3.12,3.04,1.4,-32.771370058556634,0.36773681640625,12.109125315036167
id_uy2jhz3invwn.wav,4.24,0.78,0.65,-42.48021317809258,0.1109619140625,40.941980027921524
id_g6hsce7h537v.wav,3.12,2.84,0.525,-35.24718125588142,0.1934814453125,26.098943263820814
id_t9bpu4nrntbp.wav,4.24,0.73,0.625,-27.276182925588643,0.35748291015625,54.70602335399714
id_r7ikno16olyy.wav,4.88,0.6,0.45,-39.082667437201025,0.1143798828125,57.08815864209157
id_p7a9mnxtqs1h.wav,4.8,1.99,0.55,-34.47627829828121,0.380523681640625,51.12562026339348
id_9w77hksiehjz.wav,4.0,0.61,0.5,-22.309098879338016,0.92486572265625,66.3989088737868
id_dho7rffjkerr.wav,4.096,0.66,0.525,-29.733839670356915,0.313507080078125,47.04719922923466
id_bb66y0viihas.wav,4.48,2.4,0.5,-31.647043736937235,0.5091552734375,38.581357545395825
id_cqmqhjphla61.wav,3.44,2.35,0.35,-35.12336921871445,0.2550048828125,43.818311257307954
id_j1x6uhu3n2we.wav,7.84,2.98,0.4,-34.16273803917151,0.449737548828125,44.91665701303539
id_culi97ofngzy.wav,4.88,2.22,0.675,-35.84975235390017,0.221099853515625,44.60306070646882
id_nbrsx68e9jr9.wav,3.92,0.59,0.475,-24.606651893900096,0.86553955078125,60.10960136998227
id_tr4hymlcrara.wav,3.968,1.89,0.8,-26.965411869943942,0.5772705078125,44.09857028682832
id_kxbr3dytq5dx.wav,4.16,0.76,0.55,-26.969290462018204,0.863616943359375,60.741611941100146
id_titz229joj6r.wav,4.32,3.85,0.9,-33.49289827341093,0.149993896484375,27.546970805903086
id_p5mczc3rv2wk.wav,7.28,5.0,0.9,-22.549995648467572,0.40936279296875,40.35952197130229
id_0rldcyf1apsr.wav,3.12,0.66,0.5,-34.55385918465944,0.337799072265625,49.40538221927348
id_3f0f1a4qhqfl.wav,5.12,0.73,0.6,-28.835988742844947,0.4093017578125,52.036262237027586
id_4ekokjn22blu.wav,3.44,0.69,0.5,-30.278700534889353,0.40423583984375,52.476795480058954
id_4kl16xjhh58q.wav,4.16,3.55,1.475,-30.901662431925008,0.22930908203125,22.871844743113833
id_tdq5nsp5nqkd.wav,6.0,0.62,0.45,-36.50106253244774,0.33795166015625,35.3833097659684
id_g1jm3297ckjs.wav,4.352,1.41,0.475,-35.54397041714677,0.32275390625,41.3008550192864
id_1w90rczhccbe.wav,3.92,0.64,0.35,-31.076888430331564,0.8641357421875,41.47098926144632
id_h0l8v1nrftff.wav,4.16,0.56,0.475,-37.088216974954605,0.2777099609375,43.1392987902568
id_dym9btiw9dfw.wav,3.36,3.25,1.5,-33.54442320032786,0.240692138671875,9.097363169613182
id_umbuepm9uafo.wav,4.16,0.56,0.4,-33.30773626467688,0.42864990234375,43.82089363904738
id_3qdd657p8dwb.wav,3.84,0.74,0.45,-32.37381273547891,0.359527587890625,53.65424519440971
id_bn2k6z1gdom4.wav,4.08,2.05,0.6,-30.72256713594896,0.386138916015625,44.48074709458627
id_6raxm4w4urxk.wav,4.224,0.89,0.675,-30.88429424138519,0.320892333984375,49.861926387169206
id_tmpjxehuvwg8.wav,6.96,6.46,0.775,-34.28142723610851,0.383697509765625,34.037392645631364
id_dkx6g782c0tp.wav,5.28,3.37,0.625,-35.62474306607692,0.25555419921875,43.087308013510395
id_algcdtnmm5au.wav,3.84,0.61,0.475,-32.61095532839856,0.34967041015625,45.083183242254094
id_e861ybwel9u4.wav,4.0,3.41,0.35,-32.854254693367665,0.41375732421875,31.58462702807339
id_l1ht58cf4nxm.wav,3.76,2.85,0.4,-26.093485429227513,0.4837646484375,45.08489125739065
id_gdwvn4v9f7cg.wav,5.28,2.29,0.725,-27.27308557038618,0.46392822265625,41.166751727302426
id_p0w83k2cxaq7.wav,6.272,4.54,1.1,-32.645029655118734,0.340728759765625,37.561285608456885
id_chsfjkns5u2h.wav,3.68,3.54,1.225,-40.00870123296898,0.213836669921875,16.880325893531328
id_ozem1c492o55.wav,3.44,2.35,0.8,-26.421402448997743,0.567626953125,30.112807977549814
id_74hva2szczp1.wav,4.4,3.88,0.8,-24.608984447272935,0.570343017578125,32.04621513702048
id_ow5408yh3eu1.wav,3.92,0.68,0.55,-28.85545062016378,0.574432373046875,44.381425850637996
id_80lp58kkl2cc.wav,3.2,2.89,1.1,-38.63300848570853,0.20892333984375,15.736230134611596
id_5juf26o9qcz4.wav,4.0,2.17,0.35,-30.977502048190495,0.3974609375,40.52894970519505
id_i0zjjjmcqt2a.wav,4.8,0.82,0.6,-27.835495624914305,0.88494873046875,42.58779826064556
id_lmyx3cuoiqzs.wav,4.16,2.55,0.625,-26.42002107503128,0.487091064453125,40.24735400767079
id_c3g4ixlgnh1o.wav,4.32,1.21,0.6,-34.15468595409416,0.286865234375,42.1970942074844
id_j5bzocizvzla.wav,5.12,2.54,0.55,-22.558301460589046,0.586822509765625,38.29959297891825
id_w68wu2f2zwhq.wav,4.0,1.81,0.475,-30.957480574011814,0.36090087890625,42.94450561160588
id_lm7y433y5fro.wav,4.64,4.03,0.575,-41.713706050010664,0.104034423828125,32.15774291951793
id_ebes3dbgts2q.wav,5.12,4.9,1.5,-31.853558919943467,0.318389892578125,20.570311489339375
id_iy9zvv7c5y1i.wav,3.12,0.79,0.45,-25.904861113283168,0.52996826171875,36.01356411471854
id_ib4ndc7xtk72.wav,4.32,1.86,0.425,-42.23868794152523,0.149658203125,35.48452459399186
id_k14al3oi3dsl.wav,5.6,5.3,0.925,-27.28407036999924,0.649078369140625,31.925826777589183
id_ozee4bloecx8.wav,6.88,4.17,0.6,-36.58452119102901,0.323455810546875,31.7841802973359
id_m1iypein5x8n.wav,4.08,3.54,0.35,-32.63795793143131,0.6431884765625,38.1440515918503
id_5t6wkc7o4hi5.wav,7.84,5.89,0.475,-34.12260055598865,0.2366943359375,41.73995133944333
id_c5akmij62nz0.wav,3.44,1.22,0.575,-25.719425276976153,0.61334228515625,44.440818493409445
id_70x85j2o35xj.wav,3.68,0.57,0.4,-30.705811927159704,0.556396484375,42.260391821354794
id_d1p2uli2mlo5.wav,5.504,2.0,0.725,-26.07141497776222,0.5933837890625,52.409358371939526
id_8fwvvf7u24na.wav,6.24,1.15,0.525,-40.35323656461732,0.25701904296875,51.1950899657369
id_uvbdgvnau6er.wav,3.04,0.52,0.4,-23.75253916200367,0.9486083984375,56.52051370156151
id_w05e2rk21cqt.wav,4.32,1.06,0.8,-28.679946103708414,0.358428955078125,29.50578666651291
id_eydugsi8wn17.wav,5.36,4.37,0.425,-41.65952289402143,0.0950927734375,36.1635399076836
id_mgfvj28nqnik.wav,3.92,0.5,0.375,-27.20125472188961,0.502288818359375,42.694526904629065
id_sp7tx5oxcxql.wav,6.08,6.02,0.6,-37.81696289261318,0.24847412109375,27.545739942333526
id_lzcvvvxziuwk.wav,3.36,2.99,1.3,-32.03839604200991,0.434814453125,15.407868259492439
id_cnipb0z114p7.wav,4.56,1.73,0.65,-37.38555638068912,0.14697265625,50.786048260849135
id_f4mlh4tc7xiw.wav,5.04,0.57,0.45,-31.908982411978755,0.4437255859375,46.3223132987919
id_3j5b8bzzx396.wav,4.64,0.77,0.6,-27.101579558745627,0.614654541015625,42.15802187974258
id_hcjfssfdr83v.wav,4.8,0.75,0.425,-29.123120456870083,0.49755859375,51.664868490160046
id_rmm820ra2v8a.wav,3.44,1.73,0.575,-38.01406772380394,0.1744384765625,45.88369366604654
id_1u32l9k3uojd.wav,4.48,2.37,0.35,-33.139183728061525,0.311431884765625,40.13086422358974
id_i5kvd5jsyho3.wav,3.2,1.09,0.675,-34.532226768256216,0.14898681640625,35.19667812396909
id_3he1kbmy8v2n.wav,4.48,2.71,0.575,-32.50863427277126,0.24676513671875,43.87218128890723
id_ah2z92quev25.wav,4.24,2.43,0.425,-26.534585276429866,0.827789306640625,54.54485807291567
id_wtooo8h1x7sb.wav,5.04,5.04,1.0,-51.843007831124126,0.05401611328125,15.405837324124548
id_7qrf44z4j9gq.wav,7.84,2.64,0.75,-27.159254931426542,0.745574951171875,55.75771098873808
id_9t3i4nc9z2yw.wav,5.76,0.91,0.475,-32.023412242403396,0.49249267578125,40.03302941269617
id_g36hjyb1uu6h.wav,3.68,1.07,0.45,-33.85700584106373,0.3038330078125,34.96012826438953
id_31m0c8tnocr2.wav,3.6,3.23,0.45,-28.006183945636195,0.8883056640625,34.73584135111666
id_ghw5t3ugn304.wav,4.72,0.92,0.6,-24.88006264108702,0.873565673828125,45.65038118362929
id_y574jwj1h78s.wav,3.968,1.64,0.5,-35.276113032710974,0.205963134765625,48.58685493783161
id_5azm8ertofsk.wav,3.84,1.44,0.95,-22.192395186292533,0.847930908203125,75.38593247277149
id_zlyza31qc146.wav,4.48,0.58,0.45,-27.65342621300407,0.832672119140625,34.63333355198764
id_7jka4xxh9dej.wav,4.56,4.16,1.2,-21.416439132432707,0.981414794921875,25.10278679481785
id_auwsldpmtnqx.wav,5.84,5.62,0.5,-33.44677651332042,0.588623046875,32.53311032979741
id_j6dlsx3s0fuv.wav,4.096,2.8,0.475,-32.71001123881875,0.260040283203125,47.09093898930887
id_cwwrk7afoax5.wav,3.2,3.1,1.5,-30.558632280107325,0.358367919921875,16.24456735836452
id_n0zgfcigfg9v.wav,5.04,4.84,0.75,-30.221354040411505,0.50323486328125,25.979499826369306
id_de3k2kxeck4z.wav,4.16,0.82,0.675,-26.437853674057234,0.999969482421875,54.37683176009827
id_awz3j52c0na0.wav,3.12,0.61,0.5,-35.13903716304355,0.358795166015625,45.36859694720596
id_zzkwbl3d8s9e.wav,4.32,0.62,0.5,-31.789057401093,0.397918701171875,62.73451448267181
id_nayv0kax33pq.wav,9.04,1.28,1.0,-17.63493327558598,0.823486328125,48.471877441167216
id_pdhx7cy4tkq8.wav,6.48,4.86,0.675,-33.90603099215318,0.42120361328125,36.191780523499276
id_o0cg6uj5d83k.wav,8.56,1.03,0.675,-27.77909489773798,0.7730712890625,55.364302916372885
id_zy9s7sdnhb8n.wav,4.32,3.7,0.575,-24.84115737764329,0.406951904296875,43.27698434571723
id_ca6qn7p95089.wav,4.64,2.76,0.5,-30.738908529493777,0.34112548828125,54.75992227619852
id_7dixb1qay2no.wav,2.8,2.72,1.5,-31.888856655099712,0.144012451171875,8.581100822077602
id_wtg9k9a3o3ni.wav,5.76,3.95,0.825,-25.69338245623676,0.576171875,32.912404449851905
id_ajws25c9xwdk.wav,3.52,0.68,0.575,-32.0807666022454,0.2799072265625,51.165265573972576
id_61a4qi5zhlnw.wav,4.16,0.59,0.375,-27.554427515997272,0.654083251953125,47.62323415503468
id_7nahw1stqite.wav,4.56,1.14,0.6,-21.102150913705092,0.93572998046875,42.90695988042449
id_q8ublattuf6h.wav,3.44,3.19,1.5,-31.16234339741326,0.32080078125,14.330734445296859
id_2aucnzkz9eli.wav,5.504,3.62,0.625,-28.493551030791128,0.457672119140625,35.01684558883706
id_wg69s96v2760.wav,3.52,2.05,0.625,-42.954724478713956,0.0621337890625,33.88564309918423
id_rm5wd41xf707.wav,6.56,5.7,0.475,-32.48255887416931,0.348114013671875,29.648969061462697
id_edw0zopujz1g.wav,4.72,0.88,0.775,-32.85963715298091,0.3369140625,50.71424956176209
id_wascz07tt9id.wav,5.36,2.16,0.475,-38.40672386486007,0.190948486328125,37.66368979636029
id_y0ofpylebult.wav,7.36,2.87,0.8,-36.674662411696005,0.346893310546875,75.93166590213212
id_nkfcrj8g548l.wav,5.44,0.8,0.325,-39.27033739701787,0.25079345703125,51.56715597332594
id_3yeiwg6otoyt.wav,4.24,1.8,0.55,-29.239370422057164,0.503997802734375,39.554114552349894
id_5tg718rzbvjo.wav,4.32,0.48,0.375,-24.935144130327934,0.917572021484375,58.187189844426875
id_okczaxna9cbv.wav,3.12,3.12,1.5,-62.378074201274075,0.02899169921875,4.70706063234244
id_16hjj117dhj3.wav,3.712,3.27,0.575,-31.560741539912925,0.26611328125,44.84986153662654
id_q9ddicx8lij9.wav,3.12,2.81,1.475,-43.700623129238075,0.089202880859375,13.549495363163587
id_7p69sna3ha9y.wav,4.0,4.0,0.35,-32.69002671312026,0.380035400390625,31.083264926159725
id_nnrg7lf4fygf.wav,3.36,3.2,1.225,-27.166293073930863,0.43634033203125,18.1081361889219
id_prbj5dx74jru.wav,4.48,4.13,0.65,-39.510657659435175,0.15008544921875,25.482227190892687
id_iws4cs9wbc4r.wav,6.88,6.78,0.875,-36.83937374734641,0.31024169921875,18.451899990083554
id_cmlxsufpks9i.wav,9.2,5.53,0.7,-28.371216828597984,0.56201171875,56.083234474157024
id_iqmv6ej4um5w.wav,6.8,6.4,0.525,-39.09343294580214,0.1422119140625,23.82214896469346
id_nt2tl73rh373.wav,2.88,2.88,1.5,-61.85261720239743,0.009552001953125,2.8353501966054253
id_bmrbdqm6h5bh.wav,3.84,3.42,0.375,-34.07676614659198,0.47216796875,38.098969963958766
id_js3zqqy5ly15.wav,5.04,5.04,1.375,-34.077198352156074,0.178955078125,27.30971531749592
id_tegnxuaw6ema.wav,5.12,5.12,0.975,-38.819616800665365,0.203125,24.109307959963587
id_kb1536xxb8rn.wav,4.24,4.24,1.3,-31.621785621123415,0.425567626953125,14.182550653946489
id_o3j2z464q2rj.wav,4.0,0.58,0.375,-25.020276431162173,0.63568115234375,37.73699149702061
id_f34ewbljuj9s.wav,5.04,3.31,0.8,-28.818635670278717,0.459625244140625,28.546517994454934
id_m8en5npqnjpa.wav,2.96,2.67,1.4,-38.04747042246436,0.1412353515625,15.760277638470626
id_ks2c2rgu4o2r.wav,3.968,1.64,0.575,-30.562544128430456,0.297088623046875,43.333670931011845
id_i3jn0w8fr1d2.wav,3.712,0.51,0.425,-47.41259889385189,0.050079345703125,36.780787004302105
id_pp2axmpwh7e0.wav,3.04,2.74,1.25,-36.66528644162946,0.157684326171875,17.049273250602013
id_stuxqpizcpab.wav,3.6,0.73,0.625,-24.225076047778128,0.538421630859375,52.850842547950826
id_ty32bi0251ku.wav,4.24,4.24,0.575,-35.77988422202591,0.25531005859375,20.976823175356305
id_isfckkm13lko.wav,3.52,2.91,0.7,-25.75010222760635,0.56927490234375,27.959337301307553
id_xuqymciajqqz.wav,3.2,0.71,0.625,-36.78961975833933,0.130615234375,47.57037965007056
id_rkmz3jwfq6iv.wav,6.96,6.23,1.05,-43.27943907335453,0.167938232421875,28.62532650156949
id_k6lbyqxkplur.wav,6.48,4.33,1.4,-20.70067378350324,1.0,44.84867174352328
id_t9i8wbdlrz1n.wav,4.32,3.63,0.525,-25.26410458794578,0.81719970703125,35.11693374120348
id_1qkemzht1yxy.wav,4.48,4.33,0.675,-41.42535448051263,0.06390380859375,37.008439017574005
id_h6rd3p7tzhsg.wav,5.68,0.44,0.3,-32.88727235369241,0.39471435546875,45.28622038545441
id_n2jq6ofn1gjk.wav,6.272,2.24,0.625,-35.96338872984822,0.286376953125,41.50556013168834
id_wl1a6217cpmz.wav,5.12,0.58,0.45,-34.41096581611239,0.338531494140625,43.10101612588658
id_j1wpyjh99p63.wav,3.84,2.13,0.65,-29.126351397131586,0.46441650390625,45.67457404461442
id_j2ea0mf7gqox.wav,2.96,2.63,1.375,-36.2948640102648,0.137481689453125,18.298147913120943
id_xnpxkrv8hmk1.wav,4.64,3.46,1.0,-18.977135093961433,0.788421630859375,50.079482446101665
id_m0i66e7t1ksd.wav,7.76,5.78,1.125,-24.994393931639625,0.85650634765625,50.93999270042076
id_frn36y98us5h.wav,4.48,3.77,0.5,-34.08041203862621,0.351348876953125,48.79693115942168
id_0so8tqf9upru.wav,5.2,0.84,0.7,-25.383534333181398,0.897979736328125,42.89350323026679
id_1v9r4aaiby42.wav,4.0,3.95,0.425,-24.880081864173192,0.92315673828125,45.45043902476069
id_xt313vl14byj.wav,6.24,6.06,1.375,-22.529170992266494,0.647796630859375,24.83526455877533
id_yznjry4c146v.wav,5.6,3.38,0.525,-33.684942021885796,0.377227783203125,36.991208294659
id_9038uajavqlf.wav,3.04,2.79,1.5,-36.46424498074956,0.116485595703125,15.938057192322809
id_dqmq2w2ngry0.wav,4.16,1.92,0.825,-27.46742076175456,0.45794677734375,38.54398930308052
id_wx67mfwgl01s.wav,4.8,0.55,0.425,-35.56881890192666,0.167999267578125,65.09220649185947
id_r2xle0g56kgy.wav,4.24,3.61,0.375,-44.72284850594957,0.157318115234375,35.975234789701005
id_rbe7r0qswata.wav,4.608,4.2,0.375,-32.85454891866579,0.35223388671875,31.27859082313307
id_4sxj37cp6d9k.wav,4.08,2.43,0.425,-28.241817179378476,0.557586669921875,34.488705421603726
id_xjqiv525rt55.wav,4.096,0.69,0.55,-28.47457632055677,0.327056884765625,47.65639874450997
id_axp3m6ck0zn2.wav,4.72,1.12,0.575,-41.24817864080511,0.127960205078125,47.93571654544198
id_6jnhwr379tgz.wav,4.64,3.4,0.525,-29.12255100503632,0.456207275390625,44.98795818387999
id_9vw7pywnhtgg.wav,4.64,1.08,0.425,-46.39872197517066,0.09149169921875,37.90520663045398
id_ejg9julgwcxl.wav,2.8,2.69,1.5,-40.75004252518668,0.066986083984375,10.59284261032284
id_awvtf007cadg.wav,3.6,3.44,0.625,-29.207122343675927,0.4417724609375,28.337368602718374
id_fmtxcqrzkgx9.wav,3.6,0.51,0.375,-30.629722769094563,0.283721923828125,54.19577700519293
id_ok4d5ylt5i4c.wav,5.68,0.6,0.475,-18.48081179665582,0.999969482421875,50.54249299418059
id_uu29npp28lkg.wav,7.12,0.53,0.375,-31.41025406621701,0.608154296875,52.62724813602071
id_7us8kaz1736o.wav,4.08,3.39,0.4,-31.85618337139225,0.658111572265625,22.10282930381088
id_224grqydiy3t.wav,4.48,4.28,1.225,-39.75917694024213,0.125244140625,22.63381452529554
id_1jdrhgqxib7t.wav,4.8,0.97,0.375,-35.29031833816673,0.26922607421875,46.15774471308518
id_w413bdux579q.wav,11.6,1.03,0.6,-36.5147922843704,0.26300048828125,55.19148974348981
id_rxwvus43l68w.wav,3.84,1.79,0.6,-26.17079668763084,0.80596923828125,31.244733075714986
id_p4vqooko1k3n.wav,3.52,0.63,0.5,-35.692347242387996,0.219268798828125,41.23182295629725
id_tgngyxhsdqb0.wav,6.16,1.49,0.475,-29.394706955245105,0.769439697265625,37.458146599225614
id_upptook8ny0m.wav,4.72,3.21,0.525,-28.493083541043987,0.448516845703125,36.81800172584515
id_wf5ue13h9my7.wav,5.52,5.32,0.9,-44.00813026985392,0.075775146484375,28.140844230162728
id_u74t5kxb3kww.wav,3.76,3.2,0.75,-32.81054610196581,0.24542236328125,38.22245909142756
id_gy8ohvh72rm7.wav,8.56,7.88,1.275,-39.09537660187474,0.271514892578125,14.44239557068304
id_4lvnuy8t8tfs.wav,4.96,2.55,0.875,-27.056128561704522,0.861114501953125,34.326780109158484
id_g7up2a6v5cwi.wav,3.36,0.5,0.375,-29.716234194606898,0.398681640625,65.09533931172325
id_4l6r9gu5n95q.wav,3.76,0.69,0.575,-22.168338594076612,0.86297607421875,61.3429407431908
id_2ylectoxtr8n.wav,4.96,4.95,1.325,-38.02241103936861,0.179290771484375,12.517779894690463
id_quh4ibm7i84o.wav,4.72,4.72,0.75,-35.85175664545837,0.339935302734375,24.57263462341573
id_cp7zw1pep2zj.wav,16.512,16.48,0.65,-30.040299963639296,0.428955078125,21.500234271595076
id_hmz7xmwoikdc.wav,4.0,2.23,0.475,-23.6036897664936,0.74169921875,42.62798600889114
id_01dntd19l4a8.wav,4.4,0.74,0.625,-29.548087392155985,0.472320556640625,40.80699884432652
id_bru5qqvk4pk6.wav,3.28,0.59,0.5,-38.875174813545826,0.153656005859375,42.276159547139514
id_ga0d2b6a06an.wav,3.44,1.92,0.55,-25.40637739283809,0.561279296875,36.949449628800124
id_a98aatad896m.wav,3.12,0.78,0.65,-30.85955707757453,0.34100341796875,52.10383151878108
id_jdew6x7qyanc.wav,5.04,3.17,0.55,-21.787219097503844,0.87677001953125,54.379356739907095
id_gauk1cjctnd3.wav,8.0,1.41,0.7,-32.88036165832824,0.489776611328125,42.44682873105836
id_te0qxia3npv6.wav,3.28,3.04,1.5,-34.554859948788966,0.2047119140625,19.049658996199007
id_8z60pkg3baky.wav,4.16,0.8,0.575,-22.348073405466515,0.972564697265625,37.72578715366922
id_8mn0mera5yjd.wav,4.64,2.36,0.45,-21.626919712027597,0.98931884765625,50.02450985664794
id_u312weuxd9df.wav,3.76,0.46,0.35,-37.927620122178105,0.297515869140625,63.523670488109104
id_4pr1papm4jrp.wav,4.72,4.72,1.3,-46.734393160163094,0.0484619140625,12.205075290797872
id_jzbjxbq3pqa7.wav,3.04,2.7,1.5,-42.672030079886234,0.166839599609375,14.106075209809056
id_ytf30g86rzs0.wav,5.68,3.38,0.4,-29.889487833154394,0.544952392578125,43.23463913806369
id_n044urnv2zuh.wav,3.968,3.808,0.4,-32.54505520740322,0.317169189453125,46.32451489431958
id_rjndzm7uw8oo.wav,3.52,0.61,0.475,-22.910411695123333,0.87945556640625,62.595453497504266
id_xybg1e3runiu.wav,5.76,3.62,1.45,-48.230196150210325,0.01715087890625,28.86155101190203
id_onab1gn9vyfo.wav,3.52,0.5,0.3,-40.16443420492385,0.190643310546875,62.96882789365408
id_ajss1tkmdd7z.wav,4.96,4.59,0.75,-29.000826826700834,0.3798828125,33.782249315293555
id_3c9kgshkpw5z.wav,6.48,0.65,0.525,-21.113921722873986,0.999969482421875,48.361482748961514
id_jdyxgqi86r7x.wav,4.16,3.31,0.625,-36.08243716267298,0.232879638671875,42.9521079986704
id_t12fcrhkpbm9.wav,3.28,0.61,0.375,-32.47480138999584,0.37677001953125,50.95745528169031
id_0ehxqtmcqrao.wav,4.0,0.71,0.525,-29.66061975324958,0.470367431640625,55.11247929092979
id_28k805vrmada.wav,3.84,3.82,0.475,-27.29350105441423,0.62347412109375,32.172637143350684
id_map1upesnwzy.wav,7.84,7.13,0.6,-40.86498665053564,0.163970947265625,26.118079537649585
id_iibctj967t32.wav,4.88,0.66,0.475,-31.52054584218706,0.357696533203125,43.841675372445195
id_c8edn39igqou.wav,4.96,4.78,0.65,-32.018989506191545,0.300201416015625,30.003408876730898
id_cry6i22xj446.wav,4.64,0.67,0.525,-24.311434761424266,0.5977783203125,64.14921282906745
id_nl0kptzpgf66.wav,3.76,3.28,0.45,-43.222849980087545,0.09515380859375,30.16063173344218
id_n4zfnu0182ji.wav,4.24,3.97,0.7,-30.795552125375337,0.263519287109375,22.616038943810672
id_3k77zd22abns.wav,3.6,0.66,0.325,-30.801593936203698,0.26947021484375,48.927797603402276
id_zpxa3uuoe0q7.wav,4.24,0.83,0.7,-28.83775581390609,0.578521728515625,61.04355860948985
id_9pza28p8eet3.wav,3.92,2.84,0.525,-27.948151247900213,0.522552490234375,31.35108254734318
id_fjrk0qgzz3z1.wav,4.88,1.52,0.425,-36.33034334687401,0.22491455078125,40.64715271694361
id_cvy3mgkj4fci.wav,6.784,6.35,0.5,-29.12736421052734,0.62139892578125,34.36502100754423
id_uoxfh9q2v0fk.wav,3.44,2.95,0.725,-24.638223769775554,0.535980224609375,32.10182571393089
id_36yv5tnmda47.wav,3.328,2.53,0.7,-32.40863763398653,0.278594970703125,33.492790160799885
id_02rc7u12zorg.wav,4.4,2.97,0.45,-39.341684402974465,0.1202392578125,45.15799039374774
id_nlowltxafnw9.wav,4.48,1.34,0.55,-26.22003206456182,0.46722412109375,75.10733738058263
id_krnj764xu7yx.wav,3.36,3.36,1.075,-26.785722821983722,0.57366943359375,19.635452370842778
id_imvxo1g1dh5m.wav,49.408,29.49,0.725,-47.13843370861136,0.1304931640625,41.07931888844871
id_n7szgr5esy13.wav,4.08,3.77,1.2,-38.992519393678194,0.130218505859375,17.830512681354968
id_wzr55t1o2foz.wav,5.6,2.97,0.575,-28.65921082119918,0.44268798828125,55.85847036919024
id_ahq37fnh9yjn.wav,3.84,1.87,0.4,-37.64695231956116,0.203948974609375,48.07331666199177
id_8qd1c7jidopb.wav,4.96,0.79,0.675,-20.876270597470644,0.880462646484375,59.70486666141635
id_2b5hydw7ouoi.wav,3.44,3.15,1.475,-28.900341632255927,0.391876220703125,13.348130026166235
id_wp1gxi9viwil.wav,4.48,0.75,0.625,-31.55236454772979,0.551422119140625,45.16132378569759
id_rd39hay6u7le.wav,4.736,3.946,0.375,-29.440631909627104,0.65545654296875,29.534883409335656
id_2un0jtpxujn1.wav,4.08,3.42,0.85,-35.40150540886095,0.251495361328125,25.3510185028575
id_dhbq2q0i3ihj.wav,4.32,3.32,0.6,-41.873697775819736,0.13519287109375,34.33982270277653
id_597j4jnuuqjy.wav,3.36,2.05,0.375,-28.060189577492274,0.599761962890625,34.74531900633356
id_yavpwcuodpu9.wav,4.88,3.88,0.425,-38.19693127161399,0.17333984375,37.384076903022475
id_qwc4jx9g002x.wav,4.096,1.67,0.5,-38.07930046274829,0.125518798828125,43.5377197183754
id_fci2f40qtjxu.wav,4.32,4.32,0.675,-29.55177771841221,0.313323974609375,23.253887568150105
id_3ezd31cok7yj.wav,3.6,0.53,0.275,-39.66170673047459,0.273162841796875,39.95099820921892
id_1ea2yuhr58qg.wav,4.4,0.61,0.45,-29.266820872187278,0.460357666015625,55.42382532324577
id_72cxuos1ylzd.wav,4.64,1.84,0.525,-26.86467647426295,0.865631103515625,40.8547515364948
id_wvylssogi6hf.wav,4.72,4.55,1.1,-31.068080319936126,0.29876708984375,32.11111740902588
id_6zjkbmw0ia9u.wav,3.92,0.46,0.325,-24.251333212566493,0.999969482421875,55.57406795552242
id_6mep8u7jcl6c.wav,4.4,3.15,0.325,-30.551111273136286,0.6812744140625,34.171537962486255
id_y4aj1oi5vlhq.wav,5.04,4.93,1.425,-28.654849175633345,0.60174560546875,18.33584760892059
id_iozm8o4cy8l6.wav,5.12,4.28,0.75,-27.676491338305947,0.838592529296875,30.081924037663025
id_g08vgum8kvrr.wav,4.24,3.78,0.75,-29.894435480786584,0.404998779296875,39.18453234254118
id_5ux5nzox3dhj.wav,6.272,4.96,0.575,-40.65033529459524,0.106719970703125,36.10013052819949
id_bzxj7tl9uqdk.wav,4.56,2.68,0.5,-24.400057614465513,0.8621826171875,39.96016196108969
id_56m81volv0bp.wav,4.16,0.66,0.475,-35.384785730461815,0.31842041015625,49.88627101609988
id_gx5n7d4z6p3n.wav,5.12,1.93,0.675,-33.238755891150575,0.2666015625,34.8055857117286
id_6cp1m2j1hygz.wav,3.968,1.59,0.55,-31.459141618585797,0.3782958984375,45.5564575680327
id_vcr1v5ff5ytr.wav,6.0,1.64,0.625,-32.16848698075993,0.51751708984375,52.404144792711904
id_g9ehlqzxcb9p.wav,6.32,0.63,0.5,-38.116361463595055,0.2225341796875,47.711185714315306
id_uaiuoie3u6sq.wav,5.12,2.8,0.525,-31.742096286520514,0.67449951171875,50.49377571825517
id_9p4bhutnxoaz.wav,4.608,2.3,0.825,-27.38175246472656,0.5916748046875,34.52992469750997
id_ndbf7xm50qjl.wav,7.552,7.01,0.775,-32.825029972872734,0.502044677734375,46.36436136670613
id_uecf96dsep92.wav,4.08,0.56,0.425,-35.08431640623514,0.1842041015625,42.22103283133135
id_nwe4kmfdp6iv.wav,5.44,0.72,0.575,-27.56708227576324,0.41729736328125,70.48832426247746
id_v18ec9lsogn0.wav,4.32,0.74,0.525,-41.607966922096665,0.117401123046875,52.937477455697554
id_kplvg13li7pf.wav,3.28,2.6,1.0,-34.97959950434789,0.185821533203125,25.586348974409255
id_9p3calymljrq.wav,5.76,2.42,0.425,-46.738414307596784,0.074462890625,47.520216406001246
id_ode62ax9rxm7.wav,4.16,0.5,0.35,-29.52421929183466,0.463134765625,44.04448272866625
id_vagr998f6v11.wav,4.48,0.76,0.625,-36.34351198653665,0.287689208984375,47.40399898091724
id_ivrdzdabiw5u.wav,3.68,1.02,0.45,-26.18942023634345,0.56390380859375,35.560996086983955
id_wztyx3ykba9f.wav,3.968,1.04,0.4,-39.42079891504994,0.132965087890625,38.856755401352736
id_wz30p6o753i7.wav,3.52,3.11,0.65,-25.254463945080595,0.6700439453125,33.032858226125704
id_6olx5am2ffs1.wav,5.52,0.76,0.625,-25.93073929788231,0.887786865234375,57.42767460409905
id_x62ww6s3iw7y.wav,4.224,2.21,0.5,-27.541969423637692,0.357177734375,46.44825027213373
id_hh0ubh21vg5d.wav,4.4,4.12,0.6,-41.23941753552351,0.150848388671875,20.40617084926466
id_mcyfw04niq80.wav,5.92,1.21,0.475,-37.27835919614235,0.18267822265625,50.938875352552465
id_8gjngqln3d3i.wav,4.96,1.43,0.6,-45.74170003584474,0.138916015625,44.884450390531406
id_e7ztggp8fxo1.wav,4.16,0.8,0.675,-31.244545718814045,0.21075439453125,36.62447131029843
id_7rs86tc1t0mh.wav,62.208,62.19,1.4,-53.72760036785222,0.0601806640625,20.005019654058394
id_gjma0aokd92t.wav,4.0,1.18,0.6,-37.26204256187439,0.1904296875,39.077715645715294
id_oybx7sw06823.wav,3.36,1.3,0.475,-28.314214736775934,0.4649658203125,40.49023276784602
id_6gp0bmu6zssm.wav,5.12,4.85,0.55,-34.61982969360461,0.21038818359375,29.567951191345863
id_23ee9p738uak.wav,4.48,0.48,0.325,-40.5593737720989,0.161468505859375,43.494517850352395
id_kh4dx5b6vh1k.wav,4.8,0.83,0.7,-33.228717639846636,0.463623046875,40.588545579894884
id_s9ndj6swpjho.wav,3.36,0.74,0.575,-34.71067997820002,0.269012451171875,43.73210165300184
id_pwrz9smho7in.wav,5.12,5.05,0.775,-29.121751196374497,0.881378173828125,20.553794070140455
id_13i0bo3bohuf.wav,4.56,0.55,0.425,-31.047404889351455,0.3446044921875,41.31493418997286
id_1cs2y9oxnt2h.wav,3.92,0.73,0.35,-35.96489421514965,0.34454345703125,38.184275438658986
id_8fr4njq9pm3n.wav,6.16,2.19,0.95,-38.391963024274474,0.258636474609375,34.50493090186415
id_m4ff7onw3fms.wav,3.68,0.76,0.65,-24.242512067251788,0.57794189453125,48.11263314058456
id_5ptm51eulhnr.wav,3.712,0.99,0.525,-30.10104443543204,0.391326904296875,45.35024119207566
id_nmnbyj27ubt0.wav,4.64,0.56,0.425,-33.78673125462756,0.210357666015625,53.27918588768543
id_uavbgcprucnb.wav,3.04,2.74,1.475,-33.723049140126676,0.20880126953125,20.4783182345666
id_aq52afthtxkf.wav,3.84,1.98,0.675,-36.12263490745803,0.258514404296875,36.73749098655074
id_8kcyhec4kfvb.wav,5.6,0.65,0.55,-36.832357703686284,0.235931396484375,42.587099313432844
id_9492e87ffbmc.wav,3.84,1.6,0.575,-31.137781019372156,0.26409912109375,42.286324692537235
id_yfpfy4zjylht.wav,4.08,0.9,0.525,-24.43009532278498,0.838226318359375,47.60305377313756
id_llfpfcgu2tqq.wav,3.84,0.63,0.5,-27.42009440452064,0.6033935546875,46.05756662082615
id_uf254b33d0pu.wav,4.4,1.29,0.525,-35.05603258858582,0.339263916015625,49.86283687925866
id_qig21eszzha3.wav,6.0,0.58,0.45,-30.506872704175876,0.486236572265625,44.33787450540761
id_nwqnch5368u8.wav,4.0,0.66,0.525,-33.6846196621605,0.411285400390625,47.094677322466254
id_ez7y2qpd2s03.wav,3.84,2.72,0.375,-40.95077750802163,0.1563720703125,38.04094604159084
id_mly26efw104n.wav,10.72,9.27,0.75,-22.91959727203132,1.0,34.70043839838267
id_g99sykosd3kc.wav,4.64,0.59,0.475,-27.355945003589092,0.4390869140625,58.94597178211782
id_itgbd4u4jq1d.wav,7.68,5.24,0.65,-31.516609684063756,0.47344970703125,30.851466474095385
id_w01nihjvhlbp.wav,5.36,0.66,0.525,-36.46270929924343,0.318389892578125,51.1584198280022
id_pjjo0i3k6os0.wav,5.504,3.61,0.525,-36.691570529856264,0.252044677734375,43.530270297432516
id_bmnmlf2e7u8c.wav,3.44,1.57,0.4,-30.42692064829457,0.380035400390625,33.26801750472794
id_p22oyx200wge.wav,3.36,0.62,0.525,-26.621780885276834,0.4078369140625,50.46635536075181
id_yxmwfph9izk9.wav,4.24,0.62,0.475,-35.15786605594255,0.3333740234375,48.11476240696582
id_szek25ganjxa.wav,3.36,3.36,0.475,-28.78447490562686,0.746673583984375,25.242718020256365
id_2tx4vs7n9buq.wav,3.52,2.31,0.475,-26.421694663365777,0.69415283203125,33.267801182318266
id_h6bon83fm46q.wav,8.4,8.19,0.675,-36.89334539536743,0.2373046875,33.11262661471669
id_3rfffdoekhtr.wav,4.16,0.73,0.6,-29.16831374368212,0.45867919921875,49.78177010012506
id_g99i9r72boxs.wav,6.16,2.7,0.375,-33.35904166264944,0.311798095703125,44.89265451335319
id_0kxhzqwpppwk.wav,4.88,3.14,0.75,-30.94455924731868,0.547637939453125,43.46481664366291
id_9ul25izv4e3j.wav,25.36,22.44,0.35,-28.493250235297005,0.999847412109375,52.45613674813365
id_gqg8zirklplc.wav,5.28,5.16,0.425,-27.151961330986403,0.6416015625,44.43816702557421
id_p5t8c0p0zs9g.wav,3.92,3.8,1.075,-25.333705769564098,0.38409423828125,22.524880439889134
id_2jn14xf83r98.wav,3.68,0.76,0.525,-46.119882791313984,0.123077392578125,41.8854823936496
id_lalpzfgnpm80.wav,4.32,0.71,0.575,-36.41273635063358,0.17315673828125,46.251434160734505
id_rni1z58czazz.wav,4.96,3.04,0.65,-38.40135400482053,0.20159912109375,39.75743586472603
id_a77kprea72hs.wav,4.24,0.85,0.5,-30.980168826561183,0.37371826171875,40.29221415804095
id_ahxkhjyzp5oq.wav,4.16,1.62,0.325,-29.782949523765062,0.566925048828125,45.23494946741702
id_7o1717m49s67.wav,3.76,3.58,0.425,-27.99675424100672,0.4539794921875,24.027020456674876
id_lgt649tjg0gr.wav,4.72,0.65,0.475,-29.698874530952203,0.43505859375,39.99262868193459
id_ib12s0icx5qz.wav,4.24,0.75,0.575,-43.97299757880418,0.0853271484375,41.097377968401965
id_vgwwhudzd01w.wav,15.2,10.27,0.3,-31.101265133480005,1.0,30.78413343441837
id_a2bwc07dbmcc.wav,3.36,0.9,0.775,-37.56296771238957,0.137298583984375,45.30589739631199
id_azdmpe6u6nxj.wav,4.72,3.39,0.75,-27.683570974856615,0.626068115234375,31.67333206440651
id_sgz8eoa01u5d.wav,5.12,0.66,0.55,-30.231844431887627,0.380584716796875,46.44838665902277
id_p7tuke75432u.wav,4.24,2.77,0.775,-24.537626756446848,0.73944091796875,53.92806318644169
id_18n2b0l57nsp.wav,4.352,1.72,0.475,-27.762053047977723,0.3939208984375,48.066900860001624
id_5f8yctjj7al9.wav,3.44,1.92,0.425,-35.06443674381487,0.3524169921875,40.48132923591549
id_jkb7ol8fhe2g.wav,3.6,1.89,0.3,-33.52985868266566,0.289764404296875,43.90936417539392
id_zmyo57zfha6s.wav,5.76,0.64,0.525,-34.80548004127407,0.297698974609375,48.73510898978647
id_qyaegx8ippy1.wav,4.32,3.54,0.6,-34.94968169271268,0.265289306640625,38.43165036641564
id_uqy43vftmgn6.wav,3.52,3.19,0.625,-27.98749449102591,0.63946533203125,25.999305389617312
id_ennsxt4prxmu.wav,5.12,1.4,0.575,-21.342823154975854,1.0,62.116400972259925
id_ae1z3omv3z2i.wav,4.8,1.67,0.425,-38.533829668330874,0.21868896484375,45.32334280269664
id_71gyc0g9yl6d.wav,3.76,1.83,0.65,-46.62384437191558,0.103515625,41.60133076111712
id_i2xuwmee0vqw.wav,4.88,2.46,0.525,-38.55373210544391,0.114715576171875,46.10752868688231
id_wr0elj62q13i.wav,6.72,0.84,0.7,-33.68333384768994,0.334259033203125,42.5539997993626
id_u1j2dt03w7ya.wav,4.16,4.09,1.3,-27.118524882545557,0.40179443359375,18.478705192378523
id_ko76wwl6qw5b.wav,2.72,2.62,1.225,-38.83995738685022,0.06982421875,19.632998464506507
id_a7r1w5zoa4on.wav,5.04,4.75,0.65,-40.94997501979527,0.1153564453125,32.91194382435059
id_pe8lfzdp0dk7.wav,3.76,1.67,0.325,-27.487895688493886,0.890533447265625,38.967018029628804
id_d04ud4dzx8tw.wav,4.48,2.93,0.325,-28.828964225428532,0.58001708984375,31.334413189254487
id_bm777l8hq9ex.wav,4.64,4.23,0.4,-40.297309998035146,0.204620361328125,33.874574212861816
id_3lfht0x3r0j7.wav,4.4,0.54,0.45,-28.175788773356224,0.4771728515625,47.235759908285985
id_2wcr47rru7uf.wav,5.44,5.38,0.8,-27.37451960021219,0.55523681640625,28.06884973788815
id_bd7i6m10vkbb.wav,4.224,0.6,0.45,-31.762262798455176,0.266876220703125,45.95488647584685
id_4puthqwodn36.wav,3.04,2.98,1.5,-39.43177157853611,0.088836669921875,8.342039336211222
id_q8pawbfbipzz.wav,3.36,2.28,0.4,-22.76800126901447,0.707977294921875,49.81935804195483
id_84ej9ape6585.wav,3.92,1.13,0.75,-25.65682228880449,0.54730224609375,37.0558974629929
id_3v9vnj4ey1ks.wav,4.72,0.79,0.675,-34.05735096252839,0.28607177734375,50.04620069726734
id_1ojj7pyd271b.wav,4.56,4.56,1.275,-30.089177021526442,0.4005126953125,14.78106521526296
id_couamyqxb9gw.wav,4.4,0.67,0.45,-29.318417669722358,0.3953857421875,44.61735039762863
id_cepshfarm82r.wav,4.0,0.61,0.475,-24.51968030575182,0.6966552734375,48.45719329726547
id_vblalo9yt6kg.wav,4.16,4.05,0.55,-29.031524718213678,0.690887451171875,26.67638488901932
id_1dkpnb2vcbs7.wav,4.8,4.59,0.45,-34.29888091692524,0.2117919921875,37.18385732664526
id_39eqo7zuhrw5.wav,4.16,4.12,1.025,-36.55138212742408,0.164306640625,27.650685248077416
id_cabxws6ngycr.wav,4.32,4.04,0.425,-35.05886644014234,0.286834716796875,28.51907053807433
id_6fdpysbf72mw.wav,6.4,6.25,0.95,-29.614732476645873,0.620208740234375,29.183877005702506
id_ljf0h73ggt7p.wav,3.52,3.5,1.075,-29.36421325185527,0.471282958984375,17.052121134907768
id_g6x3b2q1hmrc.wav,4.64,0.83,0.6,-40.94743960606849,0.108642578125,46.11864532969199
id_uvijab3h4pfp.wav,3.28,0.68,0.575,-35.580347822035485,0.11138916015625,53.69191767697268
id_xei6xr623kx6.wav,4.08,1.78,0.6,-32.48639103813534,0.54595947265625,41.51962181448386
id_de058dza34vu.wav,5.6,0.87,0.65,-36.337535176755004,0.216339111328125,45.76993427507932
id_1lrlnjt5yat0.wav,2.72,2.67,1.5,-38.73821052431363,0.072509765625,8.660065973566525
id_ettvq7khrcrl.wav,4.24,0.65,0.55,-29.948093103737513,0.57928466796875,47.81092267936761
id_x57y1tayyhhf.wav,4.56,0.46,0.35,-23.75097067348404,0.910125732421875,54.85569810645584
id_mcmfpml75fxs.wav,10.24,0.64,0.4,-39.65285613248673,0.279296875,48.963351045738875
id_hdkh86n6y47o.wav,4.48,3.73,0.6,-37.7988365182369,0.1259765625,30.31563427774926
id_756zyn35i0aq.wav,4.56,0.72,0.6,-35.333981077050026,0.228759765625,40.077224816671006
id_htxhsuv9r31s.wav,3.84,0.78,0.65,-36.79675177980433,0.1654052734375,46.43543835351639
id_sd4w5u0eh272.wav,4.864,3.28,0.6,-39.010646816256155,0.129119873046875,35.25701430918899
id_s46d8g93t7w4.wav,8.72,0.71,0.6,-31.375955641657743,0.438232421875,65.80488861406732
id_tdvbek9ztwfd.wav,3.76,1.32,0.525,-31.224014749461332,0.20166015625,41.17348281036688
id_sj8179j9i6nw.wav,4.08,1.7,0.425,-25.993468409436232,0.999969482421875,26.269182596063423
id_ktbqzoshl7sa.wav,3.92,0.44,0.275,-38.64267799943521,0.246978759765625,65.42381232129898
id_7sya9ne05lmc.wav,3.92,2.2,0.575,-31.999204784900478,0.2303466796875,34.44584414569328
id_qe2bmybhllbb.wav,3.36,0.5,0.3,-25.069347003889803,0.725799560546875,38.45181694852672
id_m9784h87c2ce.wav,3.84,3.0,0.45,-26.0390272331888,0.859130859375,41.16722015157751
id_njrdl87q56ko.wav,4.608,2.77,0.6,-42.22773856139672,0.188629150390625,35.66577085080089
id_vmbwicdpfn68.wav,3.6,0.44,0.225,-40.94323519137055,0.297149658203125,62.75188592179385
id_r62xen76u4e6.wav,5.04,0.89,0.6,-26.34381143319966,0.772186279296875,37.7311124904917
id_8xoz8dm0mqcl.wav,4.08,1.35,0.375,-35.423851207309205,0.275421142578125,36.73746332270704
id_8jyadbv3c4jd.wav,3.36,0.92,0.35,-33.54440912981954,0.257476806640625,42.01349798070741
id_q65izqe31eoq.wav,6.08,2.38,0.875,-24.594096793876666,0.863922119140625,46.665307217746914
id_u7734w0wzh4b.wav,4.24,0.54,0.4,-31.406025190192093,0.368621826171875,41.814753355532886
id_gd5h7t7bvsmp.wav,5.12,5.12,0.425,-34.943696661856144,0.45458984375,43.21721463690332
id_y9gsfsua1ca1.wav,3.28,2.94,0.4,-26.675986396853553,0.553680419921875,34.47438327878004
id_dfkjpqbr1p7z.wav,4.72,3.73,0.675,-36.57228174244126,0.212646484375,31.068051889041634
id_xmv3v7rtixle.wav,6.4,6.18,0.4,-34.32248538244784,0.64605712890625,20.88136027362943
id_at0vgpe3z8h7.wav,4.0,0.59,0.375,-26.05742116980911,0.925994873046875,44.864527396465604
id_798ixpgenmb2.wav,3.68,0.82,0.475,-34.137045687704386,0.384796142578125,49.613269765855456
id_u02jty16yn6s.wav,3.84,3.65,0.8,-40.88600400362176,0.061767578125,23.478001410125266
id_wfmdskugj480.wav,4.8,3.25,0.525,-27.807405977257243,0.703887939453125,59.49877814608848
id_wrzb7o3szwls.wav,5.248,2.26,0.5,-30.774229975040264,0.41802978515625,51.843014013428416
id_foh6ysweha61.wav,3.44,3.18,0.625,-27.75835648536934,0.55767822265625,22.262032469546696
id_wpertb70txre.wav,4.16,0.75,0.5,-29.012003375257574,0.86334228515625,36.945459359837244
id_8yew1mu95say.wav,5.2,4.55,0.7,-30.420165616096767,0.50030517578125,29.236630376915468
id_b5q127tpbhia.wav,4.48,0.69,0.575,-20.91199111105905,0.867431640625,54.81780162261442
id_rr1qabm1x27p.wav,4.48,4.33,0.575,-36.638555942686814,0.213165283203125,28.354024533326303
id_r5olf0tucpg0.wav,4.96,4.67,0.825,-27.38208838030267,0.62847900390625,28.953901527487634
id_dhizjualnvo8.wav,4.4,0.83,0.7,-32.010985192673374,0.4716796875,45.30328613270793
id_pzq10tdm03z6.wav,4.24,0.51,0.4,-26.947036333105572,0.854339599609375,61.817403727130674
id_mjzp90gyx144.wav,4.0,0.44,0.3,-41.58090459800222,0.142303466796875,62.54552678183874
id_jjsm4qee2ezh.wav,6.48,2.19,0.45,-26.95201689938797,0.483551025390625,50.39416317338575
id_sdwq1fnaqvdz.wav,5.52,4.48,0.575,-24.466515650808986,0.844268798828125,42.6445795142017
id_ar1cbaaq2kw6.wav,5.12,0.53,0.4,-27.285995087107665,0.93798828125,50.21003933348156
id_xxqyzf12fhip.wav,5.76,1.21,0.55,-24.34475928431524,1.0,42.86803876919954
id_54acpxzvh5dm.wav,2.48,2.44,1.45,-37.559848693500896,0.067108154296875,22.77510529205704
id_148urbd8geyv.wav,4.08,2.0,0.425,-26.860538822424086,0.423492431640625,34.92755635915874
id_brjz2juc6iy7.wav,5.28,0.68,0.55,-25.72582616634095,0.562347412109375,43.49240847250485
id_2ei1g4i35afh.wav,4.88,2.27,0.625,-23.926506053507918,0.999969482421875,47.530155280377656
id_rd4kz34yhlmd.wav,4.4,1.65,0.5,-30.32305324161817,0.50738525390625,41.14279168462603
id_eldlv1h67tj6.wav,4.4,0.91,0.725,-25.1296317144101,0.657623291015625,48.54694969966052
id_gxock9bcfzkc.wav,3.456,1.996,0.525,-28.552534011846298,0.324554443359375,44.62465714943572
id_qiy1b23g1epr.wav,3.28,3.25,1.45,-31.036369076438326,0.37005615234375,13.009578170572134
id_v52azydqljby.wav,3.6,0.65,0.5,-27.90612230963065,0.4923095703125,45.24847539824077
id_02rt0p2zqm6s.wav,5.28,3.55,0.4,-32.39547849404993,0.87347412109375,35.910231371233024
id_h2rwzq6wgp00.wav,5.12,2.62,0.7,-33.72852451104945,0.427978515625,41.13157389959649
id_n39l4uejrf9x.wav,8.48,6.72,0.625,-25.499704771330535,0.730499267578125,37.84580838061104
id_6ir859hvk961.wav,4.32,4.03,0.525,-39.67497674936662,0.10662841796875,34.256750906060894
id_04qv4abenujq.wav,4.16,0.5,0.4,-32.10112477632374,0.37701416015625,55.16998790218671
id_3vhme6rkljk8.wav,3.12,3.09,1.475,-34.661257613660815,0.190643310546875,12.892038530270582
id_5enu5fefig4g.wav,3.2,1.42,0.65,-26.806639246800618,0.6671142578125,35.73290562672875
id_p28wynywbb5x.wav,4.24,3.86,0.375,-30.76674397224659,0.28179931640625,32.31566203897451
id_c3peoiq1t3ft.wav,5.36,3.36,0.675,-19.269618643729626,0.79248046875,59.89097377255298
id_w0mmdjwwj5fm.wav,4.08,0.53,0.425,-23.782405097798637,0.96624755859375,58.081399570692646
id_pwe22n5gqj0i.wav,3.44,3.26,0.375,-32.39076769479584,0.31060791015625,33.366108916077316
id_tcn0lf1ijnx3.wav,3.28,1.91,0.525,-25.453910189930482,0.608062744140625,33.33233104483439
id_gd93ufw6b2bk.wav,4.0,1.17,0.8,-40.579575810800705,0.190338134765625,36.21625029989245
id_7wbumizqe5uq.wav,3.92,3.14,0.35,-27.978268298226205,0.604339599609375,31.341276149738018
id_r0fw2xtim0cq.wav,6.16,6.01,1.5,-47.17972338611881,0.054962158203125,6.369849103221682
id_7mw802r5vbqh.wav,5.28,2.46,0.375,-29.051766077733255,0.999969482421875,43.41902763117073
id_aso285bikqia.wav,4.8,3.98,1.0,-22.69223731464638,0.6939697265625,28.009412596052833
id_av016vr7g5uv.wav,4.8,1.89,0.525,-31.646535691136606,0.413970947265625,53.052013070224255
id_5zk0h58qb0w5.wav,4.0,3.74,0.35,-24.84136666916485,0.66082763671875,29.620039878615056
id_u5ebh6mnci7y.wav,3.36,2.02,0.9,-32.64067833573768,0.150543212890625,48.84147881054419
id_mgq2mjzeujvd.wav,4.16,4.13,1.1,-28.988093489455263,0.38916015625,30.126196813415973
id_4p3iqfi8wcht.wav,5.2,4.57,0.575,-31.443408894883365,0.41650390625,33.212793585191044
id_dbhyt6c8sg9z.wav,6.0,5.36,1.375,-26.647479127057025,0.738922119140625,28.524428483819683
id_5jnqlg9ydxwi.wav,2.88,2.87,1.5,-31.24920414812705,0.426239013671875,10.853658097470372
id_kfv0m2g0edvq.wav,3.6,0.97,0.725,-30.425888770023587,0.29705810546875,49.8407482018542
id_qanj7xspevy0.wav,6.24,1.06,0.65,-34.47634681814576,0.423736572265625,49.68225413004111
id_4yce0h71hp98.wav,8.0,4.58,0.55,-32.144769078676404,0.535491943359375,39.346376014834135
id_1o9ol53exqhv.wav,4.4,0.9,0.775,-30.601115010768996,0.518218994140625,49.32387905225754
id_u9yd2fuutjxq.wav,3.76,3.19,0.4,-28.566822340705404,0.54669189453125,35.57200365883598
id_fglh1nuu2fyn.wav,6.08,5.35,0.55,-37.62488273066954,0.1827392578125,32.69259011782265
id_svwbs6og58bd.wav,3.84,0.85,0.525,-34.06883944511291,0.259765625,42.57583710152211
id_kw9tj53fucj2.wav,3.76,2.65,0.475,-27.898244892581182,0.623046875,30.791560229275333
id_zt8g7h15360k.wav,4.864,3.17,0.575,-23.285877113339794,0.60003662109375,38.46696752153497
id_2h93m6fykfgm.wav,6.4,6.37,0.375,-35.54241782843912,0.2646484375,35.11230847194338
id_nkr21kxvq3k9.wav,5.36,3.18,0.55,-26.85862806692423,0.6907958984375,51.57265676698322
id_vy4zqgbfe67l.wav,4.08,2.47,0.675,-27.234071305646545,0.696624755859375,29.832837250013682
id_n18aro100dmq.wav,4.16,0.87,0.675,-41.49916592452258,0.084259033203125,44.65879634578185
id_auvi9ux6aats.wav,4.24,1.07,0.75,-31.85633624853304,0.2791748046875,49.865244891126835
id_rwvl01jw5prq.wav,3.04,2.99,1.5,-36.31818594210762,0.10284423828125,10.034320383783324
id_29euu0fxmw5j.wav,4.48,0.78,0.575,-24.41847416518251,0.601348876953125,38.37926304411579
id_mgxlww2b1yc9.wav,3.52,0.43,0.325,-40.713517958221615,0.12457275390625,62.604616337385096
id_ozaso8tnv6l0.wav,4.56,2.6,0.625,-34.33246698193735,0.40435791015625,44.141332770667105
id_db6irdplascn.wav,3.28,0.6,0.4,-24.04943584948549,0.648773193359375,53.89516215401535
id_k4cxz85lpmvw.wav,4.48,1.36,0.425,-34.92891608159146,0.285797119140625,63.5869174145179
id_3wrw0hik9l07.wav,4.0,0.69,0.525,-21.976368325676006,0.877044677734375,48.53884145651899
id_rsyd6inzcj33.wav,4.16,0.46,0.35,-41.693055134964546,0.159393310546875,62.00261918823013
id_simgekq82lsp.wav,4.32,1.25,0.675,-28.55867570136363,0.5706787109375,48.44136285296775
id_5qagomuwe6iy.wav,4.72,1.93,0.525,-24.94647349388775,0.494873046875,46.869171671868116
id_and08mbfx80v.wav,3.92,0.92,0.775,-22.764762049462846,0.91796875,49.33230984201655
id_9fwf3aocioyf.wav,6.16,0.61,0.375,-32.67638155584934,0.5400390625,45.63632473194541
id_h31plco0flme.wav,4.16,4.16,1.175,-35.37594786566781,0.33099365234375,18.123773077829824
id_8ouy9rigwala.wav,3.44,0.55,0.425,-23.482602115945003,0.881195068359375,58.33741482692728
id_03gbgoj40xmf.wav,3.68,0.78,0.675,-19.81189779685556,1.0,66.49124748060727
id_z2d86p8r4i82.wav,4.4,3.8,0.575,-35.763641770442746,0.258026123046875,25.987897095790203
id_4gbdthllm11n.wav,8.0,5.91,0.775,-39.26901338908423,0.26025390625,44.29190034463757
id_n8er949u5qwr.wav,4.64,0.45,0.325,-27.48019504336595,0.902740478515625,54.12013763947164
id_qi5e6fbf32o9.wav,5.12,3.49,0.45,-37.13480333132468,0.17529296875,36.68330714629376
id_ydisvxf627g5.wav,4.24,3.86,0.4,-38.23792637648833,0.27685546875,34.431120820841215
id_4v4m9q50zgne.wav,9.52,0.64,0.525,-36.2177116046053,0.28094482421875,30.133111808297716
id_nwfq4z8zcz9r.wav,4.16,0.43,0.3,-37.52520877584607,0.2159423828125,66.6808836347133
id_smtkiilr4v28.wav,4.32,0.61,0.425,-24.731660351373954,0.70623779296875,47.44752281646132
id_169bu2n1892k.wav,3.44,3.12,1.5,-43.66484984015992,0.07965087890625,14.550604298482966
id_oa35enkla6y6.wav,5.84,5.81,0.85,-34.345570850019634,0.230621337890625,29.04824432789613
id_73n755ivrko2.wav,3.44,0.58,0.375,-33.88068757962864,0.2628173828125,44.12111278325382
id_fz05q7xhg5p2.wav,3.68,3.68,0.675,-39.360809045877915,0.23492431640625,25.272693938157843
id_5qobln00kf5a.wav,4.4,1.45,0.5,-28.920912699863006,0.370391845703125,47.35422627042564
id_xec3x2oeoefw.wav,3.36,0.72,0.6,-35.962673983845804,0.20465087890625,45.04853452381961
id_7olo9np5y7lz.wav,5.36,0.48,0.35,-32.41363640749424,0.4974365234375,43.43137385003517
id_dwpscsrrv9t3.wav,3.68,2.07,0.575,-29.283331916307244,0.47198486328125,42.2318867482916
id_2rsigmjls3mf.wav,6.88,6.87,1.0,-31.349542979742896,0.3878173828125,15.024927267422083
id_2gv46gzuig5m.wav,4.0,1.98,0.5,-26.790276477252974,0.859466552734375,45.387963067113304
id_9ykopnerqn9g.wav,5.28,3.91,0.675,-43.938359354402735,0.127593994140625,30.82789247139697
id_fkt1qmz90evv.wav,3.76,2.1,0.525,-34.91498817107016,0.293243408203125,36.94925676432195
id_usbe24qaq2zj.wav,4.72,4.51,0.875,-27.371932626829043,0.733306884765625,30.328869590860606
id_drm9nxn63d44.wav,3.92,1.62,0.525,-28.055383447967603,0.417572021484375,40.98008619625029
id_lk9l4v4n8oto.wav,4.224,1.79,0.6,-27.287747640882202,0.569244384765625,40.0348135285665
id_sbc61ne4a7ys.wav,4.736,0.83,0.7,-25.974647392824316,0.66705322265625,46.9876656929918
id_ydxyx1phm70t.wav,4.16,0.65,0.525,-27.43480062694518,0.855377197265625,56.52983990572289
id_i8onf09fupa0.wav,4.48,4.48,1.425,-36.40411538880645,0.169189453125,15.54764123838524
id_cgc2ycqq0lok.wav,4.72,0.48,0.375,-21.454644548006332,0.90045166015625,49.764601848740746
id_1lfqvu0tzm17.wav,4.4,2.48,0.425,-28.788314336240283,0.76654052734375,55.870440522031664
id_fzkznja8frvg.wav,3.04,2.9,1.5,-34.28429199201028,0.176971435546875,13.39641477917909
id_gt761nff5ef4.wav,4.72,3.16,0.575,-24.927753024572752,0.76104736328125,45.90574016764849
id_rbeojr4a0uf7.wav,4.64,0.65,0.475,-26.843682295983594,0.85919189453125,57.85347401021127
id_hojx06ejprq1.wav,4.88,3.14,0.5,-27.210580882975087,0.8670654296875,52.34458204287921
id_cze9fkz5avjz.wav,3.28,0.67,0.55,-33.250383232682175,0.114959716796875,50.65920050202435
id_5vzy773cgpr2.wav,4.88,0.51,0.375,-32.93959818751675,0.414947509765625,43.69028392275616
id_d6k42wlqexub.wav,4.48,0.68,0.475,-27.233910942640374,0.814239501953125,39.031980857014794
id_pu1lxkz6ie43.wav,4.4,0.69,0.525,-26.608747136414934,0.714385986328125,47.136633475247024
id_snlc878z8yxm.wav,4.96,0.73,0.525,-28.748329668094996,0.609375,55.85644372182912
id_1kwmypt6w7ns.wav,5.52,1.97,0.5,-28.886093985207715,0.4986572265625,44.758249895819375
id_801xij8qyrxx.wav,3.76,0.85,0.7,-35.29489651217101,0.191131591796875,49.37108842640727
id_zfcfcxzpb39a.wav,3.2,2.9,1.2,-31.913810751010544,0.283050537109375,22.590454940545
id_j4ekrzmqnvze.wav,7.12,3.21,0.475,-39.56734236935172,0.28057861328125,47.648725398933664
id_oj93e49jcb9y.wav,4.96,0.93,0.575,-28.451289468028477,0.72314453125,50.558314292673984
id_6agex7khfq2c.wav,3.52,2.12,0.325,-28.121801875987593,0.48638916015625,38.77578925476829
id_5yfyfzf0g1c8.wav,3.84,2.4,0.45,-34.77667132167775,0.1717529296875,38.81230138284121
id_syfemfprvnb6.wav,4.72,4.72,0.65,-36.328094636057905,0.22705078125,19.4988507561128
id_0nnt1c1jb0ww.wav,3.36,0.66,0.35,-33.976172019523275,0.219085693359375,48.26816248049634
id_9a75rmdtjge4.wav,4.4,2.71,0.425,-45.99522867476617,0.1217041015625,45.21060954217505
id_jau8lr8cqqko.wav,4.0,0.75,0.625,-21.568740882904535,0.6573486328125,51.86986927487795
id_c8klybca8kzh.wav,5.28,3.97,0.7,-31.805420210919713,0.39459228515625,40.14142928807117
id_if8t1w94pan7.wav,4.0,0.51,0.4,-36.076868692803046,0.174468994140625,48.883291541852685
id_o55alyxhdzou.wav,4.64,4.57,0.625,-31.12917306946912,0.4324951171875,23.047849208837317
id_v0h1esms6sgt.wav,3.36,3.08,0.6,-42.98447762064292,0.113555908203125,32.31944972449168
id_5ym7luykk2xy.wav,3.2,1.83,0.325,-33.96379892482632,0.28839111328125,44.81483913476143
id_ux7wyqip0oeo.wav,4.16,1.18,0.6,-31.994112296621925,0.448028564453125,49.179195465970395
id_qlil9t1q7x9r.wav,4.224,0.63,0.5,-31.36279662465922,0.403656005859375,37.59122517624546
id_gfhus61l6300.wav,4.8,3.55,0.475,-28.024882995952414,0.999969482421875,54.10037442826838
id_8ws5x61egevg.wav,3.12,2.82,0.775,-25.67228209426505,0.603363037109375,29.486974336331723
id_p8z4fj1xzuz9.wav,4.64,4.27,1.05,-32.766033982527674,0.35369873046875,23.734133660054642
id_37zj1oo556h6.wav,3.84,0.74,0.6,-29.238791435615468,0.295196533203125,48.593677450646084
id_m3q0uzr8ge1w.wav,3.52,1.49,0.6,-30.863716852452526,0.511810302734375,42.744693542307324
id_a3pmmgmca8pv.wav,5.68,1.05,0.5,-33.472681463677745,0.34918212890625,49.4824854704732
id_32p1el13bwqx.wav,3.76,3.28,0.775,-27.2696717883467,0.626190185546875,27.613729998141007
id_beqpnbstt014.wav,3.968,1.91,0.6,-34.92535369382129,0.202667236328125,37.94466530499361
id_09yk1xlz73wm.wav,4.16,0.47,0.275,-31.027328016151618,0.55963134765625,43.599760552863984
id_m4voy66nxi6l.wav,4.32,4.07,0.75,-28.193924432833114,0.3829345703125,25.446138099176608
id_d2i3waa34xwr.wav,5.28,0.68,0.55,-34.84614064235228,0.210784912109375,43.368968852802766
id_kkx07jsz7nr5.wav,4.16,0.88,0.5,-38.490649762864166,0.170074462890625,42.85193481240722
id_n2k9f4nciumy.wav,5.44,5.4,1.2,-41.69110881361837,0.188079833984375,15.239391664474667
id_tbbzxy9n6e72.wav,4.096,0.97,0.475,-29.646353935747292,0.28271484375,44.93196211839043
id_hirkpckdk7b2.wav,7.76,4.35,0.675,-46.963877135995695,0.107452392578125,33.36875020830976
id_rov4dfpgzdxq.wav,4.08,0.65,0.45,-37.061066850633935,0.240814208984375,49.44468744110698
id_8z0bmxw2dpd4.wav,4.64,0.58,0.475,-28.1339836697453,0.480499267578125,46.894339293343855
id_2h0h7uny06df.wav,5.28,1.67,0.45,-37.03933235258574,0.24212646484375,37.398667435524615
id_o8x2ahsyfcuf.wav,3.6,0.52,0.4,-31.35897732679156,0.448883056640625,54.267599141771534
id_8ip0h60imnkt.wav,4.16,0.99,0.55,-30.12866037669418,0.22125244140625,54.31162985648579
id_clwgq3est1zy.wav,7.68,7.49,0.825,-25.02845966109814,0.44708251953125,30.58994767812581
id_taki0ypga2mi.wav,5.76,0.71,0.5,-30.52923416573085,0.575347900390625,43.988182999678884
id_xtwjbcibizfz.wav,4.48,4.34,0.9,-32.36496170344191,0.28668212890625,26.147447955051394
id_vvpcrv23uege.wav,4.48,2.29,0.5,-31.8431052316353,0.347869873046875,44.25636645942696
id_f5yzh0otn33t.wav,7.28,7.02,0.5,-30.26827979710971,0.57476806640625,31.9298326827157
id_ojq0on1hiugb.wav,3.76,0.45,0.25,-38.087143565832605,0.32147216796875,66.59580224770367
id_gdq23p6xgzya.wav,3.04,1.09,0.675,-39.95288561348601,0.10009765625,34.73552538585567
id_heskmq5sn9f6.wav,6.528,0.58,0.45,-31.97953007456492,0.430419921875,48.73744533154674
id_zi44b1tsl0mv.wav,4.32,3.01,0.525,-36.059855496895786,0.264923095703125,29.086889310148493
id_3oj2j7dal77u.wav,6.0,0.58,0.375,-34.23866322745663,0.287841796875,39.24803990018731
id_pk7poaz80pyu.wav,6.48,0.73,0.625,-27.235816767506783,0.716033935546875,51.124321342503706
id_u1k3uiq2cijc.wav,3.76,2.49,0.575,-26.81847985681976,0.808837890625,40.7740155126525
id_eui48zuwdrrj.wav,4.16,3.83,0.775,-52.287834887748446,0.057769775390625,27.71774044548269
id_s6oqpdks8id9.wav,7.2,0.95,0.725,-33.6696497068182,0.35955810546875,50.50109749815009
id_gpndyj9dnq5q.wav,3.12,2.85,1.5,-39.54372830641245,0.2598876953125,12.380487117883568
id_ay9zcb9a737m.wav,3.04,2.96,1.5,-36.88788286913895,0.092529296875,11.59701707481915
id_xun1a85y1t9i.wav,2.64,2.27,0.975,-33.915779128703086,0.17437744140625,24.667369712100736
id_rpmuer21zuyy.wav,3.68,0.44,0.3,-37.57640158538643,0.2603759765625,63.63219752005097
id_ikqrhb9zku8j.wav,6.64,6.05,0.55,-32.851361121505924,0.80926513671875,22.64812343072564
id_73ry0uvspsbk.wav,3.584,1.21,0.6,-31.280770542378097,0.275299072265625,43.578088814485
id_y808coxysvse.wav,4.0,2.21,0.525,-31.070573899847695,0.38067626953125,33.970310261091385
id_5aly5y4f0ihq.wav,4.96,2.88,0.6,-29.887292467840897,0.679718017578125,56.56434260126775
id_w0zjbgevmybk.wav,4.48,0.69,0.575,-31.033702662262385,0.5352783203125,36.24412363711312
id_amtbp2zrdt2v.wav,5.36,5.36,1.025,-37.03545886353383,0.25616455078125,23.222076078409167
id_xkz8z5pvctcd.wav,3.6,2.68,0.325,-36.432668121199654,0.347381591796875,38.86349447025568
id_86fusq09iz8g.wav,4.08,0.93,0.675,-31.31936220160361,0.541015625,45.214176466652724
id_tbouclvrl4cd.wav,3.92,0.75,0.575,-27.353067358015252,0.999969482421875,43.37977027244273
id_esewddw9abqg.wav,4.32,0.86,0.65,-32.66928832967671,0.3656005859375,38.66442027378881
id_ntuwsldb6506.wav,4.16,4.02,0.625,-26.09979816633425,0.42669677734375,27.027572944448067
id_w7oynmmdjbo1.wav,4.64,3.2,0.525,-36.00785682766701,0.281219482421875,27.513547252435625
id_9hem52dsvmdh.wav,3.84,3.69,1.075,-43.91418634281119,0.109283447265625,18.030764869429028
id_2uuqs2pwdcrg.wav,3.28,3.05,1.275,-29.27563615248073,0.38128662109375,21.46397123613887
id_sve7dkb8mptj.wav,5.36,5.34,0.7,-31.680748674664517,0.314849853515625,26.373952948832045
id_v2okjqke4zmb.wav,10.8,10.1,0.85,-38.92200659581293,0.214874267578125,26.9359297813318
id_k2duz51ikjrg.wav,4.096,1.34,0.5,-31.468722187093263,0.308197021484375,43.55023012524553
id_l9bm3ad5oe0l.wav,4.4,3.42,0.95,-39.226863133444326,0.148956298828125,24.954970231644793
id_66s905f25psf.wav,3.68,3.67,0.5,-25.22373945914477,0.593719482421875,29.769831985915893
id_ymnaarms2nvd.wav,4.48,4.2,0.9,-35.917866655278644,0.187164306640625,19.328976223493484
id_j0uu2dx8i4qr.wav,4.32,1.42,0.725,-34.712926468765886,0.1790771484375,37.924119683064966
id_dwmc7pfey5xa.wav,8.0,2.61,0.75,-27.153614304886204,0.640533447265625,53.099310016383065
id_4u9ga349wjbo.wav,6.4,4.41,1.375,-33.42727418665906,0.31512451171875,34.77250568934535
id_aj9j98m4uz9q.wav,3.6,0.6,0.475,-28.87227860637787,0.468414306640625,57.036038384833965
id_g09dylquxayk.wav,7.92,0.67,0.525,-31.437788055512325,0.325927734375,53.19082737839351
id_igdyf7ms42ul.wav,4.96,2.27,0.225,-42.07319317020851,0.140350341796875,37.49052450064553
id_b90xbcdf9dqj.wav,4.4,0.88,0.65,-27.36399628492456,0.466796875,43.54368084333822
id_q022n07kg3sn.wav,3.92,0.58,0.45,-34.45819762171432,0.271820068359375,47.83774745733462
id_peqjyodkns0r.wav,2.88,2.59,1.4,-32.84798858977712,0.239959716796875,16.813593973850466
id_rjl6li44m21s.wav,4.0,2.34,0.45,-27.79352302498144,0.84124755859375,49.37451386882835
id_n33f4gyld7hk.wav,3.712,3.02,0.325,-24.717822681972628,0.56158447265625,37.06984869349299
id_yj6qzu7vgcj6.wav,4.608,0.89,0.45,-32.87179877578669,0.3260498046875,41.37821626866675
id_fjstah7pnc0g.wav,9.216,0.6,0.475,-37.589962801663205,0.285003662109375,49.738726750957454
id_r4pi37axnl8w.wav,2.88,0.5,0.35,-32.9368615750274,0.3792724609375,50.98084567986497
id_66a5bv4weyig.wav,4.4,0.67,0.575,-32.64887283394625,0.308807373046875,62.4920064825155
id_7zr5lsaahcdu.wav,6.528,4.01,0.575,-41.099330176454664,0.165618896484375,34.56773915372581
id_n5n7rv0y1ar0.wav,4.96,3.0,0.7,-35.15757708790478,0.36907958984375,40.258925326594834
id_s5sfzeb06yrv.wav,3.968,0.65,0.525,-35.81683188740425,0.290374755859375,42.9711363455841
id_zyrztnzd2qul.wav,4.72,3.69,0.95,-36.931074361358235,0.24395751953125,28.73331376377873
id_h3bzrmh0w9ws.wav,4.48,0.56,0.45,-35.37447274250525,0.368133544921875,43.02001193044784
id_7jp0zhso80hw.wav,5.12,5.02,0.575,-36.33355591055262,0.22198486328125,32.18532693357824
id_r6mmzdb838cr.wav,3.6,0.54,0.35,-37.88048251866512,0.2017822265625,65.42154950302165
id_piouf4mayjp6.wav,4.88,2.56,0.85,-37.449394826969204,0.23016357421875,33.404966101333486
id_6ii1zps6z1un.wav,3.76,0.71,0.375,-29.582078509597117,0.605194091796875,57.7281615195529
id_d4aggzm19xp1.wav,4.24,0.74,0.6,-17.483116677550154,1.0,65.69088371487223
id_ztxj0zaafvgd.wav,4.32,0.81,0.575,-43.73526882637041,0.082427978515625,35.944320697211545
id_wjro813xbn2h.wav,4.608,3.488,0.325,-41.09748078787079,0.195953369140625,33.7885407206084
id_6zky32f2bj0a.wav,3.712,2.94,0.6,-31.501686740138236,0.35986328125,43.341358631958954
id_hngtb77ftgwa.wav,4.32,0.52,0.325,-25.05331942241646,0.8905029296875,65.1351494359118
id_h4539oe0nhuj.wav,7.04,0.77,0.625,-37.69659454651873,0.1689453125,38.09471981685978
id_pewfkx63ta4i.wav,3.6,0.52,0.425,-27.797591427588312,0.398956298828125,58.906224768522776
id_b2u2cogk1h6v.wav,11.44,7.66,0.45,-29.762710191614463,0.698760986328125,40.142962273264445
id_446qmiipkifh.wav,3.44,2.17,0.375,-32.768087843821064,0.293121337890625,33.77180304352559
id_3oeoe9r3pign.wav,4.16,3.96,0.725,-43.60221619610708,0.06744384765625,22.032042850281286
id_qpcnmbq9dhzw.wav,5.12,4.45,0.775,-30.548758774850945,0.464385986328125,40.98898550521372
id_njas808bf0z4.wav,5.76,2.86,0.6,-25.96494406607941,0.65594482421875,37.37357773422781
id_hzzzpsqwoq3o.wav,3.92,0.48,0.35,-35.974077044518694,0.1307373046875,54.20706868318765
id_map4q70pjdgb.wav,4.96,4.8,1.475,-43.20286665927991,0.10113525390625,17.84335788115944
id_ovvb2wnclkuc.wav,4.96,4.94,1.5,-31.263936725302536,0.35589599609375,10.21726151820863
id_5ta18s11zpg5.wav,3.6,1.13,0.675,-33.61056464784692,0.21832275390625,51.67079069709063
id_jtdryobm1anq.wav,4.16,0.72,0.525,-30.673962614640576,0.510986328125,49.63085805162011
id_ycj5r0yz4nzl.wav,3.12,2.83,1.175,-32.59152226404747,0.21270751953125,17.894977785992033
id_wkk0bpbw9do9.wav,5.2,3.42,0.6,-23.601680915379646,0.71826171875,42.354191168623736
id_z3q4ayf8otdd.wav,3.968,1.68,0.45,-30.25153481474394,0.4866943359375,47.46792351083272
id_cipds94oxrla.wav,4.64,4.32,1.05,-18.736596991712947,0.77313232421875,29.472011856802354
id_n8i2i9rknf3j.wav,5.44,4.37,0.625,-30.499154851012182,0.57440185546875,37.09715635270724
id_7h0407ve2v0a.wav,5.68,5.05,0.6,-39.23218837902372,0.279449462890625,29.846868349213864
id_a73vfn22twdm.wav,4.48,3.33,0.6,-23.222034459002778,0.8121337890625,30.76790608206871
id_n1si61ujqiis.wav,4.352,3.63,0.475,-29.399500247340562,0.493988037109375,45.615223081876906
id_9kysooszd258.wav,4.0,3.82,1.15,-37.34614130089709,0.101348876953125,24.85170710315264
id_flddeq4k3v5m.wav,6.48,0.9,0.625,-31.357665152438564,0.445281982421875,49.66176596091273
id_vo9nfsx311w2.wav,3.76,0.66,0.55,-28.729337775923945,0.506927490234375,54.94804189671368
id_0uvjq0t8k5r3.wav,3.68,0.54,0.4,-25.42397659557826,0.48358154296875,58.02838394111194
id_ni9z4dj1rkch.wav,14.0,12.1,0.6,-35.35557979532897,0.36810302734375,39.46044577408888
id_cglmmworvjz3.wav,4.4,2.16,0.475,-31.929317875497446,0.3173828125,37.804436343266964
id_8d48a00flo5q.wav,3.52,0.56,0.35,-34.39311845177705,0.365264892578125,48.313826133594276
id_t4bve9r0rq8b.wav,3.36,0.53,0.35,-39.445612477774624,0.150787353515625,62.82804504661612
id_nhz8baiq0d4e.wav,3.92,3.07,0.675,-33.33493011837244,0.218902587890625,36.00194963475189
id_jtznh406l2zi.wav,5.84,0.76,0.575,-35.78860598584456,0.234405517578125,43.84023201545601
id_gzvbct8ttp7j.wav,5.12,4.04,0.45,-30.079184160504578,0.782318115234375,27.493007360485223
id_wj17bv5a18i2.wav,9.76,3.03,0.375,-35.28875631556653,0.65020751953125,36.9491897547699
id_f1lfk227oqto.wav,17.28,0.7,0.475,-42.36124665682523,0.242828369140625,47.824158199744225
id_x2d89240nf7p.wav,3.52,1.73,0.55,-22.404775306661783,0.763275146484375,40.776852521273824
id_pbw5m68y94kn.wav,4.24,2.32,0.55,-35.68275819848108,0.19775390625,41.62032762774494
id_dbfvqtr8ffnt.wav,3.84,0.62,0.475,-26.905102392674497,0.419036865234375,52.62187434331497
id_fi1pmqpe24na.wav,3.968,2.07,0.525,-30.002677853975356,0.261932373046875,46.385702628579786
id_c4vzosdjy3g0.wav,4.0,2.09,0.3,-35.49626338941574,0.2457275390625,50.64497184892491
id_xkxu2i1s1o02.wav,5.36,4.65,0.825,-30.028244858295974,0.4989013671875,34.11714170227345
id_9an73fv3g83d.wav,4.0,0.69,0.575,-27.2804979774982,0.45745849609375,57.73810240138998
id_tbg1vd2edtvr.wav,3.76,3.57,0.45,-35.59971022267896,0.351898193359375,45.66527458303392
id_9h37alvag1li.wav,5.04,0.58,0.425,-30.495207659438947,0.542755126953125,56.717670329394934
id_dcweohgz4tsu.wav,4.96,0.96,0.55,-36.926138790662215,0.14111328125,45.585394598491035
id_i517xze5v36a.wav,5.92,0.88,0.725,-35.26186076031354,0.1993408203125,44.5449494902733
id_9mvo2k0n97bv.wav,4.32,1.86,0.45,-31.761786489129342,0.439697265625,39.049933563746094
id_injlouhxg1hg.wav,2.56,2.51,1.5,-34.10602382449784,0.12469482421875,9.643812489339396
id_hk16q6vbxr6p.wav,5.52,3.45,0.425,-27.461737637182857,0.4945068359375,50.61841698101385
id_tewe3iyfhpji.wav,3.36,0.63,0.475,-34.436745144556696,0.177734375,52.73969308669584
id_w5bdg02qe8b5.wav,3.2,2.44,0.575,-26.000682071050715,0.6412353515625,31.23196207120149
id_dur7cf37zndn.wav,5.84,0.66,0.525,-35.34510616505425,0.1348876953125,39.901603777476964
id_71hm75cdbak4.wav,3.68,0.69,0.575,-43.51786175509567,0.05096435546875,42.53492130441225
id_zrcaxt5exauo.wav,3.68,0.63,0.45,-37.86215418617674,0.218353271484375,39.21463557862418
id_m7p6eekewgfi.wav,3.68,1.16,0.6,-41.42874943392946,0.1429443359375,46.56892157814687
id_6kjj6t5dz4s4.wav,2.72,2.6,1.5,-37.18899602959198,0.12371826171875,11.965240136483423
id_hgbysxeasumw.wav,3.712,1.16,0.55,-29.031189270445484,0.457916259765625,45.378358350712475
id_ycpc7jwr5lpo.wav,5.04,2.59,0.475,-26.304705417544668,0.523956298828125,34.598955436549666
id_ahn6oa0gxis5.wav,5.84,3.35,0.55,-45.85075089076653,0.075469970703125,47.180435102969746
id_1fgmsufxpkdg.wav,4.32,1.74,0.525,-39.63869293152034,0.185546875,36.97272398341502
id_5dbep6fghf0d.wav,4.24,1.27,0.475,-21.735544881600926,0.724334716796875,51.60956339750827
id_r7081y0xtos0.wav,2.8,2.75,1.5,-40.947693269991525,0.081298828125,10.56488363610876
id_5s5ihian5fva.wav,4.08,0.57,0.475,-22.677849176652476,0.726837158203125,61.30914870724715
id_51uefqfmx9rz.wav,3.76,0.48,0.375,-36.42159889232068,0.217559814453125,66.394692117968
id_ue1lgt7wsjgh.wav,3.84,0.81,0.525,-35.926820338623806,0.152099609375,42.13689231190636
id_tpudx7rnt5y4.wav,4.4,0.97,0.4,-29.368229852580583,0.56201171875,49.83464080576216
id_9dtqvzepwb63.wav,4.32,4.05,0.575,-35.69958740866652,0.15185546875,27.4501153401219
id_s4gpgrtb6a1g.wav,4.08,4.08,0.9,-35.07847996196826,0.315673828125,24.264854495387056
id_hgxk47sqmr8w.wav,5.6,4.33,1.05,-25.360123166922953,0.63800048828125,26.768749815792887
id_59b4wvq3t6e2.wav,4.096,1.46,0.65,-34.30565264956216,0.2784423828125,40.50436513078424
id_hb6qwucth9b2.wav,5.68,5.68,0.85,-49.70655138049892,0.06744384765625,13.840076657801177
id_10hv6wfhhz7g.wav,4.88,0.65,0.525,-27.591094010620377,0.999969482421875,48.21950333699738
id_x47gshlfcoy9.wav,7.04,3.7,0.75,-24.803565775834006,0.763519287109375,40.98658034882119
id_weqnc6puafu7.wav,6.32,4.6,0.45,-32.171347213082825,0.35211181640625,37.060308611586805
id_qsuimon7ntvh.wav,3.712,1.29,0.55,-34.03324295459303,0.293212890625,42.03395685811136
id_5wajviimzv7f.wav,5.28,3.37,0.425,-23.95657858788578,1.0,42.236831060986844
id_uzfvl2gmux6m.wav,6.24,0.71,0.6,-23.211102486087828,0.702301025390625,51.24150682791273
id_3amwqazbl4y9.wav,3.6,1.7,0.45,-29.96746415393368,0.55780029296875,36.790332840314264
id_edwy74cljdl3.wav,6.24,3.07,0.575,-39.35055853535556,0.13653564453125,43.40947498175943
id_tw7ylhb8un5p.wav,3.76,0.66,0.525,-31.40482803734014,0.3883056640625,47.859508808219296
id_rj977o1rxrue.wav,6.4,3.1,0.75,-26.715849924830263,0.80804443359375,48.180285673785356
id_aagtkxubkqpf.wav,5.6,2.39,0.375,-30.454606779639057,0.50213623046875,49.251290058072684
id_n3gc4h5v81c2.wav,3.92,0.45,0.35,-42.17227735623624,0.17608642578125,61.45522080628581
id_xlks99i50b3r.wav,3.84,0.71,0.575,-37.400130754802184,0.175872802734375,49.12106074198682
id_7nfgp5a7fwp3.wav,11.136,6.42,0.8,-47.701829435175625,0.066497802734375,38.510698995475835
id_9admbsm917ox.wav,4.0,0.92,0.675,-36.410824945592594,0.164459228515625,42.62019353781618
id_k18jsiu2wqz4.wav,4.16,3.04,0.45,-30.484785968998324,0.4927978515625,27.62036172287935
id_dlnxuz5z61cg.wav,5.92,0.72,0.55,-37.15926403299751,0.2279052734375,52.79494763081213
id_usxah42fmi35.wav,5.44,2.36,0.4,-33.058360069958276,0.4483642578125,52.15403288348173
id_9w9iuirwru6o.wav,5.504,5.474,1.025,-31.258832446715104,0.368377685546875,17.20556458721475
id_jiz09p5ucmlu.wav,3.52,3.01,0.35,-40.09943136194509,0.1181640625,27.780647340987137
id_4v8ap7315sx9.wav,5.04,0.63,0.475,-30.61440595419018,0.389556884765625,46.411918669454835
id_ogeqaemr3bg3.wav,2.96,2.91,1.5,-34.18311265212319,0.2802734375,10.657161927295334
id_z8spxgllon1a.wav,3.84,1.51,0.925,-23.956865272373385,0.870208740234375,39.2349906500304
id_6mxwx62c6tni.wav,3.92,0.5,0.375,-35.08176503408917,0.276397705078125,53.296399333784024
id_84dub5txii70.wav,3.76,0.64,0.5,-32.856727190288254,0.42926025390625,46.27664437808615
id_f8utjemtmc6n.wav,5.12,0.6,0.475,-27.839688375407576,0.3909912109375,46.56704396532429
id_pm8pa4ahiyn4.wav,4.8,0.79,0.65,-23.984939935253358,0.853424072265625,55.302103378719465
id_7yuo96qvplv9.wav,3.44,0.82,0.625,-26.60550956152911,0.56170654296875,67.1976276882265
id_1hry8typiri8.wav,4.88,0.67,0.525,-21.052524408560917,0.999969482421875,43.60062259521452
id_p89x5f8f11av.wav,4.96,0.76,0.65,-24.620424864841205,0.830169677734375,75.12414897664722
id_ml99btoy9xt3.wav,10.88,8.66,0.325,-25.35989993350189,1.0,32.1452351407803
id_s56xvoran4l2.wav,4.0,2.19,0.575,-23.36223001969739,0.978851318359375,42.53539341213181
id_2crn2mrqxico.wav,4.16,1.46,0.7,-22.87927541795531,0.7525634765625,55.68133229757308
id_1kmsyljii35i.wav,5.2,4.96,0.75,-31.203386022226294,0.598388671875,28.851126974308137
id_pfoykf8qs1jc.wav,3.52,2.03,0.4,-29.17635364810996,0.793212890625,35.95533992599781
id_7f91xbvh8spl.wav,4.224,2.274,0.55,-25.713539802200152,0.541015625,42.65909708746781
id_xnqyexcjtczz.wav,4.736,4.736,0.425,-41.91125650799137,0.273956298828125,34.25225419686097
id_21l10o79qvdg.wav,6.88,5.24,0.4,-37.5537860932794,0.2489013671875,27.91288991483229
id_et2erv26gg2g.wav,4.08,0.57,0.375,-32.75945397780507,0.252899169921875,45.76775405650073
id_hycb5tfa3b9r.wav,3.44,3.25,0.775,-32.43563476817485,0.25738525390625,26.463877939560184
id_b07vxoz6xdqd.wav,4.88,0.61,0.5,-32.16425243914316,0.453521728515625,41.56331698119796
id_7d4dms25gv7a.wav,4.0,0.55,0.425,-24.386788727695013,0.632476806640625,58.67163711401899
id_gqg3mbipo36l.wav,4.096,3.94,0.45,-40.54562386757745,0.19830322265625,36.6121501116538
id_urmnukvuuzu7.wav,3.76,1.65,0.4,-31.382628535219737,0.642303466796875,30.65380416058093
id_lu72023pt7tw.wav,7.2,5.36,0.4,-38.7972618665199,0.204833984375,27.97740073540131
id_s4w8cvq8m5r9.wav,12.4,8.68,0.45,-24.815969893148107,0.89324951171875,51.7534991258139
id_jzn83vlm09jg.wav,3.84,1.97,0.55,-33.210761634369625,0.262603759765625,41.026325885229056
id_tf3fx45dvhf3.wav,5.6,3.38,0.55,-32.292686280196065,0.29461669921875,34.761203788814576
id_833b0varkgv9.wav,5.28,0.64,0.5,-31.1370750397554,0.6099853515625,55.11721056451371
id_94z1rxtn5eex.wav,3.84,3.71,0.6,-27.033850655647743,0.481536865234375,27.75826251290484
id_0g5sc48b7r8w.wav,4.608,1.32,1.15,-29.58353152048783,0.386077880859375,38.64523175212516
id_zu7epoy0q31e.wav,3.28,1.99,0.45,-45.63253697036576,0.089385986328125,39.145846455917116
id_uwdxt01nijrd.wav,3.68,0.58,0.45,-33.0609974276297,0.252532958984375,61.844161099918544
id_jr5jb638ithv.wav,3.92,0.8,0.675,-24.223634400196698,0.87652587890625,58.149155850804206
id_edmgvsrdtu3r.wav,4.0,3.63,0.725,-28.232873108279367,0.4583740234375,27.94252387179913
id_4is67z1txumv.wav,4.48,1.13,0.625,-26.51015919262052,0.501739501953125,43.80547750298831
id_ut0mcm0gym19.wav,4.08,3.89,0.45,-35.37757136433053,0.200286865234375,35.78390037615799
id_0rds13cppi5m.wav,5.12,0.42,0.3,-30.65283056947829,0.796783447265625,62.974533594067395
id_f222q7qtvsjc.wav,7.2,5.17,0.325,-28.24713892581292,0.8116455078125,32.2383290277794
id_jeubabq2oi9o.wav,5.888,5.27,0.575,-41.85214231810352,0.118743896484375,34.03260863372387
id_n3hyjqutup8w.wav,3.968,0.62,0.475,-28.22977533282127,0.496063232421875,47.68143179210978
id_4zbyi2wmmdql.wav,3.84,0.66,0.525,-22.572342513441903,0.876861572265625,63.409781260367254
id_cs4w6oqhdi9v.wav,3.68,3.33,1.475,-46.25770609253654,0.08538818359375,14.174300046690455
id_5bv65bcd3vce.wav,4.08,1.07,0.8,-40.20616338316004,0.142181396484375,38.166064838109854
id_g563fif4zhu5.wav,4.16,0.65,0.55,-24.79114816215842,0.853485107421875,61.694272288904685
id_9o62ubv16j2p.wav,5.36,0.77,0.65,-34.383773142292505,0.24871826171875,48.14470621221534
id_kxbic8yrn4g7.wav,5.52,0.58,0.375,-35.5279876514125,0.357147216796875,47.15192249792843
id_a13dy9i8zncc.wav,4.16,1.13,0.675,-37.153941316911585,0.30169677734375,44.11401075105047
id_vwpuz4i9vgkx.wav,5.68,1.65,0.675,-29.854295157998063,0.36468505859375,49.259080791345056
id_ljdlz01pnbbh.wav,4.24,3.03,1.05,-22.144283495173074,0.972320556640625,32.19989540448685
id_vkb3gx764p71.wav,3.92,2.36,0.55,-34.93579536163346,0.257843017578125,47.35775122762714
id_e12cioljm5fg.wav,5.76,0.7,0.5,-30.166682828362994,0.6461181640625,49.17133686479795
id_jhvjm9plbiut.wav,3.76,0.58,0.45,-40.67023187741526,0.246795654296875,52.58698583578128
id_00cn4kcmk98r.wav,4.0,0.52,0.425,-31.189587696364317,0.52557373046875,48.662445347777286
id_3txe9ba7hdse.wav,4.4,1.22,0.475,-39.93322488070466,0.275115966796875,38.014520126122186
id_15k8lkc7x9vj.wav,3.52,2.86,0.475,-26.4168663099843,0.641632080078125,33.63200325956627
id_mfup5yifi6b5.wav,4.0,2.09,0.65,-30.73124561262255,0.539337158203125,38.87507765075388
id_ytmbth2ezy9r.wav,2.8,2.73,1.15,-37.25539150442871,0.088897705078125,22.487954061179323
id_ji9hhxlfd0ms.wav,3.584,0.91,0.3,-35.47483252908354,0.21142578125,47.46225487762283
id_wga77chh1o10.wav,3.28,3.12,0.85,-33.40001064686082,0.29736328125,24.0948884647827
id_i6hk34wzwakn.wav,4.24,0.73,0.475,-34.879947426537164,0.490203857421875,33.837607569561726
id_dr3c8w8h664t.wav,4.96,1.0,0.875,-34.0847901280578,0.24700927734375,46.7869889405599
id_bcerjjn64bw8.wav,3.84,0.64,0.525,-31.69073240968441,0.41351318359375,52.33037737431734
id_4j93jbtsx7ll.wav,3.76,0.7,0.5,-24.323542158637785,0.89215087890625,55.854186369340425
id_zeoywzbp0qbd.wav,3.92,2.07,0.6,-30.604307628326683,0.31170654296875,42.576724785511246
id_u13r6ir6sbsa.wav,5.2,0.77,0.5,-33.19676253002625,0.382843017578125,51.949243007210484
id_yiiunjzt7k88.wav,4.48,2.31,0.55,-32.24479601726173,0.462066650390625,38.029942471379655
id_84ldvfqkl16q.wav,4.48,4.39,0.55,-30.42276098848916,0.33038330078125,26.44213691129283
id_hqxf01pc53ur.wav,4.8,2.32,0.375,-32.14247648776745,0.50067138671875,42.181381743361236
id_q2nz2lah0a2w.wav,3.28,0.89,0.45,-38.748811684898314,0.1187744140625,45.913981995498276
id_e4qje03mbvp8.wav,3.44,3.31,1.5,-35.10621508271372,0.383758544921875,11.355174260041352
id_9m9azhmysge8.wav,3.76,2.47,0.65,-29.25501654185497,0.490081787109375,35.209119697263674
id_r6vvyabasdhf.wav,8.4,0.94,0.825,-18.119371173987826,0.806884765625,50.463976271760956
id_jjpei2u6l2nx.wav,4.4,1.39,0.6,-28.299926002328167,0.3297119140625,41.203932903760304
id_2mgapraafo2t.wav,4.88,3.07,0.675,-25.816285142738874,0.5257568359375,42.97484832740676
id_i6ps7d05do3h.wav,4.32,0.61,0.4,-25.647609296592645,0.85528564453125,64.097686568573
id_ojxa8071i1n5.wav,5.04,0.72,0.625,-28.996545075438856,0.382171630859375,51.73514635158645
id_wyx32zqvfzl1.wav,6.64,2.46,0.575,-26.097556237802017,0.6304931640625,41.74482696649036
id_epqgtyozs0rg.wav,4.64,3.36,0.55,-36.50075302653315,0.13531494140625,43.67725532601496
id_3njxhyz4ieuh.wav,3.84,1.35,0.3,-37.05498912920242,0.32952880859375,45.80521080354998
id_n6n3ejhrfrnu.wav,5.76,3.09,0.425,-29.402305701956422,0.820098876953125,30.921059238989386
id_xzo5lt3ssdpd.wav,4.08,0.74,0.5,-25.775538112352393,0.884857177734375,62.247180578257016
id_ylehl0vdhpcd.wav,3.28,1.17,0.35,-25.684800981988527,0.64788818359375,38.83546546535685
id_8qybemrkfb39.wav,4.224,1.49,0.45,-39.150149401968676,0.136138916015625,44.25212138723461
id_7yuqcx130wjr.wav,4.88,2.68,0.7,-36.793863730112825,0.137786865234375,31.541974710099673
id_sn5zf3bb8ca5.wav,4.64,0.95,0.825,-24.17362808792295,0.8760986328125,46.112988454825725
id_0jyz56np458l.wav,5.12,0.61,0.5,-24.55122883316374,0.621246337890625,47.284731241563144
id_oe8353w2xjb6.wav,3.44,0.58,0.475,-27.39507742867,0.389312744140625,51.3225395953237
id_c11698pwq9j9.wav,5.04,0.76,0.575,-27.487361166455393,0.874908447265625,43.790959004118434
id_61k9l4k2fue7.wav,5.44,5.42,0.775,-36.17436024454105,0.320281982421875,25.97436161682617
id_78yaxftj59df.wav,3.76,2.23,0.5,-26.15673922296391,0.54937744140625,36.4113158707418
id_mg0q6mk6ph61.wav,4.56,3.63,0.3,-38.453184789737506,0.317718505859375,29.000061161502252
id_6khyytl5tcja.wav,3.12,1.81,0.425,-32.380991743639186,0.3436279296875,29.881633928256285
id_efkmat6yqp5e.wav,4.72,4.62,0.5,-42.88362576404893,0.08734130859375,32.377927549555004
id_6xg9gy9i8036.wav,2.88,2.75,1.5,-35.53243044417731,0.09625244140625,16.92686720143687
id_4semjrxvrfrd.wav,4.08,2.2,0.475,-29.87326529623423,0.398101806640625,40.51178132772665
id_3xv3kz7gtlqk.wav,4.16,1.07,0.45,-44.744639588617645,0.0860595703125,29.807623902101078
id_f1bhdqs5pr2n.wav,7.76,6.77,0.6,-38.38026713124194,0.1741943359375,25.105959547384206
id_53w7q7thuvt3.wav,7.68,6.11,0.675,-31.45803110308502,0.5662841796875,30.567270322295663
id_gt45539c55n6.wav,3.04,2.81,0.825,-32.6038914238056,0.209564208984375,22.834266480404153
id_fetpuy1tyujk.wav,3.12,2.78,1.15,-35.80729178553987,0.207916259765625,20.33139612376531
id_bzvlih2xjnsy.wav,4.48,4.38,1.125,-32.222178172081875,0.375762939453125,17.514546156340952
id_i8vsdb2mvclz.wav,4.32,0.98,0.5,-29.387278403082625,0.417938232421875,54.519808222139716
id_2toxc1ee6ven.wav,5.44,0.86,0.625,-30.53927611430943,0.470916748046875,55.41307931934602
id_0j7ud1pgj5e2.wav,4.608,2.95,0.6,-28.556401871359768,0.418609619140625,39.90106221643941
id_xhayxumxyll9.wav,4.4,0.48,0.375,-33.44969472319653,0.287078857421875,55.78855949603117
id_c48r08b67dj0.wav,2.8,2.73,1.5,-36.42152525369269,0.1016845703125,11.189279740979615
id_znz7qcu084sm.wav,3.6,0.53,0.325,-39.57449708462031,0.215789794921875,64.01286136175051
id_sc6zsndp9k36.wav,4.48,3.77,0.55,-28.731296071726288,0.86767578125,24.996860080068174
id_bsnarmple4cd.wav,3.44,2.59,0.325,-34.29118382159579,0.308441162109375,45.970735079549016
id_yhab5phwm4kv.wav,8.72,0.81,0.55,-39.05401208869294,0.16241455078125,39.07971555126814
id_wh9s08lh9wnh.wav,4.24,2.45,0.475,-28.709743792659495,0.44586181640625,43.01166286386183
id_4z4n9sg2cmwl.wav,4.352,1.91,0.45,-38.14283895457835,0.162933349609375,45.7026405240987
id_uwkm64jhtagn.wav,5.04,1.53,0.575,-21.374579756170395,0.87860107421875,49.77334550251163
id_54d0c5chzq2v.wav,5.52,5.25,0.5,-35.079120349236426,0.307220458984375,37.98380112537755
id_1d72bz0ncmmv.wav,4.352,3.92,0.5,-40.16519309279758,0.25848388671875,32.24460290249752
id_rlau1qiqnvm2.wav,4.64,0.51,0.3,-36.969360226272805,0.3785400390625,43.30211559210103
id_hslf9h2g3c31.wav,3.6,0.76,0.65,-32.308031827462436,0.285003662109375,51.792273748462726
id_5dodej20jg5h.wav,3.92,1.46,0.425,-38.10552646492265,0.20654296875,44.39004953272838
id_w9asari5e86y.wav,8.96,0.7,0.45,-40.967165954506996,0.25225830078125,43.685699972808486
id_jhtfc5dfc2m8.wav,4.88,4.52,0.45,-32.27859225229777,0.3642578125,29.087335599209627
id_vg6gcad53l67.wav,4.352,2.58,0.55,-31.850938825408868,0.367706298828125,42.69828641882075
id_a0j6pmpx9oa9.wav,3.92,0.71,0.55,-37.54769272283661,0.19573974609375,36.80835083938999
id_bln3iqc57vrx.wav,3.36,3.36,1.5,-61.07713998393936,0.053497314453125,4.191089988549869
id_sgaub2w8qc7m.wav,4.24,3.86,0.5,-34.00275116793451,0.244415283203125,25.986470574204706
id_mquvxgotnzi6.wav,3.44,0.65,0.425,-37.185106294926484,0.135498046875,49.25582943353059
id_93agssyzshlu.wav,3.92,3.66,0.5,-31.364512854525202,0.392578125,33.34677366064288
id_ls3ghmvdjn18.wav,5.04,0.71,0.6,-24.59155837489255,0.886962890625,64.85895202184368
id_zok499oi2fr9.wav,4.24,3.96,0.625,-40.283413699277446,0.126190185546875,31.43090829476955
id_lwlx3d7p65k7.wav,3.968,2.76,0.475,-28.296425422718514,0.57025146484375,46.252006128743716
id_xt2pjfnyonml.wav,3.44,0.54,0.425,-33.5697675475062,0.259796142578125,41.37357584801255
id_1xzoumfn0oj6.wav,6.48,0.73,0.6,-28.188294720591077,0.384857177734375,68.27888025830202
id_vt5z9rq4oy5o.wav,6.08,3.04,0.575,-34.68477036877452,0.467132568359375,35.58958543890758
id_gqb2lp0fznf2.wav,5.12,3.43,1.0,-24.26755065031778,0.884033203125,28.839214811238318
id_yt42jv5i5xcd.wav,62.24,54.53,0.4,-27.435469428931118,1.0,32.93209517930045
id_2occ7idp9d4l.wav,5.68,5.6,0.95,-27.48683914210586,0.590545654296875,21.493448440253005
id_htc6xgkh7j3w.wav,3.44,3.21,1.3,-34.602523432089356,0.24420166015625,15.813838297460379
id_nxn37xuppti3.wav,3.92,3.11,0.625,-27.500274030075417,0.593109130859375,29.327781068557947
id_35mkfss6bmju.wav,5.248,3.76,0.625,-35.626853045976084,0.38348388671875,37.36371584655589
id_rx7vw6cjk520.wav,4.16,0.62,0.5,-35.852053002352406,0.2471923828125,46.21074134347632
id_deshokjwh4v0.wav,5.84,5.72,0.75,-36.26377993389304,0.40069580078125,22.32602947116693
id_vz7xfmgmk31d.wav,3.584,0.62,0.525,-28.39977357657297,0.391082763671875,46.68107513823303
id_mxfuhffl8tjk.wav,3.76,0.55,0.425,-36.214632219450266,0.393096923828125,65.96593736653551
id_t5erw5g91ahs.wav,4.88,4.88,1.35,-30.714027106139614,0.716094970703125,13.013317190533552
id_ar27vy5b3pv7.wav,3.968,0.6,0.5,-30.587928781904715,0.26763916015625,47.478925670224086
id_reiv0xlxylj1.wav,8.56,0.61,0.5,-28.47190154843604,0.48016357421875,56.12386044848205
id_2f2gdmzajibc.wav,5.2,5.15,0.95,-44.81532386647217,0.09283447265625,23.717879541011158
id_q6v2cje7qrql.wav,4.16,1.18,0.475,-39.53820127189824,0.147613525390625,52.27254773947427
id_doaeojk98xc7.wav,4.24,0.72,0.575,-32.606705998014704,0.247161865234375,50.86451574305269
id_3b08magdq64p.wav,5.68,0.84,0.725,-31.155704040741785,0.30670166015625,51.17262771839703
id_lpckfn0jmlp3.wav,3.92,0.53,0.425,-37.236566903137934,0.15863037109375,49.7741728115031
id_y9yx6hxz4jfn.wav,4.992,0.74,0.625,-29.38716525253634,0.2965087890625,50.25038668005045
id_y0yr1wzqrnc1.wav,4.16,0.69,0.55,-32.333912252551045,0.37322998046875,43.04497455740511
id_1hz6e5tmm3k6.wav,4.4,1.44,0.525,-30.899837738592577,0.55120849609375,53.106670860839046
id_bw0sf4ipjtte.wav,5.04,3.26,0.525,-31.03200370183306,0.5479736328125,51.88082311571826
id_4i56pnwxol3b.wav,3.92,0.54,0.425,-25.895874454279586,0.708221435546875,53.679372822226355
id_66heh9ihea4l.wav,3.44,2.42,0.85,-17.501867318971904,0.999969482421875,44.03158299670472
id_qrk3zkhbygxi.wav,4.4,3.92,0.375,-39.4142200717653,0.155059814453125,35.46501398051639
id_je2xwkn85diw.wav,3.84,3.36,0.475,-36.11703547377503,0.2442626953125,39.51836994484384
id_90cs3gcrbvdm.wav,5.52,2.51,0.475,-24.323863585754818,0.999969482421875,46.78763177231238
id_ob68wxulbssc.wav,8.72,7.7,1.25,-40.06162046113885,0.173828125,29.79570792966952
id_ahfbx52nwlbb.wav,5.44,0.47,0.35,-39.48543294130263,0.165679931640625,52.72869993459778
id_nflxbdqlkxqb.wav,3.968,0.79,0.65,-30.92718273831446,0.471435546875,45.07756463982213
id_dekjzvqx2muu.wav,5.6,4.87,0.575,-35.584483929728215,0.275054931640625,27.136180653253625
id_k8jsyqs9zjh8.wav,4.224,2.03,0.575,-40.932027649648724,0.14080810546875,41.05086015808433
id_f0sv0jhwp84l.wav,4.16,4.16,1.5,-40.56745744241133,0.135284423828125,15.45906733039321
id_6udcu00kwjsd.wav,5.68,3.61,0.825,-25.833868007248014,0.71978759765625,50.488954401886126
id_ebwouc9dh9ai.wav,3.36,0.51,0.375,-22.179209120060428,1.0,63.28578048398142
id_97duco365yv4.wav,4.72,4.63,1.075,-36.22545434719184,0.35772705078125,18.028291488823726
id_c3vpgwyk9z57.wav,4.16,3.6,0.325,-27.0535434796303,0.61431884765625,28.658152539494942
id_ioa8q5xzq8yr.wav,5.76,0.69,0.5,-32.889775198385976,0.3167724609375,50.53965014079998
id_rnwc1i7zfsch.wav,4.24,0.65,0.55,-21.932867862324667,0.999969482421875,55.24742671382793
id_wlqsrpjcgyo8.wav,5.76,4.57,0.525,-35.1206569287615,0.247833251953125,31.28931343898094
id_exbhpn5dqcf5.wav,4.88,2.96,0.625,-31.48792431940541,0.414093017578125,33.40223298324803
id_m4vbzdct7411.wav,3.92,0.82,0.7,-33.66269044272445,0.293121337890625,50.610410915005495
id_heixq4g34eho.wav,4.4,0.56,0.4,-31.466100789158006,0.453948974609375,45.24913192656308
id_oe2wu2kfrp9p.wav,4.96,4.91,1.5,-46.30456071812459,0.085662841796875,11.203864225269491
id_in82kcbokkrh.wav,6.48,4.28,0.475,-29.862152391470236,0.8802490234375,35.76632960110343
id_0r3yinjho1sp.wav,8.56,0.9,0.775,-34.39388145989162,0.41485595703125,55.896222584353026
id_l8qou4tdc9qr.wav,5.68,0.5,0.4,-29.087172588077415,0.771087646484375,46.83285797055096
id_px1vfsokq0uu.wav,4.72,1.06,0.45,-38.71709966046509,0.193359375,34.622960076627024
id_5ro1uwe9bxk7.wav,3.28,1.2,0.45,-40.27284060330163,0.1221923828125,45.52979658558708
id_rvw33itc95fy.wav,4.4,0.59,0.475,-25.262382118441195,0.544677734375,43.764799911426806
id_1o6v1puynom8.wav,4.56,0.51,0.35,-31.285423720274878,0.450042724609375,45.64444190607787
id_xzw7r82igr3e.wav,3.28,0.57,0.475,-31.056966882082776,0.33355712890625,52.145851855811955
id_rnq8tbt3tzvr.wav,5.12,0.62,0.475,-28.868682321607906,0.59893798828125,44.146623774229425
id_f3l2kf7yvqap.wav,4.0,1.59,0.475,-23.28432043414744,0.87371826171875,49.98629455388619
id_xyuak5kp2zw0.wav,3.84,2.22,0.55,-37.92065787251986,0.1729736328125,38.44847021310889
id_tjugwmr0744u.wav,4.0,0.68,0.475,-27.9926616985747,0.998565673828125,53.42815585894496
id_03j13ry5yo13.wav,4.56,0.99,0.5,-39.04551310676049,0.138763427734375,40.68327670619462
id_a942p72yyue2.wav,4.096,0.76,0.65,-30.91307405391376,0.47796630859375,42.4042158627249
id_07mte6awbnfq.wav,8.4,0.66,0.45,-33.55175436689878,0.342132568359375,39.24251342832619
id_o8aid9a6gs42.wav,4.08,0.75,0.575,-20.92102237856193,1.0,64.59450311003118
id_xlzbiirsq295.wav,4.32,4.06,0.675,-37.30203128553573,0.377166748046875,26.162014219907675
id_se9q72rmdnmu.wav,4.24,4.24,1.325,-34.58361200629667,0.343719482421875,13.371716518122817
id_8vtppid9fytg.wav,8.0,0.76,0.65,-33.195123279834064,0.206512451171875,52.02464814308518
id_lcsg6a1tmg5o.wav,6.08,0.83,0.55,-37.36181496704869,0.27789306640625,42.272885258502654
id_8jht0664lv0p.wav,4.56,4.56,1.5,-31.590650789576344,0.366424560546875,9.811698930374593
id_ngq0ou23j8ft.wav,5.28,5.16,0.8,-44.5397243209711,0.12799072265625,29.1790102655427
id_i85nebhcujvq.wav,3.84,0.69,0.45,-22.643720659567293,0.628753662109375,36.29366338767272
id_5x0ht0zjmu3l.wav,3.2,3.19,0.5,-29.107466641866566,0.4755859375,37.793271015332266
id_6wkhgl8a8f8a.wav,6.08,1.03,0.475,-30.492219851019158,0.818603515625,49.375067484005875
id_9wy5h07fvdfr.wav,5.248,1.22,0.6,-31.56702443219698,0.350250244140625,37.501948844280264
id_kmsqrdwia7t5.wav,4.16,0.71,0.475,-34.726984689066136,0.19598388671875,42.89640006003277
id_ll43h9imb92l.wav,4.8,0.8,0.625,-22.869483910076966,0.8922119140625,67.32836712796507
id_yqrg05qt73gq.wav,3.68,3.51,0.575,-31.179354588924557,0.429351806640625,28.38121242483496
id_i26ny0vtfqmx.wav,4.0,3.84,1.0,-35.035621960106546,0.33056640625,24.13850781274439
id_qf5k58s3z7z1.wav,6.64,4.95,0.775,-26.727775485236606,0.85186767578125,55.071526067823385
id_ivnkpymzfw0i.wav,4.32,0.52,0.35,-37.94226054625361,0.257354736328125,40.81794731929353
id_ad1jndvfsvr4.wav,3.36,2.09,0.45,-26.657501367043714,0.514251708984375,44.491356609552554
id_heuu73wv6tls.wav,3.12,3.03,1.5,-35.895122929181106,0.22265625,10.896961813286097
id_sl3dc1niqpww.wav,4.16,2.41,0.45,-44.07804116194332,0.06329345703125,37.77929094701475
id_47iplmbhbbx2.wav,5.92,1.46,0.525,-30.237939597962328,0.39923095703125,46.15078589009816
id_de4wa6s62hzd.wav,3.92,3.11,0.6,-32.34204541329933,0.483978271484375,28.686990461766023
id_7so7re7zmheg.wav,4.88,0.52,0.425,-28.865910624005856,0.810577392578125,52.25563867173938
id_hhghk6yhg7zs.wav,5.6,2.43,0.7,-28.74346051040826,0.65478515625,42.27188229179428
id_tb68okcyj5se.wav,4.56,0.81,0.525,-24.13025917519225,0.90380859375,46.00976117977683
id_b1zeupufy644.wav,5.2,3.85,0.35,-26.795726257037412,0.504791259765625,54.44158497564019
id_172scgpa6j7j.wav,4.8,0.5,0.4,-29.038166373842177,0.527099609375,47.307410430824056
id_lqwx4emx15sv.wav,4.96,0.56,0.45,-27.73141980641188,0.539215087890625,64.6880566071421
id_jq3sz5mk031i.wav,10.16,5.55,0.55,-38.06759919086778,0.2451171875,64.20144449149748
id_1rd1valqahgw.wav,5.52,3.77,0.325,-31.398357930864933,0.63800048828125,34.39170653059172
id_t22q3pi1hoc5.wav,7.36,5.78,0.875,-31.462296950884323,0.35565185546875,26.584851318264825
id_avbc4jwxzbg6.wav,4.96,4.45,1.15,-22.388238032010758,0.999969482421875,25.668332014440214
id_yq956kgwu5ha.wav,5.76,0.73,0.6,-36.06512801733277,0.238311767578125,46.002968167899155
id_5dqj1ld511kg.wav,4.56,2.84,0.525,-39.01317222538581,0.207794189453125,33.92163938830301
id_7okeviz8z41u.wav,3.44,0.8,0.575,-25.182343107210883,0.690765380859375,39.97006710448426
id_3l6pjwqwtsdm.wav,4.56,2.41,0.7,-24.7044944283771,0.662689208984375,35.209331341141485
id_jzraxxsjwwkx.wav,4.72,4.38,0.45,-24.120312106390035,0.827545166015625,30.74397674172505
id_z4bsgktw3vgy.wav,3.52,2.79,0.65,-24.130497975221953,0.564605712890625,32.51321430695191
id_5sxyk63i99cb.wav,4.72,3.51,0.55,-38.89499870616872,0.154266357421875,30.49507496338924
id_5diofx211fbs.wav,3.68,3.56,1.325,-34.71907612169572,0.214569091796875,13.996591400093564
id_z3jesip9h54w.wav,4.096,1.18,0.55,-30.646711487076757,0.313079833984375,44.97986240333438
id_svoeowfdue9c.wav,3.76,0.66,0.45,-33.93617323161705,0.325958251953125,47.051965711872256
id_h63r8immvqee.wav,4.32,0.67,0.525,-35.81917868445691,0.316619873046875,41.642059925979254
id_1a7ortjxaqj4.wav,4.64,0.58,0.35,-26.39543110579457,0.87548828125,47.08210169134966
id_u7sfsi9q6wiq.wav,2.96,2.24,1.5,-34.354273085332125,0.135162353515625,25.16475495270339
id_etdaz15o5x3q.wav,4.08,3.73,0.4,-33.94292004065022,0.29901123046875,32.479999740716686
id_bhq93sbm8xah.wav,3.44,0.44,0.3,-28.586111010844437,0.63421630859375,57.064167323081854
id_7rpk9tzzpuny.wav,3.712,0.68,0.55,-33.70294560054003,0.247589111328125,43.463664167455185
id_tvrksbsbsh7i.wav,4.24,1.25,0.675,-31.873515725099615,0.361541748046875,38.656963580279935
id_wcp86nwig4he.wav,5.84,2.18,0.6,-30.207639385168253,0.358734130859375,33.002218652194266
id_1b2chm7m97ca.wav,8.88,8.73,0.675,-40.54369664538895,0.143157958984375,21.359513373079622
id_r1gi5ay1vqxf.wav,2.72,2.64,1.45,-34.02957466451191,0.147308349609375,16.71510836200006
id_8jv85kpf6al4.wav,3.12,3.12,0.55,-28.713360394561622,0.55364990234375,41.455978262878645
id_m8cyooxvaqew.wav,4.4,0.95,0.55,-36.53123457428333,0.158660888671875,37.66063315104248
id_ke9iku0q76f1.wav,2.8,2.77,1.5,-36.99675877578129,0.071533203125,10.087225962747688
id_1w5i2g7yiqim.wav,5.68,4.69,0.425,-45.69909632240554,0.09564208984375,29.895318339658076
id_m8g61cx1u4ha.wav,3.2,1.77,0.425,-29.085512843928747,0.422515869140625,44.0902909269975
id_6wjuiq6qytv0.wav,5.52,5.28,0.7,-26.926175695286695,0.539306640625,46.34120016365527
id_qt5v8yhobk5k.wav,4.0,2.99,0.65,-27.54000606761462,0.276031494140625,37.898189621533156
id_byp380m199nh.wav,4.24,1.32,0.4,-31.311734533067064,1.0,41.92555971186188
id_frj8pren0uqv.wav,3.84,0.58,0.425,-27.38826888460144,0.360076904296875,47.38656298386721
id_fbe9wuv0fxz5.wav,4.88,1.53,0.45,-39.005176577004185,0.11492919921875,37.45023805870768
id_gt1bu8ij6cpr.wav,3.712,2.51,0.45,-34.24875672113917,0.298492431640625,40.901575801511115
id_8781n53tyz7z.wav,4.08,0.75,0.525,-35.98230707330719,0.241180419921875,45.23991123375085
id_crt6lnkcg3wn.wav,3.84,2.24,0.45,-30.82072341960709,0.25836181640625,44.13021121297059
id_3wit13cyxzlk.wav,3.84,1.9,0.35,-35.29147374101588,0.224456787109375,34.93070158079246
id_2eggz0p188zu.wav,4.48,0.62,0.45,-37.51496154674243,0.225341796875,46.33544622831755
id_5vt34u7zlel3.wav,2.96,2.89,1.5,-41.44198745285117,0.06866455078125,9.27925438149127
id_tzb2yh12h4xe.wav,3.36,0.48,0.375,-24.781440075431902,0.802490234375,44.12151722477711
id_wbzqm829h2ir.wav,7.52,0.99,0.85,-28.907616500707558,0.44598388671875,51.306961905657424
id_9nz95vww3z65.wav,5.84,5.81,1.2,-32.004810583565664,0.34625244140625,14.172252919677511
id_kbja27bq84kq.wav,4.08,3.87,0.825,-23.638455085603717,0.714019775390625,23.50548505655942
id_xhbm0qskmrt6.wav,4.08,0.76,0.45,-25.26942369766609,0.9476318359375,31.426598292998754
id_31ogk5zt8c4g.wav,3.36,2.62,1.125,-27.192360731682527,0.45648193359375,25.912903840861084
id_0sorl8u4tk8o.wav,4.48,1.02,0.8,-27.758287347094072,0.51397705078125,44.83647326240218
id_egxt8u8bv38p.wav,3.28,1.15,0.725,-37.00760958280724,0.135284423828125,47.23639099358136
id_vjza0y38lsuk.wav,4.56,4.5,0.725,-29.51335263006021,0.301055908203125,25.50869212425918
id_4fcclwvlqpyz.wav,4.0,0.46,0.275,-39.835069255005415,0.271728515625,63.83656999091062
id_lq1kvpagzhwg.wav,4.32,4.1,0.65,-31.442785769960096,0.477203369140625,24.900855883321565
id_6onfy14u6ztv.wav,4.0,1.07,0.375,-33.05449290094211,0.46484375,41.4296671450338
id_nv9tg427jl4g.wav,4.8,1.7,0.475,-29.91612170151267,0.46551513671875,51.64286718753728
id_9v64xxdbzlwd.wav,4.24,0.76,0.625,-35.19175296426414,0.398284912109375,41.415763486197584
id_wpe6o56wyyqj.wav,4.08,3.18,0.425,-33.96371419831621,0.296661376953125,26.975589145525745
id_tqsjx3c518rc.wav,4.08,4.08,1.05,-30.2275484609649,0.34051513671875,20.134713988026107
id_fekehmbnshy8.wav,4.8,4.78,0.475,-34.12808396417845,0.28338623046875,32.42827725095721
id_yx7tuduyno4e.wav,3.84,0.54,0.375,-38.27255479884669,0.16693115234375,43.15072802595826
id_djzo2b30e952.wav,3.712,0.71,0.55,-32.30217195808202,0.250946044921875,43.078093506599295
id_a5n934nl7sny.wav,3.2,2.32,1.275,-36.44574841091723,0.260467529296875,27.68524373012329
id_1ju7bqqkby5n.wav,3.712,0.89,0.725,-31.17606672208218,0.304656982421875,42.24920006510059
id_w2mhvbd2mwjm.wav,3.52,2.28,0.425,-26.430292333169625,0.765625,33.052200785327564
id_jdxutbgdkgrk.wav,4.8,4.17,0.875,-27.191977100911213,0.42822265625,36.51737615846914
id_x3wrnl45czbd.wav,4.4,2.48,0.4,-22.899028730938767,0.999969482421875,39.21441173534121
id_ugg18wx1r3h0.wav,4.96,0.75,0.5,-23.459182085909163,0.999969482421875,40.919379270708646
id_ezsn58igbhih.wav,4.48,4.42,1.45,-44.70606458850118,0.052032470703125,15.19303227142089
id_7t9x52klwwnk.wav,6.08,5.58,0.625,-40.373959449656915,0.110870361328125,30.00526756059909
id_cdb5n9ghvf92.wav,3.84,0.8,0.675,-40.11673610311023,0.08758544921875,43.65058545909148
id_yabo4lfuotsz.wav,3.92,0.49,0.375,-28.7035843243749,0.798736572265625,44.140817149380304
id_cpumxfmailyh.wav,4.24,0.65,0.55,-30.154073818553503,0.27587890625,64.12904693506255
id_ox5wkhuv0kzj.wav,4.352,0.62,0.5,-25.236958930804096,0.56915283203125,37.720784260278
id_qhr6re0ujlqs.wav,7.04,4.07,0.5,-37.418370707364105,0.229400634765625,48.37254510232945
id_2cx3w18g1j9x.wav,7.12,0.63,0.5,-32.261875110626114,0.31207275390625,42.92987527596446
id_pwvzavl2dl6q.wav,4.32,3.15,0.9,-32.425863689281,0.19195556640625,32.31648959080262
id_gqybbcl52nc3.wav,3.36,1.85,0.375,-25.491257261796637,0.8941650390625,41.518271961398966
id_3nr04cfzog15.wav,6.24,1.38,0.45,-33.23667902717497,0.39630126953125,49.297062693308334
id_azgef1qd82i3.wav,5.84,2.73,0.45,-34.86546032553033,0.26470947265625,47.32092019789316
id_lfw2u2ej7wpz.wav,8.08,0.8,0.4,-34.21491495511571,0.36224365234375,45.30255199433337
id_fnwq0rai52go.wav,3.12,1.18,0.45,-40.638773426127734,0.1461181640625,42.4638673599974
id_n0c3xzruos2u.wav,3.6,3.6,0.725,-45.65118912102393,0.078399658203125,17.877730659523515
id_9ss628ewkgot.wav,4.16,0.45,0.35,-29.323245207983533,0.5924072265625,50.673188306331106
id_0q98zb6cicse.wav,4.4,0.65,0.525,-32.1570011410495,0.33111572265625,41.501352203481815
id_e1lwnbrrqmzc.wav,4.56,4.11,0.525,-25.810616765275682,0.562408447265625,35.77538865599115
id_b5wzl170se21.wav,3.968,1.97,0.575,-32.402840067827775,0.383148193359375,44.28047838310353
id_5y7q286af79p.wav,10.624,0.73,0.625,-41.761182474514065,0.135284423828125,44.672607489821175
id_506h959df0ro.wav,2.72,2.62,1.35,-36.72923016237166,0.08123779296875,14.622785684562679
id_e1vmvfrgrcvs.wav,3.68,3.22,0.425,-26.099652419452877,0.874481201171875,53.43025381682354
id_z8v854nqamwz.wav,5.68,0.9,0.8,-28.711412241955937,0.459564208984375,46.74129992072045
id_fcm4kllovl4p.wav,5.28,0.71,0.525,-35.04456326947777,0.303253173828125,48.534623020953426
id_9f8x4e6upstk.wav,4.864,2.13,0.5,-32.371304099236966,0.3309326171875,43.98782212881103
id_terje6kzc7hk.wav,4.0,0.54,0.425,-33.419427899533765,0.373199462890625,48.42184092572259
id_01v7ycmw6imm.wav,3.52,0.46,0.35,-31.274073732664448,0.3843994140625,52.016755033591096
id_5rtbes1hrfg0.wav,3.28,1.83,1.05,-33.01066651768837,0.4036865234375,40.08744214828618
id_c24q8fri3pgz.wav,4.08,0.78,0.4,-32.33975198090603,0.47857666015625,55.44184341505123
id_m4ol1zenm2fs.wav,4.32,0.66,0.55,-31.657028452391746,0.3189697265625,51.76100191569601
id_d2nufj5apxjg.wav,5.2,2.02,0.875,-24.829058819176062,0.490509033203125,40.294770259454125
id_shwiw7ae6cou.wav,3.92,1.09,0.475,-28.428260301245707,0.999969482421875,39.76121478791103
id_egaw9u9cr1qa.wav,3.52,2.35,0.625,-25.651327573996,0.75982666015625,28.821390390640158
id_depc4pxekzhp.wav,7.2,0.44,0.325,-27.480552399773313,0.64923095703125,50.48731475538223
id_5rlc5o5n1s1b.wav,3.68,1.02,0.775,-20.267158280595098,1.0,73.2743250788894
id_9s26ovhtcp7w.wav,4.24,1.75,0.675,-33.63013212728083,0.355255126953125,42.755640276512366
id_jjoerv7cg916.wav,4.24,0.65,0.525,-24.01785004618918,0.87750244140625,54.11822984164156
id_e6igencrkmg2.wav,8.0,0.6,0.4,-26.769097308801605,0.882568359375,39.90382197721235
id_596447eup9oy.wav,5.12,4.97,1.2,-36.55584922612909,0.355865478515625,13.937565852852998
id_h8clthbp98oo.wav,5.28,1.13,0.3,-42.67426472934551,0.264007568359375,50.514812165927715
id_kr6daxzjinrs.wav,4.16,0.67,0.55,-27.32982466954696,0.66400146484375,68.73482230607854
id_qzpivo6d0led.wav,4.736,2.14,0.475,-37.372175995304694,0.2747802734375,46.663757846106684
id_t60tbp75oczg.wav,4.224,1.6,0.45,-36.817565445948695,0.240081787109375,45.69952555576584
id_gjn2u3cvf2xz.wav,6.24,6.24,0.825,-35.81906017127859,0.23406982421875,27.56095727711967
id_fu4oeu8yxagw.wav,4.56,4.48,0.675,-37.89148964016567,0.31964111328125,22.613077747275902
id_0wf5s1o2w8ev.wav,4.56,0.5,0.375,-34.09026746887656,0.2762451171875,51.54209580852316
id_xoiv2ceh5i9w.wav,4.096,0.65,0.55,-37.63306478663658,0.188140869140625,40.238646997421256
id_gdhnpb9tk6ju.wav,3.76,1.56,0.875,-39.08462822109832,0.16400146484375,37.59496659520764
id_nk62wcksti5e.wav,4.64,3.72,0.35,-38.602752054503455,0.3482666015625,31.797812165954074
id_9fmy0zlgbxz4.wav,5.44,4.6,0.425,-35.86178123333541,0.513458251953125,32.38668031830437
id_4nl29x8w67uo.wav,9.6,0.64,0.55,-26.732932954888653,0.88623046875,58.3678380836097
id_cw1r7kyuwj89.wav,2.64,2.47,1.375,-41.84560353872753,0.069854736328125,12.638829661198699
id_sowf8poicxap.wav,3.52,3.08,0.65,-31.60550543715056,0.31243896484375,27.970264520347833
id_cw0atars2ki2.wav,4.72,0.78,0.6,-31.79625988310763,0.306640625,51.64338366773961
id_ltggexqidequ.wav,3.6,0.74,0.5,-30.082123045430844,0.417999267578125,46.86106865121363
id_kfv40u5w74aq.wav,5.28,4.86,0.725,-30.925495017816704,0.548187255859375,28.173065244112802
id_b0jyjadp4pkh.wav,4.4,1.12,0.725,-37.198631051011034,0.156280517578125,39.14992153580299
id_s5mosdj9h487.wav,5.52,2.85,0.65,-28.823723743078315,0.45892333984375,46.93109052921102
id_qdtuf1xl3a2z.wav,4.96,1.14,0.6,-40.061811287788494,0.132415771484375,49.22838532871281
id_36qc0pvoftt5.wav,3.92,1.03,0.275,-30.056358275973366,0.571136474609375,73.97555774358085
id_9kuvo7i5avm5.wav,4.24,2.05,0.525,-24.73742329402984,0.7073974609375,44.92487949744091
id_88u561vjuxva.wav,3.44,3.13,0.55,-33.05588122074275,0.205413818359375,26.82621222041017
id_0hc8wdnn31eb.wav,4.8,0.54,0.4,-30.125378047213125,0.4962158203125,58.05313195497882
id_zvdz9ufh315s.wav,3.6,1.42,0.525,-32.34174579348576,0.379913330078125,37.85190336963382
id_yiyqobbrzr1v.wav,4.16,0.64,0.525,-30.691886747047597,0.43994140625,58.95259952597783
id_vso41n7b6iua.wav,2.64,2.42,0.575,-35.34509055774067,0.140350341796875,26.418753840144593
id_pwmqp1td6k8w.wav,8.448,4.24,0.55,-37.49979695072436,0.24871826171875,45.75959359047709
id_xxe6pxbh1vih.wav,3.52,1.07,0.425,-28.305611638388278,0.857086181640625,40.793767724628765
id_nr2agzca6wvr.wav,4.56,0.82,0.5,-33.35958725476088,0.647308349609375,40.71916607062048
id_yjooce1llkg3.wav,3.84,1.6,0.5,-33.99770579095585,0.329864501953125,36.10584290439241
id_iahtct4bqvcj.wav,7.76,6.07,0.6,-39.40329690605547,0.162384033203125,31.91211950536231
id_kbgspb4u23am.wav,4.096,0.66,0.55,-29.943260380005896,0.416595458984375,43.83183695020516
id_3c9v5jm1hmmz.wav,4.4,4.3,1.45,-36.844540395878056,0.34112548828125,12.601476613641779
id_9nhsialypfu5.wav,4.8,1.61,0.65,-24.716969953897937,0.89892578125,41.11543653337683
id_wq174c4kxbox.wav,3.52,0.59,0.475,-30.20474143416068,0.56011962890625,40.94606706992856
id_flehbkhti0eg.wav,4.96,4.92,0.7,-27.586566915572973,0.747314453125,25.14943477229361
id_rm4p939ggzty.wav,3.04,2.95,1.275,-31.895413663031956,0.196441650390625,19.879788163858272
id_cypyyrqecb2l.wav,4.64,4.64,1.025,-38.32346767693699,0.1611328125,14.949259953971989
id_2ffw0em3f7no.wav,3.12,2.98,1.35,-36.92246404521106,0.234832763671875,16.392757937993906
id_0pl250m9dm5j.wav,29.28,19.71,0.425,-31.29486425275878,0.971588134765625,46.152665232511495
id_g419eeqs1bb0.wav,6.88,0.72,0.625,-32.878987793535146,0.31060791015625,47.28765314308259
id_gbom56gclpu3.wav,4.16,4.16,1.325,-28.60185177882983,0.353271484375,14.57416718001052
id_6lcykyju2a1f.wav,3.712,0.73,0.575,-32.864048941773845,0.2435302734375,44.590121700032945
id_25k1gx7xcp8k.wav,6.48,0.57,0.425,-32.80982638267312,0.43719482421875,45.52805362885586
id_extihiuai0qz.wav,6.16,2.51,0.45,-30.945270465252964,0.49755859375,45.72557732022282
id_0a9r27bb48na.wav,3.76,0.68,0.325,-30.244951154070158,0.468536376953125,53.02215346822202
id_a4bweeb779z3.wav,4.88,0.8,0.575,-26.04404826145253,0.8372802734375,73.66536394205392
id_3de5isyfv5nd.wav,6.96,1.35,0.925,-32.41186875255673,0.411163330078125,40.378360822888155
id_6evryhlr4q5k.wav,3.76,0.53,0.4,-29.845339770874823,0.376953125,52.77031034957543
id_6n998o93irht.wav,6.64,0.52,0.375,-39.8854095289074,0.2208251953125,37.14502006144362
id_sdhl1scj68qk.wav,62.08,62.08,0.45,-62.711622425441504,0.019134521484375,20.889643057324093
id_oi5ddptg1ckt.wav,3.68,0.63,0.5,-33.82552288208563,0.282684326171875,53.42422918344313
id_ry7sq4bw46a1.wav,3.968,0.75,0.55,-34.14823876619491,0.277679443359375,42.29797400370079
id_8mhalkwwm05w.wav,3.6,0.9,0.75,-40.14223178617833,0.184539794921875,44.500349470055454
id_qoa7f8xeu9a6.wav,3.12,2.79,1.05,-34.70199774226615,0.15704345703125,20.205302967029347
id_xbjdbsm8osvx.wav,3.36,0.66,0.45,-24.74112750781021,0.604736328125,63.84304495887701
id_obmy94ur8o5d.wav,5.632,2.84,0.575,-28.730804622791347,0.650115966796875,45.54200023645518
id_fh59uuyenm99.wav,3.12,2.77,1.5,-33.11599082903166,0.16925048828125,20.24379053348374
id_3q28g0rrl79t.wav,5.04,1.0,0.775,-33.14283529529679,0.273834228515625,39.938719049935116
id_6lnhwl1tseen.wav,4.48,0.61,0.375,-31.24253208334781,0.53741455078125,49.1447884241338
id_9jhh5qilicjv.wav,4.4,2.28,0.325,-36.40928951426921,0.27099609375,40.43495287571853
id_unnf244qewjs.wav,3.6,0.6,0.45,-22.090427543297366,1.0,61.10626706517429
id_mwrywe1rjt4g.wav,3.6,0.52,0.4,-25.15773932043168,0.999969482421875,56.7418044562185
id_oox89jn1a9zr.wav,6.88,6.76,0.85,-34.25337823384188,0.28759765625,22.21441542590483
id_g7gt7q60x9fx.wav,3.6,0.64,0.525,-26.319414159653153,0.67425537109375,56.793361749498885
id_qv6a9xq2r6vz.wav,6.48,5.32,0.5,-38.35872321774612,0.202392578125,29.570522200079377
id_b5a3vsmkz70l.wav,4.96,4.13,0.875,-26.56380136364646,0.48089599609375,26.62719829105921
id_cvoe2wd90f0s.wav,4.48,0.68,0.4,-28.59586071433368,0.569732666015625,50.26416061279177
id_forg8nanb628.wav,3.968,1.57,0.525,-32.49170901882326,0.443450927734375,41.0286113197153
id_0wxcl0zehbjh.wav,4.64,0.46,0.325,-32.60277798812767,0.430419921875,58.4864689534715
id_0rwk70xuzujr.wav,4.48,0.67,0.575,-23.272210678928495,0.89166259765625,52.52001282965331
id_i067jc4v2fxz.wav,6.16,0.46,0.325,-32.847958809560176,0.376251220703125,44.63144860954412
id_c38093r5atk7.wav,3.6,0.71,0.55,-26.289260720400218,0.828857421875,36.46514053889857
id_jdn3dwxbeldt.wav,4.24,0.67,0.525,-19.734985190740566,0.874481201171875,59.49840535959639
id_jhr81qgdnztn.wav,3.76,0.8,0.7,-25.681385312311647,0.63922119140625,50.88941066453183
id_tj1zs66a1rmp.wav,3.52,0.55,0.45,-39.594513077541016,0.22802734375,62.006622976337354
id_a1x8mlwzetfo.wav,3.84,2.2,0.8,-27.21219593848666,0.546112060546875,45.12026239371209
id_trb1i5i8633z.wav,3.92,0.5,0.35,-35.32807539937798,0.21270751953125,55.77677702474083
id_p08md7qbnzlz.wav,5.36,3.88,0.525,-39.175311193663696,0.178985595703125,39.68936547408527
id_t7zrm8kgebn2.wav,3.52,0.67,0.475,-27.29611745113718,0.71197509765625,45.90495933287272
id_4phgwcyug8r0.wav,4.4,0.89,0.775,-20.502461894330366,0.875213623046875,59.31781021871122
id_0yxi8s4d6f95.wav,6.0,1.26,0.75,-26.503005876049368,0.469268798828125,51.248579046670656
id_4ghvrnt32pz4.wav,6.48,3.6,1.25,-28.22741980741396,0.803985595703125,32.52616572285811
id_uwfvfv5644lr.wav,5.12,2.5,0.775,-41.82226348434858,0.143280029296875,40.19148218244305
id_57h6eu6h111s.wav,4.08,0.9,0.575,-36.68342258454867,0.162994384765625,39.394384186090704
id_kstrzx615274.wav,4.08,0.53,0.425,-28.31320563151052,0.4349365234375,41.38235864082927
id_hy4bogigkb75.wav,3.6,1.31,0.425,-33.09536443864114,0.405975341796875,35.37594106130783
id_2umc263t0mkj.wav,3.92,0.67,0.45,-29.353805200685702,0.7628173828125,48.174270271315585
id_4zu9um5qtb5s.wav,5.92,1.49,0.575,-31.46490002635524,0.462982177734375,44.70442372872576
id_vwnpqdg7xz7b.wav,3.968,1.31,0.55,-28.403076193823292,0.38043212890625,48.418572949769484
id_ipurvwi8cujh.wav,4.08,0.84,0.725,-25.456014176049592,0.647216796875,51.48810083514942
id_lmh1r56kmqm1.wav,3.6,3.4,0.775,-36.42211018880738,0.4193115234375,23.298801591177853
id_qyqj1jczxiji.wav,4.96,2.14,0.525,-26.117787190438374,0.7275390625,43.077711663541365
id_ih5tqogqzs88.wav,3.968,1.8,0.65,-28.649699257003803,0.58544921875,42.43965942350266
id_p3ica0wyw7cs.wav,5.04,3.01,0.35,-34.16486565511738,0.4124755859375,34.18957785124402
id_9gkg1o4pjle1.wav,3.12,1.12,0.4,-26.780918733578897,0.649017333984375,37.50735584309324
id_h70v1upj83zl.wav,5.84,1.57,0.425,-31.878844053920304,0.493621826171875,40.37730237961975
id_2dd7jya7rdx4.wav,4.224,0.75,0.575,-29.23768484887305,0.44488525390625,46.189067651279075
id_x7opmzd1zkyq.wav,4.88,0.56,0.45,-28.973648672458694,0.382598876953125,47.37329001940509
id_iqglqsjaogo0.wav,3.84,3.84,0.6,-35.44951423004312,0.250701904296875,20.931140715119497
id_3jan432i3dai.wav,4.0,0.51,0.375,-26.126211069599883,0.8594970703125,62.22457137849581
id_led9ljp0mzx2.wav,4.48,2.95,0.725,-34.267779918058615,0.3787841796875,34.15506853861113
id_861q3fyp9a6r.wav,4.64,2.35,0.8,-27.55509699583711,0.399993896484375,44.26831236803605
id_1gt07oj1wsxw.wav,3.76,0.55,0.45,-29.77677138403113,0.5059814453125,51.98019177179886
id_jctg4jaknwq9.wav,3.36,2.15,0.725,-45.12832665784424,0.053070068359375,41.943687589500946
id_ohj7j97z85ec.wav,4.32,2.17,0.475,-33.47905994612614,0.494537353515625,40.03584779574852
id_43eme1y1ckmj.wav,4.48,3.91,1.0,-27.82901898551512,0.41015625,21.20515474616393
id_8lde9l9y724b.wav,5.04,1.02,0.65,-32.604142551391895,0.285125732421875,45.33294034322364
id_3br9ywygak8i.wav,3.68,0.61,0.5,-28.030736490309774,0.370880126953125,58.44362321815842
id_jq4oiu270xk1.wav,6.08,2.35,0.45,-28.68796525614139,0.59344482421875,46.15801587629406
id_zf5ku6kbcgbu.wav,5.12,3.0,0.375,-35.60220667598084,0.31036376953125,36.88426857702867
id_8a7i45e13z5d.wav,4.096,0.6,0.4,-35.34177463851372,0.354888916015625,42.87239722788619
id_zaix54zrc9pz.wav,2.88,2.59,1.225,-35.461049714337754,0.186004638671875,16.569779049840598
id_is255lu48czn.wav,4.08,1.39,0.475,-37.41276004006061,0.1900634765625,30.803987309906184
id_yov0g91b2cto.wav,5.76,1.73,0.725,-31.832627627006296,0.3900146484375,28.69674773980438
id_am3s54mtx10h.wav,3.76,3.03,0.55,-27.40883969303791,0.722686767578125,53.458542302042126
id_fkp3ppeph4mi.wav,5.6,3.85,0.75,-33.49456626233072,0.44000244140625,37.86136151410791
id_qbey3wog334x.wav,5.12,0.68,0.575,-25.420657720339733,0.82098388671875,58.14495596726129
id_gg9sj8kaq94l.wav,3.584,0.71,0.6,-34.21739478002075,0.2471923828125,41.74427963031611
id_j8uibxhonew9.wav,4.48,0.55,0.425,-31.117070814638023,0.31927490234375,53.7845604828483
id_cwwsj03y1851.wav,5.12,0.76,0.625,-31.599105821461606,0.342864990234375,48.10823146821812
id_ig3m0k08xzp9.wav,5.28,3.34,0.35,-32.192510735312474,0.408111572265625,47.453455081553436
id_qd9wfzwggis2.wav,4.56,0.64,0.525,-30.54976651969829,0.389495849609375,54.49528617452671
id_hdewz5eb9i8s.wav,3.52,1.58,0.325,-34.871510104108054,0.265655517578125,42.12034421942941
id_iga1q821bc23.wav,3.44,0.92,0.725,-32.68545973156249,0.28033447265625,55.76629801742422
id_mwutny9klu6u.wav,2.88,2.66,1.5,-41.89600778622011,0.05120849609375,21.411859030379546
id_9n3k3cvsdv3m.wav,5.84,0.45,0.25,-29.49332550768158,0.711090087890625,54.37386766559037
id_ahmrg3hf8ulz.wav,4.16,2.62,0.725,-29.682638173707723,0.61865234375,29.421336010174397
id_9f16lff24dbq.wav,5.28,0.88,0.75,-33.164010432873276,0.4222412109375,31.465313086625702
id_cr5s0vt9yfyp.wav,4.096,3.37,0.775,-32.135469187564894,0.223175048828125,30.877380904980946
id_kkorak0m9pwl.wav,4.16,1.37,0.55,-33.18372655719025,0.426055908203125,56.553858925978965
id_b9lizvfhrdod.wav,3.28,3.24,1.5,-33.73594180714654,0.333038330078125,12.840470161217404
id_81drplilq3k8.wav,3.52,1.57,0.4,-34.8429686209473,0.197723388671875,43.583283312203335
id_1unj4avbv0ne.wav,3.712,0.66,0.55,-25.881075821632834,0.613555908203125,44.081660734161616
id_7h4reqiwm3j9.wav,4.224,2.57,0.425,-39.96679225409928,0.19854736328125,33.98935683369906
id_lv1repukn2id.wav,4.08,3.73,0.675,-30.5800744601122,0.38470458984375,30.51880395342658
id_zjq7iuv99h7o.wav,9.76,6.31,0.5,-29.391674696026215,0.46942138671875,51.34412983618558
id_hdpgh6aa1a8r.wav,15.92,11.36,0.35,-25.660130434905643,0.891265869140625,55.92372830741587
id_61k1lxirgcov.wav,4.24,2.69,0.775,-31.16831328855728,0.3876953125,52.881205636790604
id_w04b3otq09mg.wav,4.32,3.5,0.55,-33.44824431320574,0.213348388671875,38.149901569392334
id_wuwxoawstn3c.wav,4.56,2.23,0.5,-37.9272340924663,0.275848388671875,45.30406599499199
id_4fvyo4mgaymm.wav,3.2,1.49,0.35,-23.00343155226755,0.72344970703125,42.50746722592097
id_5k6vxs4aof26.wav,3.12,3.06,1.25,-35.10793356016659,0.1636962890625,17.459313699962458
id_1hoz655dyxuo.wav,3.28,3.28,1.425,-36.4117468208063,0.163482666015625,18.747916375708535
id_p2oau0luxhww.wav,4.48,4.07,0.55,-29.248114808245354,0.329376220703125,36.32582272615757
id_i91g3zjsxsjp.wav,8.56,8.56,1.275,-32.503538946254785,0.735748291015625,13.02429300226428
id_jp1tjxvnn19s.wav,8.32,8.14,1.3,-35.03438726196538,0.235443115234375,21.379610883167548
id_mpx19t33vdie.wav,5.888,0.82,0.7,-32.020198125913424,0.3988037109375,44.31495378671471
id_p01io1y0to7w.wav,6.16,5.55,0.675,-35.767162459649825,0.3331298828125,25.6030045254032
id_otyapezu5vzc.wav,3.44,1.9,0.525,-30.229094627506214,0.33056640625,53.07573539555867
id_7yz9q65zmt7o.wav,3.68,3.47,1.5,-38.51635715090102,0.145904541015625,8.169604781856975
id_9ze5g8403wcs.wav,3.712,1.6,0.6,-28.86764858915589,0.45281982421875,46.140270826323786
id_0azqblnuutdw.wav,3.36,0.77,0.5,-25.84885920684801,0.91448974609375,51.72934070755019
id_oal51gwn78qv.wav,2.88,2.52,1.5,-41.53443284982181,0.120269775390625,13.271585748332754
id_403k3cg33626.wav,3.44,2.48,0.425,-27.504170857259066,0.510101318359375,33.56287366791275
id_v23kn9by3fb7.wav,3.6,1.97,0.5,-27.801738585651307,0.381561279296875,34.569475546941774
id_t1gxyt89ob1o.wav,4.0,0.55,0.4,-31.967704240275904,0.365570068359375,46.911672809353206
id_krvca62bonfh.wav,9.52,3.09,0.6,-31.0228543548436,0.662109375,52.1416212080002
id_20ivv7yv7o7e.wav,4.72,2.89,0.725,-40.857266263416236,0.07110595703125,44.38100024678375
id_omg88ehokpqt.wav,4.096,3.12,0.275,-27.103068889267178,0.5404052734375,32.67285441848581
id_renyw5n3ug73.wav,3.2,3.14,1.5,-30.345570049675924,0.427703857421875,16.761727928634123
id_uqsbtcg0wpt1.wav,4.08,0.59,0.45,-23.607203225579237,0.776519775390625,37.03330874152708
id_y7n01eh70mw8.wav,5.12,3.06,0.525,-34.81633832160674,0.232086181640625,46.22375569555206
id_ogtly0k32akk.wav,7.12,1.29,0.6,-27.579117561196686,0.616180419921875,42.54360031560616
id_ufvabyte3jbh.wav,3.52,1.49,0.775,-30.016099962500235,0.259124755859375,45.22192998400584
id_onw3vqsg4s7v.wav,4.864,2.9,0.475,-23.38264425774448,0.829437255859375,52.70740057469031
id_qbe85f3t4cav.wav,3.44,3.18,1.5,-32.970037771367174,0.312042236328125,9.828859800607567
id_52bb55fdl38u.wav,4.08,3.18,0.65,-26.038316215600915,0.520172119140625,40.43103326965458
id_g8uheoyxf3ql.wav,3.76,1.56,0.625,-24.803747609440414,0.71533203125,46.38912292164753
id_xhtboznshdvs.wav,3.84,0.45,0.325,-38.54339944741136,0.164398193359375,64.34367879254133
id_052d2n084g6e.wav,4.48,2.04,0.525,-34.21381435477537,0.23419189453125,48.6247485163275
id_imrgicntbqbr.wav,4.4,1.49,1.275,-25.89174947816882,0.506500244140625,39.76918552885868
id_1ee5v6u6c9lw.wav,3.28,0.72,0.45,-35.433336042631495,0.24755859375,35.84363774800335
id_5qae75d6o7u2.wav,5.632,3.05,1.375,-32.50851998402768,0.34771728515625,38.842383871263465
id_n0rjkpe8r2po.wav,6.08,6.08,1.3,-30.725873539945834,0.3948974609375,17.13185852045865
id_0r7awrawc36d.wav,5.248,2.44,0.6,-26.37148684062574,0.561126708984375,35.146151258117435
id_rrr3gn602kut.wav,3.52,0.48,0.375,-39.78986452216753,0.112762451171875,62.45145090373289
id_oft79ndneun4.wav,4.08,2.01,0.375,-28.85353319923366,0.37591552734375,36.246985610250675
id_ea5gvr56h0f2.wav,3.12,3.07,1.5,-38.74040992879025,0.066925048828125,6.722386531210347
id_uz5fxtizfclq.wav,4.8,0.81,0.475,-32.222832368256704,0.378143310546875,38.15935938921786
id_c60wpkfgs9k3.wav,3.68,3.47,0.475,-30.39058887200808,0.481414794921875,31.690914408392757
id_h7d0gfx2wm73.wav,4.64,4.02,0.975,-35.79134788586762,0.204620361328125,18.45635160482847
id_qcakejjknfsw.wav,6.8,6.53,1.2,-28.79739030382817,0.8702392578125,19.183140486969393
id_jrfshnwdidqa.wav,4.48,3.91,0.6,-32.50648215668771,0.4583740234375,30.013035594882112
id_jiomxrcxrpsc.wav,4.0,3.9,0.9,-36.396278157565845,0.1429443359375,17.360323378098528
id_5yfzsgchpxf3.wav,4.96,4.96,0.85,-42.19532026445428,0.222808837890625,23.431857370665405
id_1fn5d1sy5hoy.wav,4.48,4.33,0.425,-26.66312307859554,0.584381103515625,28.675150905916546
id_c119s0f3per0.wav,4.0,0.66,0.5,-40.38465371328635,0.119873046875,41.81169561194925
id_onurzbrba3uv.wav,4.8,1.25,0.5,-30.189610797136645,0.486236572265625,48.039199275745545
id_l1k9bpnin5bx.wav,3.712,1.23,0.525,-31.357186172336952,0.25848388671875,43.664309960615725
id_1la687f3j5p3.wav,5.2,4.29,0.625,-25.18308690092828,0.544036865234375,35.25371811860448
id_x02w4cpx9z0v.wav,4.4,0.51,0.375,-41.56705876021434,0.206573486328125,38.42154714869477
id_3s4zv1noeplm.wav,3.6,2.13,0.325,-24.274907073201987,0.724090576171875,53.858313002518265
id_6gcyp7hpqffg.wav,3.712,0.68,0.525,-25.930077889677946,0.384857177734375,48.23147614955083
id_t3u7yaflc1ko.wav,3.6,2.92,0.75,-26.413921614337564,0.51910400390625,28.035323029891472
id_cjz8yq10supd.wav,4.88,0.77,0.6,-28.404031715828406,0.3673095703125,38.05204085331397
id_jupqp5k4cw4l.wav,4.56,3.96,1.1,-43.139937053385935,0.12469482421875,27.922530702870823
id_mqtcnjq5fqfj.wav,5.6,0.49,0.375,-22.234819873000696,0.894073486328125,56.94077323476025
id_xmvgyc0cguis.wav,5.888,1.82,0.55,-35.38892337506867,0.2386474609375,42.55911598613789
id_96bdnvk7bxs4.wav,3.6,0.95,0.5,-29.657253404450998,0.380859375,43.5532487574867
id_6q4s8cmk182z.wav,4.352,1.09,0.575,-41.70671277361633,0.095855712890625,36.38221111937057
id_pp62hwv5vo46.wav,3.6,0.45,0.275,-39.943977938376236,0.19873046875,63.762104946433524
id_eerks9ydf157.wav,3.44,2.62,0.875,-25.56977500932684,0.937408447265625,29.540011396663346
id_rk44p07348iv.wav,5.68,0.48,0.375,-40.31060835816874,0.270172119140625,48.02075749901279
id_vwco2nbwlun5.wav,3.84,3.48,0.525,-26.257988411713058,0.62713623046875,31.67357202269194
id_x0dhreogq9s8.wav,4.96,2.35,0.425,-24.25310827899746,0.999969482421875,53.5842204534837
id_6b7vc2apvvhy.wav,3.04,2.76,1.1,-37.61997463142578,0.196319580078125,17.09269633005426
id_wislj4l55j9k.wav,4.32,1.41,0.45,-22.35837671359561,0.65594482421875,50.34789000887306
id_frq8ps54unm0.wav,3.52,0.54,0.425,-27.114040850314698,0.881500244140625,56.80074472065233
id_ckbanly9aqvj.wav,3.28,0.51,0.375,-26.001751527609027,0.999969482421875,53.260071956113734
id_1nnv73elkrvs.wav,4.48,1.73,0.55,-32.59208043451319,0.22802734375,43.78213819695839
id_e5a5b7wxosay.wav,5.36,5.24,0.8,-34.016515615673065,0.247100830078125,26.813942013068008
id_kvcjraomtgxe.wav,3.76,3.1,0.3,-27.085134971761462,0.811126708984375,50.55587487448183
id_e3upi7uuq9am.wav,4.64,1.36,0.575,-33.78807699063128,0.418731689453125,48.277972711463285
id_0drn03ed7y9u.wav,4.4,4.21,0.5,-27.446317032924597,0.869171142578125,27.809060544688556
id_hg4v37kwsa9g.wav,4.24,4.09,1.45,-29.808107233451807,0.451690673828125,21.071733372719198
id_9pckacd0g3zj.wav,3.04,2.85,1.475,-31.722207093047658,0.200836181640625,17.517701412738806
id_6zzq5seczqen.wav,3.36,0.62,0.4,-36.931020255370356,0.1544189453125,47.453389043459026
id_wljrineqw66m.wav,3.36,0.74,0.625,-35.68515918071213,0.18896484375,46.39157720960414
id_5q3z2xkj477p.wav,2.88,2.66,1.325,-32.37346774972557,0.39923095703125,15.963905048304632
id_rf3zvvvbnhq2.wav,3.84,0.64,0.475,-24.036413092705594,0.879150390625,56.02734867514803
id_wgpj1590jty7.wav,3.36,2.34,0.575,-36.37032760708052,0.1209716796875,36.16443825725551
id_xctcd7rijtix.wav,4.224,0.85,0.625,-32.42130800988075,0.26116943359375,33.33942387168773
id_0sc1qk8tga2l.wav,4.8,0.66,0.45,-27.690163793984375,0.731781005859375,34.465276164046706
id_5wo3gxs4lve4.wav,4.72,3.86,0.55,-25.664691363085723,0.938995361328125,30.560156833410087
id_gkn92tnobawz.wav,4.56,0.8,0.55,-22.55022078414494,0.79083251953125,45.322696891177664
id_hdaboo3yau2i.wav,3.28,0.53,0.425,-24.06780416228314,0.889404296875,55.23135939145311
id_s5r59no9yftr.wav,8.0,7.92,0.925,-30.668084256001396,0.962005615234375,17.686616725985505
id_igolh47fxnmz.wav,4.64,0.51,0.4,-42.48189056876249,0.144744873046875,37.14986488592131
id_1tpz9rx2d27g.wav,3.6,2.98,0.5,-24.032094724731785,0.725311279296875,28.497812893088494
id_qf6siymb8v1s.wav,3.68,1.27,0.375,-29.205012831038978,0.38189697265625,41.237395736348816
id_132bh0mszjj1.wav,3.84,1.77,0.4,-35.45456372641124,0.300933837890625,46.05396272530669
id_ysplfm575v5a.wav,11.68,0.67,0.45,-30.550502675896563,0.787994384765625,38.888453830100985
id_v5j8y4lzz50f.wav,3.76,3.64,0.975,-31.20169040306039,0.404632568359375,42.89448662238279
id_v296vn6dqina.wav,4.72,0.52,0.375,-23.0763107696372,0.8648681640625,55.85126749409404
id_bfxbq3aimwfz.wav,4.8,1.37,0.6,-38.85004433525643,0.162139892578125,39.25855718591605
id_1qwsrg5xrwbt.wav,7.04,2.13,0.325,-34.80064278052568,0.39605712890625,49.76437105715641
id_t1tahbt23m9y.wav,5.2,1.57,0.675,-33.918792312009515,0.290557861328125,42.967911232137375
id_rb4lbdt9p5u5.wav,3.52,0.46,0.325,-40.57206371900068,0.23394775390625,62.3087089510127
id_1q835ieht39j.wav,6.08,5.98,1.05,-32.526459911709566,0.878631591796875,18.95054362250209
id_hwcylsded1zs.wav,4.4,1.13,0.575,-40.34526499190376,0.135467529296875,44.21998797608649
id_nlenwbk65y7r.wav,3.68,2.64,0.4,-28.403596521999717,0.616973876953125,35.97918664105657
id_sw6fkw0sgymm.wav,3.44,0.65,0.525,-34.46875509814311,0.27496337890625,42.658106192562784
id_yfjk1oe3swu5.wav,5.84,2.95,0.35,-33.378970199086204,0.3863525390625,36.04156455107171
id_lciadgf78ykn.wav,2.72,2.62,1.5,-40.74328992967089,0.059417724609375,10.48236473048921
id_p4l05fylbeht.wav,4.32,3.9,0.825,-30.381622533331047,0.326629638671875,25.77840079189992
id_hr94bh5q9wez.wav,4.64,2.88,0.675,-30.266533850990424,0.457366943359375,29.8600220745386
id_lndygg9eh83h.wav,3.68,0.59,0.4,-26.987026857099718,0.46759033203125,42.72209006075501
id_f6jh8j9k0fhl.wav,4.32,0.69,0.55,-27.416884031823848,0.8736572265625,58.357543479834725
id_wpp02p120f5f.wav,4.96,4.2,0.525,-35.02745043467994,0.22076416015625,33.522375540867856
id_hmdodllrirqj.wav,4.0,3.98,0.475,-36.24086025445243,0.149627685546875,24.094855679546765
id_8ii3xrw5x671.wav,4.24,2.44,0.375,-32.923032853246205,0.5399169921875,41.73768096956404
id_v16begrbsli1.wav,4.16,3.54,0.65,-25.67411181267734,0.64556884765625,32.806239038202165
id_pvr6tmkoohxv.wav,3.12,0.54,0.4,-23.473902911604306,0.712921142578125,38.70909918947679
id_uo3cuuwxufw0.wav,4.64,1.36,0.475,-33.61201208893687,0.35626220703125,33.79609016380968
id_cjdee4mrvxeu.wav,4.32,4.32,0.725,-21.268594841530103,0.907440185546875,44.58745932101754
id_i1v3sjf92ewc.wav,4.08,1.61,0.425,-42.51511945608189,0.157440185546875,40.67995191499071
id_bh7qgquar3i1.wav,3.04,0.48,0.375,-30.206084856980326,0.410552978515625,46.57635988434721
id_kxsilzue946l.wav,8.16,8.12,1.075,-30.956626414858963,0.57989501953125,22.593605506415173
id_ju507ixw2fk1.wav,4.32,2.57,0.725,-21.640051103957973,0.643310546875,59.35983706461312
id_s6esnuneldyk.wav,3.44,0.55,0.425,-28.46020625362389,0.334197998046875,57.379272956835166
id_wcku35q7x7hx.wav,3.68,2.15,0.475,-24.84000171590911,0.9632568359375,30.000899106807186
id_1v5wfsshg1a7.wav,3.92,3.64,0.75,-47.45667909206585,0.260589599609375,25.234144947334777
id_wdmv71x28qgb.wav,4.48,2.69,0.425,-29.45838829552781,0.8233642578125,40.765068106144064
id_rt7r2e4s1du0.wav,4.16,0.51,0.35,-28.690624156102,0.45513916015625,69.22900839693898
id_c9et56rpzifb.wav,4.08,2.49,0.875,-21.069643330038573,0.9256591796875,58.9775935145928
id_0n3dnzolbbde.wav,5.36,5.27,0.6,-26.648156077298353,0.605377197265625,28.690547994675935
id_u5js6ytxfv3q.wav,4.608,2.37,0.35,-27.36536780928268,0.575439453125,35.406544791558986
id_4lyffxy4mtxg.wav,3.76,0.51,0.375,-29.0875055846597,0.308929443359375,54.978046504901286
id_rzohz9x3f23o.wav,3.12,0.83,0.575,-37.486526667031285,0.16265869140625,33.71746135991047
id_kggq783rb2ip.wav,4.8,0.88,0.55,-31.95706116217967,0.50152587890625,38.691424022302314
id_n4q86rsq29hl.wav,3.328,0.48,0.35,-49.3697264984947,0.046722412109375,34.05348499529444
id_4k7blv3zepva.wav,4.0,3.84,1.35,-33.46125491616387,0.30316162109375,25.5382047549295
id_tp5t6eljpix9.wav,3.12,2.85,1.425,-30.559783530887547,0.3253173828125,16.47254316020421
id_vufwpwiy82la.wav,4.16,0.61,0.475,-29.571791493549092,0.550628662109375,45.95197062873771
id_izcg725mgo83.wav,3.84,0.6,0.475,-35.85548096256832,0.25555419921875,42.49738480179168
id_79049ftc2bkz.wav,4.48,0.51,0.4,-27.421176296965122,0.371673583984375,61.0804123508656
id_h0buv6cdax36.wav,3.36,3.18,1.05,-25.11690614625802,0.563232421875,23.826964201298257
id_lp7saki4becj.wav,5.36,1.88,0.325,-34.23516691316747,0.386383056640625,52.07162329458745
id_1li2ku75j94g.wav,6.4,1.03,0.525,-33.957750147186566,0.378662109375,43.83215443227197
id_1hqdop8jr077.wav,4.24,3.93,0.95,-37.90621980182089,0.25885009765625,22.954174288135192
id_xc8ub10i21q1.wav,5.2,4.72,0.875,-29.927249046130818,0.354888916015625,33.633998612582765
id_5yjjx3ask638.wav,5.6,0.73,0.6,-38.94051531696505,0.218994140625,40.97522199603826
id_sucl0pu3d8fb.wav,3.36,3.36,1.5,-33.48189615199129,0.19622802734375,11.793793356438172
id_4b92vxq55fwe.wav,3.04,0.52,0.375,-34.45843525031216,0.29632568359375,42.27150576492788
id_spg3uty9rjv0.wav,4.56,4.23,0.95,-26.733228713775276,0.759979248046875,22.386076871285475
id_u7yodv7rxvbo.wav,3.84,0.44,0.3,-41.082668024037034,0.14544677734375,61.59398739482624
id_fpfx70rq0fua.wav,4.08,3.65,0.575,-36.685345262785525,0.245635986328125,44.025766626867444
id_svvmrw52ryba.wav,4.096,0.71,0.575,-31.643171681138192,0.3760986328125,44.71918506476257
id_g5v91dy97g9q.wav,4.8,0.79,0.65,-26.424845526999995,0.498809814453125,38.94964095457257
id_r8u9y2vjn6zr.wav,5.28,3.07,0.675,-34.282607236867435,0.248931884765625,47.72754166125317
id_hgwjqp04scsi.wav,3.84,1.95,0.675,-32.594248521465666,0.34088134765625,42.91812136881319
id_5xep74er3b29.wav,5.68,5.48,0.775,-27.08309213748469,0.415557861328125,39.95290472032858
id_7yasp4h37xt0.wav,3.84,0.52,0.275,-23.000238747952938,0.999969482421875,41.230070019325154
id_t8gx0vs0w8k6.wav,3.84,0.86,0.575,-29.07359359592433,0.33367919921875,46.13324834116782
id_gb24a3tmudm5.wav,4.32,1.9,0.925,-32.58606224420494,0.345458984375,38.01846394268418
id_p9h1hg9c7de5.wav,4.0,3.44,0.8,-26.776092968058407,0.581024169921875,30.695158114384625
id_897k2sutr4qg.wav,7.04,6.63,1.275,-29.989446331516362,0.685546875,25.83982849776948
id_x4e3npzd5tk4.wav,4.4,0.83,0.5,-39.76754758665332,0.162841796875,36.15436441561664
id_zx2mg0bsc57z.wav,3.92,0.69,0.575,-29.14847494808441,0.49066162109375,38.46805905070677
id_3r10qw08vbbr.wav,4.32,3.72,0.8,-32.871819406282896,0.413818359375,19.953363919875798
id_xhq7jxdbjv9z.wav,4.4,1.66,0.425,-26.580196415909768,0.879608154296875,42.967141555139065
id_bsngwdek5wsh.wav,5.36,0.59,0.475,-35.24238405279687,0.261688232421875,48.876120693990075
id_oh6xpep9ubui.wav,5.12,2.62,0.525,-30.911347562313477,0.38641357421875,33.89484874534345
id_q7h4uwfsz4fm.wav,4.32,4.32,1.375,-35.53922206172611,0.143768310546875,14.711731036093305
id_jvrlydd3ubvx.wav,4.24,2.09,0.475,-29.20682977162746,0.334503173828125,40.406190722229354
id_90pizlpc0t7o.wav,6.24,0.68,0.55,-34.15341531323145,0.259918212890625,50.01072058542387
id_6ar5dj3ebsum.wav,9.36,0.55,0.4,-46.87472689614259,0.1044921875,37.222660433371054
id_i9t25g1mam0u.wav,3.968,2.45,0.625,-34.5423358248255,0.2960205078125,38.68710989848639
id_kg7d9hl7uy6l.wav,5.92,4.13,0.325,-31.94751785421714,0.592132568359375,44.31801343250909
id_9df08n46rdcy.wav,3.84,3.33,0.575,-32.60685317296562,0.272186279296875,38.45493301807059
id_solcjuh0w6sn.wav,4.352,1.72,0.675,-32.76006707037191,0.27978515625,48.60235581243987
id_me2oldhjvjqo.wav,5.12,2.39,0.75,-20.922529862812812,0.59588623046875,40.662220013391746
id_khr4zl9x8pek.wav,7.84,0.76,0.525,-32.223546475516855,0.284759521484375,42.87132016474647
id_56a7xgljt2m0.wav,4.08,0.52,0.3,-30.815644518738544,0.999969482421875,39.644394474966454
id_whm3uesc0w3z.wav,3.76,0.73,0.425,-26.060045935906647,0.928436279296875,41.33713125913994
id_cl5ogexmcmx2.wav,5.2,0.58,0.475,-33.27938692997637,0.36090087890625,49.49013795479846
id_10oyhhl4td1t.wav,6.24,0.47,0.35,-34.99177662307063,0.30108642578125,40.49334998075639
id_w4zko8isocu7.wav,3.68,0.58,0.425,-29.649784574274015,0.4073486328125,45.91836531680489
id_nfgdtfnaop6z.wav,3.52,3.45,1.425,-39.766885113231424,0.09979248046875,16.36118046973403
id_rfx4zspwabnx.wav,6.08,3.35,0.675,-24.677410488922874,0.87713623046875,44.33411714708852
id_vlqaszm3cf3j.wav,3.712,0.81,0.65,-26.73723813936254,0.454864501953125,47.71493492328365
id_qe4yriwwemjb.wav,3.28,1.89,0.525,-27.14878801097093,0.577117919921875,46.30146656498439
id_ktdrarg1nf58.wav,4.24,0.65,0.525,-29.951343791709736,0.42816162109375,38.36119762610525
id_0sf6b4b7vsrg.wav,4.96,1.88,0.45,-39.29398844740579,0.27777099609375,35.91845156624623
id_ie95geu63t66.wav,3.84,0.59,0.4,-39.44940883068465,0.335540771484375,63.01933434939693
id_sjrh07s2ulh9.wav,4.4,0.55,0.425,-40.72641875510382,0.160858154296875,52.33871186951949
id_uxrb246okbw1.wav,4.08,4.08,0.475,-27.620055306413263,0.589080810546875,28.246157544117356
id_mj461jnd11rn.wav,3.28,2.17,0.575,-23.990339850471614,0.586944580078125,30.913522479795606
id_ynr0q6778lyb.wav,3.52,1.84,0.575,-35.696966910029516,0.128143310546875,44.45993287799057
id_3y2ejb6ohxxw.wav,3.84,1.19,0.45,-36.52202481016946,0.26458740234375,41.160805962938866
id_muq4ob47z6st.wav,4.736,4.416,0.675,-30.614573563072828,0.376861572265625,21.499284916319837
id_5hp81dg8be5s.wav,4.08,0.75,0.625,-32.198184575486785,0.218597412109375,52.011841157262424
id_xl69bckh7f6x.wav,4.24,0.62,0.5,-23.045171553445268,0.851043701171875,65.26091301363458
id_uxdl7uao2hjz.wav,5.6,0.8,0.675,-29.76467611170736,0.409698486328125,36.134224765970146
id_kdaqoapzc2tr.wav,3.84,0.71,0.45,-32.35358126628209,0.319122314453125,42.66340789768084
id_w52t2zkrpgc5.wav,3.92,2.74,0.675,-27.396078373617286,0.912139892578125,34.15508928840262
id_qr6w9rhla6oy.wav,3.52,0.8,0.575,-34.28118149666158,0.217498779296875,41.428313514679445
id_o9mj3jigqu08.wav,7.76,1.66,0.775,-24.753902055732855,0.679534912109375,58.83812945394665
id_33lnbo3s5afn.wav,5.52,0.99,0.7,-30.5188863763874,0.7373046875,52.985873636335555
id_qgkm1kzcigz7.wav,5.28,4.09,0.75,-39.03815366869879,0.40753173828125,24.291251682365463
id_gwbhk86pkqgl.wav,4.0,2.01,0.625,-31.382381934057,0.339691162109375,31.006723514659228
id_8wx1jiwdu9cb.wav,4.16,1.35,0.7,-21.427068906512492,0.85052490234375,57.59061278701233
id_d7htnheuy6wn.wav,6.4,5.32,0.75,-48.126303495173644,0.0802001953125,37.79249837445605
id_36t5xwy2dgg2.wav,4.48,2.6,0.725,-34.651503463364406,0.691253662109375,44.15391152730441
id_phhtvhnpqizc.wav,5.92,0.63,0.5,-26.66453158833264,0.64862060546875,38.27161768828193
id_s4xxifgzr3io.wav,3.92,3.92,1.3,-50.16478345940499,0.037017822265625,12.463120991568005
id_8upzf5d6ntze.wav,3.6,2.75,0.375,-27.20530990388445,0.70965576171875,36.68110076834708
id_44do3yp9e6za.wav,4.64,2.27,0.6,-19.39175248843062,0.79150390625,47.55574496858231
id_htx9vb45vk8h.wav,7.12,3.68,1.2,-27.9047289602965,0.496826171875,31.076388846300514
id_s414mt0fagfz.wav,3.84,1.33,0.375,-36.223467950361126,0.181427001953125,47.81919186719068
id_1pbophmb7y8l.wav,4.8,1.76,0.675,-37.627098312323874,0.311767578125,33.176628554189634
id_f73ny8khxphc.wav,4.88,4.31,0.7,-28.227039765908245,0.48602294921875,31.66956801429451
id_s02sfvx1qo1d.wav,3.28,3.11,0.45,-38.88361023594611,0.24517822265625,28.638064728243663
id_pszed6n3z61e.wav,4.352,2.53,0.375,-31.435994559550025,0.320220947265625,48.54067844335583
id_mldsa0piqngd.wav,8.64,7.1,0.45,-38.59097941770437,0.564605712890625,31.70187172902046
id_nx1rxa4vf5th.wav,5.36,3.79,0.425,-24.98370666300067,0.74609375,40.146100965808074
id_npt7xn4c7e76.wav,4.864,0.64,0.5,-27.24934566445691,0.43438720703125,41.53122978945126
id_qwmvhyhrw40w.wav,4.32,3.71,0.475,-32.50907841607517,0.292877197265625,43.00857265165798
id_m9tmesm3zx7a.wav,4.64,3.91,0.7,-29.038508696883337,0.928924560546875,25.98545267048513
id_wwrl5i5rre61.wav,4.4,0.82,0.65,-30.46629569605176,0.39703369140625,55.236273828639455
id_blg760fw1b03.wav,4.0,0.56,0.425,-43.93052233932909,0.1165771484375,47.294157321044835
id_jsmbviiz2gcl.wav,6.08,6.07,0.45,-40.63333935381088,0.132568359375,42.69218344869441
id_zn4r49yv5zvh.wav,3.712,0.57,0.45,-32.130185575117615,0.35528564453125,44.44533166365565
id_bfk9fp7ufjzw.wav,3.28,3.13,1.45,-34.57970151185869,0.215850830078125,18.32160780645605
id_oqy9dhu0sdjd.wav,3.44,1.34,0.475,-35.66034618297349,0.154541015625,48.849869073202385
id_22w0lz0fa43k.wav,4.864,3.06,0.6,-28.033774009038197,0.627960205078125,48.58773464324959
id_arnn0mn1gx2s.wav,5.92,0.65,0.5,-27.974774981396404,0.76031494140625,61.87914844432472
id_m0e18colnz1i.wav,3.28,3.28,1.5,-64.60639768392893,0.005157470703125,3.4072908886670916
id_l6mo4vmkntse.wav,3.04,2.74,1.425,-34.00521001206803,0.32806396484375,15.577477146486181
id_tgw14f3xv424.wav,5.84,2.56,0.525,-30.427388252104176,0.33587646484375,36.85083817649418
id_x1lqwlty7xe4.wav,3.12,2.84,1.35,-35.57364862164728,0.160430908203125,19.50357556888838
id_2wyqdsq0oajx.wav,6.4,6.11,1.375,-33.78283288331227,0.23089599609375,19.664668244373427
id_2t4igu7tslf4.wav,4.88,0.88,0.575,-34.04559865591884,0.3485107421875,46.974027459751554
id_obdqiyjvp9z6.wav,5.04,0.95,0.6,-27.75072547747022,0.479248046875,38.369152645130555
id_8vrsyogndaqu.wav,4.224,2.33,0.45,-38.25749493342029,0.25201416015625,45.25087008626814
id_q78n1x8g08o3.wav,5.36,3.84,0.35,-28.634309728461883,1.0,46.27845811155326
id_a4bpninzsj6m.wav,3.68,0.53,0.425,-31.057590783599217,0.410888671875,43.31579400523847
id_d6xi6uedc7ve.wav,3.52,0.74,0.6,-30.30808962280194,0.411346435546875,44.790557630411406
id_tni2ofukv2em.wav,3.28,2.04,0.425,-23.45314954679878,0.929901123046875,41.95894027226169
id_8b2fv4fqurr1.wav,3.12,2.84,1.125,-40.04239920089604,0.16290283203125,20.010500191644937
id_pwovq4goavqf.wav,3.76,1.01,0.675,-23.536859144052073,0.6240234375,41.81793607620732
id_18qdpl0oqimu.wav,5.04,3.1,0.8,-31.88034202522713,0.26678466796875,36.969213917625254
id_jfsvn2kv57dy.wav,5.04,2.6,0.325,-30.402814289081476,0.503326416015625,38.532719876596154
id_m76fnilzrycc.wav,4.64,2.25,0.925,-39.209419428309516,0.143157958984375,47.82475640549212
id_is89bp93hnla.wav,4.08,0.56,0.4,-24.788415679377035,0.716552734375,36.12966709269446
id_dxeoia0bfpg7.wav,5.52,0.63,0.5,-31.839066836691664,0.394561767578125,48.179032676735495
id_xrcgclaw9g8a.wav,6.16,0.74,0.575,-31.520406405199104,0.40191650390625,41.95238703993418
id_wdur6ms13l3m.wav,11.36,5.1,0.475,-34.585978780072956,0.34326171875,29.61496621498484
id_m5nue756elr8.wav,5.6,3.95,0.375,-28.522383820201632,0.629913330078125,57.24509522488131
id_qlhz5x0mxumk.wav,4.08,3.75,1.425,-30.86508554291081,0.39300537109375,16.677993531496483
id_rurd1t1e4tol.wav,4.96,0.79,0.525,-38.39721802912961,0.315155029296875,39.45204341337251
id_x82dye5nonxa.wav,6.0,2.66,0.55,-26.875603060206824,0.880767822265625,55.06433942315702
id_3wzazhlrpq5n.wav,3.84,0.6,0.375,-29.400414848950067,0.697296142578125,51.0789900722171
id_4en2cojs0k5n.wav,6.32,5.81,0.9,-32.69961596922593,0.459747314453125,22.55914862707577
id_vmpcaxq1yoic.wav,4.96,3.72,0.675,-32.09912111112715,0.76220703125,30.47278796896937
id_7e5vu6pd6lkm.wav,4.8,4.4,1.5,-39.61307412142532,0.14593505859375,9.646785107374484
id_jblr6ktr6x48.wav,3.84,0.74,0.525,-21.85185482030002,0.872802734375,61.2254540786794
id_w5ikop6cxmj6.wav,3.84,0.61,0.375,-28.032122530509458,0.7890625,47.38198589158133
id_hvzokke0mks8.wav,4.48,4.06,0.475,-20.523340486084102,0.782318115234375,31.88507024707226
id_w2xk2kiuh85h.wav,3.12,3.11,1.5,-31.152718100908565,0.325439453125,17.146014993866178
id_pknnbdgqhze7.wav,5.2,0.65,0.475,-26.304084468497592,0.7708740234375,35.182870398025486
id_5z9e2mmj0hmn.wav,4.0,3.85,1.025,-29.46692627217964,0.457763671875,23.186083071595046
id_gznb39fawkdt.wav,4.24,0.72,0.6,-23.91618378712358,0.731170654296875,60.826005970156686
id_cebrzevrcrmw.wav,4.0,2.42,0.45,-28.715412947456933,1.0,43.46728041643425
id_8sckzrnw2ti8.wav,4.0,1.11,0.35,-34.717980691663556,0.36090087890625,50.308036517770134
id_xhqg0yh19lp6.wav,3.84,1.42,0.55,-33.239501408690096,0.222900390625,40.9442097121644
id_hliy67bxu5kh.wav,3.76,1.44,0.5,-31.818160051518568,0.2027587890625,40.3276618905569
id_9jwsincsjqxb.wav,4.8,0.62,0.475,-28.0882394240305,0.83746337890625,60.435200789610974
id_wgucy4dwh83t.wav,4.16,0.71,0.575,-27.90582470309441,0.516815185546875,55.59715650915929
id_3fee2wtkma23.wav,4.56,4.18,0.95,-22.12370317341637,0.51434326171875,42.08744689024563
id_dzkgw1jt5oxc.wav,4.56,4.31,0.625,-35.325116423311215,0.196044921875,23.92408449666018
id_hjg1xndevdf0.wav,3.712,0.94,0.325,-38.10759827570229,0.28521728515625,44.643177157060904
id_6ib5ta59zs46.wav,4.08,2.13,0.475,-26.532029779447427,0.65704345703125,51.86384057747497
id_i3iwkgjkme9x.wav,4.4,1.56,0.625,-39.15417740915973,0.13262939453125,44.96478383445279
id_1wunkz2ebred.wav,3.68,3.61,0.575,-27.829804939883758,0.778167724609375,26.470975092506304
id_9q1oxshrodwx.wav,3.84,1.01,0.775,-21.85941977395336,0.743682861328125,72.3640973071167
id_si00lptmee4a.wav,6.56,6.29,0.75,-36.857676327307736,0.356842041015625,22.996191391061572
id_zqoy2o0zve6t.wav,3.36,0.62,0.5,-22.768935226399698,0.69342041015625,60.9670194715364
id_s9z00rs1tgwi.wav,3.6,0.56,0.4,-41.589836198050634,0.17669677734375,50.05380201713509
id_iunhxpn24h7f.wav,3.76,3.32,0.425,-36.785341506605896,0.248504638671875,30.458121441440834
id_gmqhus6vjx3e.wav,5.36,0.49,0.375,-34.87724114433814,0.39129638671875,51.193924993607794
id_v235vddtg1sm.wav,3.968,0.74,0.625,-28.088447980637415,0.5592041015625,45.64541926317587
id_e8eowdx49hg4.wav,4.32,2.46,0.6,-29.69353158733394,0.492218017578125,42.236352337237605
id_uumlkzckx9q0.wav,3.68,0.66,0.55,-25.59259297288985,0.605712890625,48.92162512647302
id_m233xnl43q7r.wav,5.2,2.32,0.375,-34.040568469387345,0.35791015625,44.76309732255761
id_k14ze58z9vyt.wav,5.248,4.95,0.725,-22.94651759625323,0.618804931640625,33.95967391983446
id_28kyrhue1oaq.wav,3.6,0.68,0.525,-30.825752653896256,0.354461669921875,55.58416208063841
id_dmfx7cnlbfiu.wav,3.584,2.25,0.575,-28.16868512246642,0.2872314453125,46.37408267340501
id_zbfnf75160ry.wav,4.16,4.12,0.675,-29.996330712371382,0.346710205078125,23.82808867522626
id_abd481tgk9yn.wav,3.68,2.83,0.45,-26.66327240476781,0.499481201171875,30.584123854285405
id_sw82slpwez0b.wav,4.4,0.81,0.525,-33.90708920586625,0.3487548828125,45.7591898223161
id_ese5dxdwrtgt.wav,4.992,0.66,0.55,-30.568712838048775,0.314788818359375,39.04540927744421
id_aqkrqidp0fa8.wav,3.28,0.46,0.325,-31.165388798269248,0.242218017578125,45.017603163083606
id_l73lul19wbev.wav,4.88,0.89,0.75,-41.94839610803287,0.095123291015625,37.12097455991747
id_x3ht55txdvph.wav,4.4,0.7,0.525,-39.73649007877687,0.12078857421875,38.53308813496174
id_fbsm9iga61nc.wav,4.48,3.12,0.425,-37.0510029857078,0.349456787109375,34.7496930932418
id_tuqin1rw60cc.wav,3.68,1.55,0.6,-26.21490003354034,0.490631103515625,34.13706573494613
id_ab4x9ik79fkq.wav,4.32,4.3,0.5,-24.745749389231094,0.999969482421875,37.62585901930082
id_4rnwar4vznfx.wav,5.28,4.62,1.1,-29.22628443959317,0.549713134765625,38.43981397770219
id_2n4gx84x0cl8.wav,3.44,0.56,0.425,-32.40958690017309,0.422637939453125,53.688412676066974
id_znpcrtg23dcy.wav,2.64,2.56,1.5,-38.758778245629024,0.065673828125,18.443919449207712
id_fpnpzjpl5jrp.wav,4.16,0.73,0.6,-36.059883643666325,0.221923828125,48.893049986462586
id_08qmc49cjsdi.wav,3.92,0.59,0.475,-37.79715978907888,0.181243896484375,41.596085853657954
id_ungdog8wgeaa.wav,7.04,4.66,0.55,-32.245773560158966,0.30419921875,38.44862493033186
id_r9cvrbhzd2hr.wav,4.48,3.01,0.55,-29.946582213715992,0.358734130859375,29.286056445268404
id_q9fzvn0ie4qr.wav,4.096,1.48,0.425,-36.7474069389292,0.150177001953125,46.16102957996532
id_oyq0w4nbmji0.wav,8.8,8.8,0.7,-29.085349060457418,0.7725830078125,21.038804634162865
id_di9m2gmyyirj.wav,4.32,3.32,0.525,-36.277326373564264,0.14483642578125,38.985536754080826
id_p3657su2xuif.wav,4.24,3.67,0.7,-33.21197421182381,0.472747802734375,26.425541283163472
id_pwkm53rvdcs8.wav,4.224,0.6,0.475,-36.71285036219367,0.220733642578125,41.85872747416465
id_f3w2kuqrjwng.wav,3.76,0.47,0.3,-40.17182254075258,0.277801513671875,63.69060677292265
id_avt1uz28kpc2.wav,3.36,3.2,0.35,-28.080014720034825,0.639068603515625,31.287502254482273
id_6v8zm9su8n01.wav,2.88,2.83,1.5,-36.65601361303199,0.089111328125,6.972948239110245
id_o6f09yplmou6.wav,4.0,0.85,0.7,-28.85579326361611,0.39984130859375,54.01319040733886
id_rogb5vjxpgin.wav,4.64,4.51,0.95,-28.738472098475096,0.3958740234375,25.793849781336288
id_may1gsj7sxac.wav,4.88,4.34,0.525,-38.712678541593995,0.193603515625,35.0816534871962
id_9sw4vjd4i5pf.wav,5.6,0.64,0.525,-19.196599432441193,1.0,49.11752823759553
id_op9ea23ln0xo.wav,3.68,0.48,0.35,-37.80821701033084,0.257781982421875,65.095757648481
id_6mvkne8ydfso.wav,3.84,0.7,0.425,-35.8715687449682,0.275634765625,50.73882226708485
id_6yd23ej5rwwt.wav,3.968,0.71,0.6,-31.67960271375632,0.3052978515625,43.26330560717755
id_tesbm3el5o11.wav,4.24,2.44,0.65,-34.87084042815978,0.394073486328125,29.73378189868034
id_f90oc1jnzbse.wav,4.16,0.7,0.6,-18.836406894033953,1.0,63.188582513251475
id_4opne2cxrzu6.wav,3.2,2.82,0.4,-29.23911002416004,0.521270751953125,43.44774457881655
id_zabkht2n4a2w.wav,8.48,0.93,0.625,-18.918360559851617,0.80963134765625,54.40693610378044
id_7iszpismmext.wav,3.84,0.57,0.45,-20.546267766566135,0.796783447265625,36.07429310734436
id_z2hbv4h38cb1.wav,3.968,0.71,0.6,-27.073774363866583,0.38189697265625,46.67151822820692
id_dc5mxkwqf8l5.wav,4.096,0.53,0.4,-33.96166917991646,0.260711669921875,47.83901544316149
id_2beg86f1n08p.wav,3.68,0.82,0.675,-26.551874124678136,0.56610107421875,53.42371061759767
id_91kg5l7p9hnf.wav,5.12,3.2,0.35,-35.19976700615032,0.48541259765625,47.32425430030973
id_ro7z5tntme08.wav,3.76,0.51,0.4,-29.404423372361794,0.63421630859375,44.83030512322992
id_rt0twzidbywk.wav,4.16,0.62,0.425,-23.23774253925596,0.87225341796875,64.24749297785178
id_91bmjlbx63wm.wav,4.08,1.09,0.5,-38.00274417308125,0.147430419921875,53.404220304088234
id_az3ul0wqaxzy.wav,3.76,1.39,0.4,-26.21416564197264,0.894866943359375,43.93535952167121
id_hp6sw9c20eaq.wav,4.72,2.35,0.4,-44.31705219442986,0.066619873046875,34.79140600985637
id_aama005456q2.wav,3.84,0.5,0.4,-29.10714020050202,0.531280517578125,64.72031998662763
id_0ob70n4arevf.wav,4.64,4.38,0.875,-34.29465700799901,0.31689453125,10.1155637701129
id_xrimnrnvd8wp.wav,4.4,0.71,0.55,-28.923675751243355,0.576812744140625,55.10631943115878
id_wc10x6oi4r6l.wav,4.16,3.78,0.7,-20.517049269600115,0.73272705078125,28.224950532025623
id_3n8b95x59exw.wav,4.0,2.71,0.55,-31.07005505008063,0.534637451171875,41.65672875442816
id_u9d8r4b9igf8.wav,4.4,0.45,0.35,-22.08483466460185,1.0,53.470978599793355
id_5uzv1t5kzjj0.wav,4.64,4.19,0.6,-26.26872869891722,0.8778076171875,25.647934609322057
id_a46pet3qlqj2.wav,4.0,0.73,0.6,-28.342925697236126,0.587158203125,63.54683744608884
id_3nyaznnpj0pd.wav,5.84,5.69,0.475,-42.69920136642646,0.117919921875,24.789342563628118
id_6yh7iggkchck.wav,3.76,0.71,0.475,-23.479970408322597,0.8670654296875,60.019064683351814
id_p3drpi921xc4.wav,5.04,0.62,0.525,-25.538635601288906,0.63677978515625,53.20575026336063
id_nc83ldehvx6k.wav,4.0,3.84,0.325,-28.406116743003697,0.773681640625,28.42142647657858
id_kx88wgu6tode.wav,5.68,3.92,0.35,-20.984552621832254,1.0,48.52399353216427
id_uy4dyk2y8itg.wav,3.92,1.49,0.5,-34.81165158112597,0.163299560546875,39.00484234889124
id_gbjoonl44e13.wav,4.24,0.67,0.525,-31.918856392636133,0.569244384765625,50.464189212894915
id_j3uh8xdpwgm1.wav,3.6,0.52,0.4,-36.14729152632425,0.21868896484375,62.38439316672806
id_95g921y5hk5l.wav,3.68,3.65,0.525,-27.86216567761054,0.693695068359375,23.38114103946898
id_fzwlec9uy34d.wav,4.88,4.76,0.8,-24.5286425785392,0.6043701171875,21.410209863344882
id_saampoboz3gc.wav,4.16,4.16,1.475,-28.058127635301396,0.36053466796875,12.275097510634367
id_jendv356sait.wav,5.44,4.73,0.5,-31.000568419549364,0.399932861328125,38.09433741320069
id_ar170bai82up.wav,4.224,1.94,0.5,-30.536641767590602,0.59014892578125,39.63637410579076
id_rucidftsjcch.wav,3.84,0.58,0.475,-20.429148077770883,0.716400146484375,47.66468781253932
id_j09p922to3cn.wav,4.736,4.736,1.35,-37.34121187091014,0.14276123046875,24.84290140529326
id_tk22j6xdgxyv.wav,4.0,0.62,0.5,-25.046699642830518,0.383575439453125,49.27639059372851
id_xzn25zledcgv.wav,3.52,0.85,0.65,-34.26892431914173,0.184783935546875,45.30924962629901
id_uvyirc5e6tnm.wav,3.84,3.24,0.475,-41.37153155508169,0.240966796875,35.64099747186632
id_yjvonez9ka7g.wav,6.272,4.72,1.15,-31.820043146134687,0.3162841796875,36.855198550514686
id_5k2dphlfec2k.wav,5.28,2.59,0.6,-36.14720792671856,0.2659912109375,51.46203720236318
id_9n5hetpohwsp.wav,4.4,0.61,0.4,-34.37441187516066,0.348358154296875,51.12857335653547
id_nixkamn8js4o.wav,6.64,6.48,0.55,-28.725164991527524,0.667724609375,39.1905300142697
id_5fz73bcfhvhi.wav,4.0,3.92,1.225,-29.695091789441168,0.38470458984375,15.469500077656953
id_50i17ma6pfuw.wav,5.84,3.99,0.525,-24.404879293426927,0.618927001953125,34.83815617429701
id_kvz6uqgtts23.wav,4.8,0.64,0.55,-28.098896680934224,0.39422607421875,51.04402655124055
id_a7r3ztw3bvl7.wav,4.24,1.77,0.525,-40.195387305460464,0.106231689453125,41.32306773920024
id_pxty0t2fqbyp.wav,4.4,0.79,0.55,-32.193132479692814,0.40106201171875,32.29084621898857
id_jl5alrl7ep05.wav,3.04,0.5,0.375,-25.95242111653931,0.815704345703125,47.80081901799344
id_yff6vyqjrs2a.wav,5.92,5.71,0.5,-38.09400584952463,0.190704345703125,26.94956074527686
id_2u82olfn7vgv.wav,3.92,3.82,1.5,-40.240348333792475,0.09808349609375,11.93692154199622
id_vp197e2iq48j.wav,3.36,0.44,0.35,-41.99640270272923,0.102264404296875,60.042224507769845
id_afskpoko8ea8.wav,3.68,0.68,0.525,-25.822933236724094,0.69732666015625,53.152870208698815
id_5cb9ftsyyili.wav,4.0,0.68,0.45,-24.923042544892,0.8583984375,59.23266207168808
id_27mtulsaca9g.wav,5.2,5.2,1.5,-33.44961346544991,0.3070068359375,7.512411427038337
id_bov9nyxpvo3d.wav,5.12,3.16,0.6,-32.579956458356676,0.34808349609375,39.705727595455
id_4ziolasny1wq.wav,3.6,3.4,0.625,-30.918652829035935,0.291778564453125,36.66004661501196
id_v4ilg1oxc11z.wav,2.88,2.79,1.5,-36.11466226051903,0.1790771484375,10.3154709399413
id_belprd1sdela.wav,4.8,3.92,0.4,-39.49055563718238,0.309326171875,32.23204917680317
id_pvn92l073fv7.wav,4.864,3.6,0.225,-40.131525246151284,0.209625244140625,46.81395737860642
id_zm930btj4pw0.wav,4.48,0.64,0.525,-22.763163664871612,0.82623291015625,39.85975946031924
id_yc3x5rwpzq3m.wav,5.28,0.75,0.575,-39.4388888074421,0.18310546875,41.45531043346477
id_2z35cs0s6z8p.wav,3.36,0.81,0.625,-40.48098706600275,0.0771484375,39.79316948926723
id_afngbfy2bd1q.wav,3.92,2.2,0.625,-41.06131589101772,0.111907958984375,40.904461635474085
id_vv0w6du5o2s4.wav,4.48,0.85,0.65,-32.13126305655725,0.41778564453125,48.98759728315759
id_nnouhkspdeuv.wav,5.68,0.57,0.45,-25.973895171778565,0.47076416015625,54.413441789681485
id_6ych2xotb7wb.wav,4.24,4.22,0.675,-27.686105149104293,0.798492431640625,22.515541673784984
id_qg6p4zhexyrs.wav,8.08,7.93,1.45,-39.39941833597898,0.1392822265625,16.597962266143725
id_hjzezzou5ghi.wav,4.32,1.78,0.475,-29.84294052766691,0.57830810546875,34.70975441065111
id_3yym80t1sb53.wav,4.24,0.88,0.75,-30.538059716647446,0.412811279296875,54.99313530399257
id_d70n2ic961re.wav,4.736,2.73,0.525,-25.092156323843366,0.69769287109375,37.89493061475863
id_aqoaqk7hcbq1.wav,3.84,0.74,0.625,-22.89232523388423,0.999969482421875,60.895080182141356
id_ta8l6focakvr.wav,3.52,1.62,0.575,-37.36474127853329,0.163116455078125,37.283824331678176
id_kalci7a2x4xl.wav,5.6,2.79,0.55,-43.478135304069156,0.13726806640625,46.37669710498565
id_b7354yonq4qg.wav,4.64,0.47,0.35,-25.151974508415496,0.889129638671875,68.36342660803327
id_x3c05ax2lwp1.wav,4.72,0.7,0.55,-40.79142638664764,0.135498046875,34.14514534482366
id_lfh3kueok74t.wav,3.36,1.87,0.4,-26.250292887345502,0.603363037109375,35.491327995532814
id_tsumlqgjrphf.wav,8.88,8.81,1.2,-43.80555706063906,0.15325927734375,15.356261224120232
id_osuw83d5ud1r.wav,7.92,6.47,0.85,-24.482531666736943,0.4891357421875,42.846762946520116
id_p7e7s8evjdzq.wav,4.32,2.54,0.55,-22.071125330334446,0.679962158203125,39.483678563963565
id_16kqhay4iooq.wav,2.88,2.8,1.475,-41.43686831272273,0.05328369140625,10.104318010445319
id_52lvcoiercqe.wav,4.24,0.69,0.525,-30.540608920996718,0.4383544921875,46.18837838061775
id_slpwkzjay0w9.wav,5.76,3.14,0.55,-33.7396076769821,0.33270263671875,45.11831380343815
id_clg37pla3snz.wav,7.44,7.23,0.55,-37.584354557235756,0.232025146484375,27.34477327072234
id_y0l7vc5uhs8x.wav,5.12,0.66,0.525,-30.96190503337029,0.3779296875,37.72896720949895
id_ghwdq6uh77yw.wav,4.864,0.71,0.525,-28.437520304241232,0.472808837890625,42.13656877496355
id_f88l231shy8k.wav,3.92,0.73,0.425,-22.78064129389492,0.91156005859375,61.28298314947298
id_05g7is2vj1sh.wav,4.8,1.03,0.8,-33.541851074366754,0.22906494140625,47.16498167786918
id_3sbzf7fgk62n.wav,4.16,0.68,0.55,-25.195411201924788,0.84600830078125,69.5568104679915
id_h33jm6xcym59.wav,4.72,2.57,0.575,-29.724553896832223,0.434906005859375,53.109724425119445
id_9ygxihr3rr5d.wav,4.08,1.13,0.8,-30.54963224024318,0.50067138671875,42.35926916531398
id_p2xfdx15n1uu.wav,3.76,3.63,0.55,-42.78409859831227,0.1131591796875,25.11448293245462
id_w0xtgg7qmz6h.wav,5.04,3.78,0.95,-19.793756864570984,0.793792724609375,35.655732374012345
id_qwasoo54axj5.wav,8.16,0.8,0.7,-27.41042776223417,0.59375,55.22957317279523
id_h57ucmv86cmm.wav,3.76,2.0,0.3,-34.24081685703731,0.309906005859375,40.23490377995703
id_5f97oz7530f8.wav,3.28,2.36,0.9,-34.51169723379151,0.3414306640625,46.574082702984384
id_on6o0lutuoea.wav,3.76,0.92,0.5,-30.032436953667457,0.37847900390625,48.19673459405713
id_w45c80rkvi2h.wav,3.84,1.04,0.575,-22.048270476291442,0.999969482421875,37.24205994360924
id_37rxy8ilejyd.wav,4.0,0.51,0.35,-23.109834734343284,0.905609130859375,63.245548014766385
id_e82jojic8yrp.wav,4.72,4.72,1.45,-29.420921053096983,0.423126220703125,19.514123921780097
id_0n1wd4oqtij5.wav,4.24,0.65,0.525,-25.519155415782766,0.530242919921875,47.65992782337387
id_805zhkhgxqwh.wav,4.0,4.0,0.75,-33.41058845192822,0.255706787109375,37.50610795527892
id_o45bknrzkqsm.wav,5.36,0.62,0.425,-25.338578899183158,0.8582763671875,63.167720423091694
id_kwcbtws099ob.wav,4.4,3.5,0.625,-31.428039105087898,0.422943115234375,41.25789381669235
id_sqqigqvscapg.wav,3.84,2.63,0.725,-24.716352645196583,0.626251220703125,28.904956678333768
id_z5k49ldh7prl.wav,2.96,2.62,1.4,-42.4824550925956,0.10888671875,15.454094096945788
id_zxdsbyl606e7.wav,4.32,4.23,0.7,-29.155228260671393,0.355712890625,23.049821912078578
id_jns9cgq769x9.wav,4.96,0.65,0.5,-22.12917048370595,1.0,60.74051412027447
id_l1vys4o6s8g7.wav,4.72,1.16,0.55,-32.18251786972911,0.478271484375,52.12411543325895
id_2jujmlh69tsv.wav,4.72,1.28,0.375,-42.68952315084757,0.106903076171875,36.60314899520333
id_015rhcvf0g0y.wav,3.68,0.49,0.375,-38.30902724062617,0.16839599609375,64.95673951753625
id_hiyh9v4mxn77.wav,5.76,0.57,0.425,-34.99940461169831,0.268341064453125,44.09153799913664
id_fsfd0db509v3.wav,3.28,3.02,0.825,-22.788449936691,0.71917724609375,24.51842341321599
id_occvnmu342oh.wav,5.52,0.67,0.425,-42.137583901746254,0.08941650390625,47.1880473803786
id_mpkun7ncjpq5.wav,4.48,1.25,0.775,-34.28895298484172,0.269012451171875,37.50873702280725
id_zuk6d5c6tp8x.wav,3.84,1.51,0.7,-22.053151419241527,0.8658447265625,71.19000878281126
id_e5ze0nyd4xx2.wav,3.584,0.72,0.5,-33.47250856939202,0.259979248046875,43.19746859781564
id_hnut1k8m3r8k.wav,5.04,0.72,0.55,-29.818887428164082,0.535308837890625,46.54935430883641
id_kr078ru2ybae.wav,5.36,5.09,0.9,-29.125286869859572,0.6279296875,28.90884569656139
id_swgxdt14inp8.wav,3.44,0.63,0.35,-23.71755524711634,0.635711669921875,55.5700897567192
id_8v2e2gh9deo2.wav,3.36,2.07,0.375,-24.222434699898244,0.522674560546875,46.15628183906293
id_5nmq6jrdza4q.wav,4.56,2.77,0.5,-28.574020836459294,0.53826904296875,45.902371726195796
id_hr9b0lyhjqdk.wav,3.28,1.7,0.525,-24.256658620106816,0.595611572265625,34.820593075242435
id_4alah5ssbd6n.wav,3.84,0.72,0.525,-37.240286342307,0.16680908203125,37.07727572690804
id_r0z95xxbfbku.wav,3.52,2.94,0.625,-26.972189557316373,0.64947509765625,27.72038087012677
id_u2nwo5hc15gg.wav,4.08,0.92,0.75,-26.992936542761683,0.677886962890625,45.253616302572865
id_nxaluujop0qk.wav,4.32,0.53,0.325,-36.17831706703812,0.365234375,44.26370750133889
id_o9qs0yr20nqp.wav,3.04,0.48,0.325,-27.187538018447924,0.595916748046875,45.97142950920082
id_87dixw9e219y.wav,5.6,5.6,1.15,-31.41513142326799,0.363128662109375,16.75744692563248
id_hyw8injv42y0.wav,3.6,1.17,0.5,-24.744080143948505,0.48724365234375,43.452873987078576
id_j5uwtvg8j5ei.wav,4.08,4.07,0.5,-32.273320666227285,0.264251708984375,43.49444216464696
id_ifj709a7zw00.wav,3.36,0.42,0.325,-41.76920099574873,0.11663818359375,61.660595383443706
id_irhwvn34bo0y.wav,4.0,3.93,1.225,-38.130808412454314,0.2607421875,15.002580944547681
id_5rxlckyyuv9l.wav,4.64,1.8,0.65,-27.912524514963366,0.415924072265625,44.65421389146124
id_ztpo6dwg14eh.wav,8.64,0.91,0.775,-17.619452383101127,0.80767822265625,51.71400817157419
id_xxqjj52m5ebm.wav,2.64,2.58,1.5,-37.25615539588845,0.09539794921875,17.00828910722761
id_817eba49vneb.wav,3.76,0.73,0.6,-28.933743260717893,0.51019287109375,58.419335537568806
id_5fqeifq0m583.wav,3.6,0.54,0.425,-27.7582805423307,0.501556396484375,48.62762124396532
id_m3itsl1xo8rj.wav,3.84,0.5,0.375,-40.237761475274,0.2484130859375,58.790534244481776
id_a7o2b7trerdy.wav,4.64,0.55,0.375,-36.71777896639434,0.16937255859375,47.747463403224735
id_qjau1yqiw50z.wav,4.24,0.63,0.45,-26.509450770680644,0.7012939453125,36.43755608730143
id_1p2hi8wt0qpo.wav,3.68,0.44,0.325,-38.928321496193774,0.164398193359375,64.55702793584737
id_pgxuuk17xpwr.wav,4.0,0.52,0.4,-30.476067584119264,0.420135498046875,64.25782625483201
id_ujuve8nxxtxf.wav,3.2,2.83,1.25,-42.43954648109732,0.165191650390625,16.46069177077368
id_2obi1z15e2mg.wav,5.76,3.68,0.675,-21.64102056448046,0.848480224609375,39.891511217263044
id_ny3yaiw9k30b.wav,4.48,0.83,0.675,-37.22433745022507,0.362274169921875,30.402849240124823
id_c212wiqpm06r.wav,2.88,2.57,0.9,-34.6267445572459,0.260009765625,22.165107674588704
id_86yhgs8rxfnd.wav,4.64,0.87,0.7,-40.797387581619105,0.15167236328125,38.12336939073516
id_t3kfs6wdmlgf.wav,3.84,0.78,0.625,-26.290196867031487,0.70880126953125,50.1744079396064
id_0j43xndx0wqg.wav,4.0,3.53,0.475,-32.93867932657812,0.41204833984375,30.504779586751717
id_xsh3vh9wqre7.wav,5.04,3.7,0.725,-36.249770648796805,0.277496337890625,25.320112862342434
id_2vqv9u33zan3.wav,3.12,0.58,0.375,-35.91493417936348,0.27105712890625,41.1286030464131
id_ht7nqabyx1fo.wav,4.16,0.65,0.525,-38.71952649650228,0.104461669921875,52.03542847415112
id_wlcjddfyz1ky.wav,4.56,0.58,0.425,-32.729203503529696,0.41253662109375,42.744203621910216
id_kilth8oc8fgf.wav,4.88,0.59,0.45,-28.819476574746133,0.476837158203125,55.85620350904702
id_q7uoc9lbv49g.wav,4.4,2.08,0.375,-30.70135699444937,0.43359375,36.274507722206565
id_kt4wzpw4p4k3.wav,4.56,2.02,0.4,-34.58493413067596,0.317413330078125,51.94154473622194
id_rc8tc3vr3528.wav,4.16,0.53,0.425,-24.528763676656773,0.68194580078125,50.5915293087015
id_wtquvo9fejk6.wav,4.64,0.51,0.375,-28.47180469511116,0.867889404296875,62.71351649764555
id_9qtimmbivvr9.wav,4.4,2.2,0.85,-27.091232577296005,0.5655517578125,27.006086833853654
id_v4hhr7mgflj9.wav,4.24,1.02,0.7,-27.084510282385523,0.583251953125,34.34876124504678
id_ra6xbk0e6wo0.wav,8.56,7.76,0.5,-36.39323237447293,0.296234130859375,38.259539303060976
id_r1tztdd3nx0w.wav,4.224,0.79,0.6,-31.119049207590862,0.358551025390625,34.72914356336737
id_gdcykjk52ifs.wav,4.72,0.6,0.475,-33.91227165151199,0.26611328125,43.9877816489659
id_h0piuph5nfft.wav,4.32,0.54,0.425,-29.23107116189241,0.457977294921875,41.86428747481898
id_usvqedq3aguw.wav,4.48,3.76,0.6,-35.54529622487055,0.335693359375,27.98278562630876
id_tksk8vjw5ck7.wav,4.16,1.05,0.625,-30.56200014096156,0.467041015625,44.81984730882023
id_rutlmifnna08.wav,4.08,2.16,0.625,-36.81826859875804,0.191253662109375,38.543437181663805
id_nfcim4gb6j2i.wav,3.84,1.17,0.625,-31.737180047840056,0.254364013671875,43.785243099329556
id_hz5i2qubwtii.wav,5.04,2.78,0.725,-38.97807845043854,0.121734619140625,33.36712969932234
id_wsxf4dvewzac.wav,3.2,3.02,1.175,-34.817923374771176,0.243133544921875,23.695679692130728
id_luv5sii15cuw.wav,3.36,0.74,0.65,-32.28034359209494,0.204315185546875,52.731091823869335
id_jyxzwy6hqpz1.wav,5.52,5.46,1.025,-40.44017192189904,0.1231689453125,19.43814862913765
id_t06cia8cn32n.wav,6.24,3.92,0.3,-24.91934144180651,0.998046875,44.87818703511611
id_k0wh7jtx84js.wav,3.44,0.67,0.575,-36.82007510487851,0.19525146484375,48.19936011530651
id_p0oigtbidzfe.wav,6.16,4.67,0.475,-38.750466553730625,0.229217529296875,26.377029312541595
id_ft9cmucoefyl.wav,3.2,0.56,0.425,-21.452633369334897,0.87664794921875,68.93768513999873
id_kthw5ut3g0de.wav,5.2,1.9,0.75,-30.588213862475307,0.41998291015625,32.64395521305073
id_14q9d3iqj19u.wav,5.04,4.62,1.0,-33.562790510148005,0.5733642578125,24.26214026424428
id_qu639jrlyovk.wav,4.0,0.59,0.425,-35.52205889965342,0.234893798828125,50.415423112400106
id_7kalzf8g2hq5.wav,3.28,0.79,0.65,-27.598446766402617,0.3603515625,48.78405044077221
id_hba8rrxzcbya.wav,9.12,0.83,0.55,-24.09264823761291,0.80157470703125,46.19137945890823
id_c07vhos3x6bi.wav,8.96,7.31,0.425,-36.24096468157155,0.410858154296875,35.125860395361464
id_1nq31kkysp7o.wav,4.08,0.44,0.325,-26.466884885549213,0.94525146484375,64.65202798350705
id_4byd70k92kjl.wav,3.2,2.62,0.35,-24.561107598032518,0.7508544921875,36.31973696296717
id_gp1uov4vusjg.wav,3.52,0.65,0.5,-32.097033084317076,0.27764892578125,54.05232720134219
id_vzb3kk3c2xth.wav,6.32,5.41,0.925,-22.725771439874535,0.40704345703125,35.84301104442871
id_m6scw04qi4lx.wav,3.44,0.53,0.4,-26.25073541766044,0.545440673828125,53.38830325035028
id_rl9ze8laoz49.wav,5.84,3.72,0.825,-29.031025423920592,0.645416259765625,31.733805313351716
id_lcb8snwbhsfp.wav,5.2,2.48,0.45,-47.052089984693566,0.084136962890625,46.88048636298543
id_yd5ohcfe3mam.wav,5.92,0.85,0.575,-27.030518361812085,1.0,52.45896624666012
id_44jsl0vpt5b2.wav,5.76,5.64,1.15,-42.579444319562654,0.133453369140625,23.428885635215394
id_n1fcerruuwhq.wav,2.8,2.5,1.475,-42.27824931495023,0.158111572265625,13.993890516746198
id_dgjhqldd2su6.wav,4.72,0.71,0.55,-30.002985128356784,0.485748291015625,62.25660150182971
id_xzr6m3xtfs61.wav,4.48,2.37,0.35,-45.67294674605952,0.085235595703125,33.72185590919803
id_lwccwuu7b49c.wav,3.2,2.97,1.15,-39.44689289582889,0.32281494140625,17.47875482605948
id_p2o83qzep1c9.wav,5.68,4.15,0.5,-46.519769161842966,0.0767822265625,34.5220474437658
id_o97vo4l5b94c.wav,4.16,4.09,0.8,-35.57698054038494,0.200439453125,31.143536419314835
id_sevjnb1kbt3d.wav,7.68,6.56,0.85,-37.48541288133386,0.257904052734375,40.78967492809676
id_ixb9ds8r35uo.wav,4.64,1.85,0.575,-38.32632407197992,0.131805419921875,36.30032138733827
id_w4v4hsy9dg45.wav,6.4,6.03,0.6,-34.21882006208493,0.701873779296875,45.46126593259439
id_takq9h1rg4m3.wav,5.28,1.59,0.85,-37.22230875357247,0.226898193359375,45.79896361181058
id_1025345v7gry.wav,4.0,0.9,0.45,-29.67883976264192,0.628265380859375,51.54764976067948
id_z8qufmxahxi3.wav,6.88,0.74,0.6,-33.86447532414329,0.4564208984375,48.72908983055614
id_ffwdefh486ns.wav,4.08,0.63,0.525,-34.0063532539207,0.29296875,46.32735080016944
id_44xwi67zevlr.wav,2.96,2.54,1.5,-39.41765866834626,0.05517578125,24.923514350417477
id_cjr4iqlhz49g.wav,4.48,4.08,0.7,-35.14618571505418,0.24273681640625,25.656697005881597
id_6ys2o4y3a80r.wav,4.72,1.42,0.75,-30.787666893559724,0.3035888671875,34.775768995136744
id_3tu6zpdx3yz6.wav,4.48,1.69,0.675,-32.462727143023955,0.412200927734375,38.58232668304595
id_0wny30qmrtxb.wav,5.36,1.92,0.475,-28.70420700761732,0.5418701171875,50.6962053182874
id_4h4rs31429ji.wav,3.84,1.74,0.65,-22.677182102391473,0.60455322265625,52.151299005820995
id_ecpb17kbtpar.wav,4.88,4.8,0.8,-36.314786906725466,0.2369384765625,23.765024120306144
id_zg9h0mf51y1c.wav,4.224,0.58,0.4,-38.47613043478077,0.2938232421875,40.806434965806815
id_qxufg7e8qfj8.wav,3.92,3.61,0.575,-34.982293216444035,0.30242919921875,28.313655024619635
id_qabftx74t6nn.wav,2.8,2.69,1.5,-45.206029483059,0.039764404296875,11.334257900643422
id_a50ah4b3103n.wav,3.2,0.48,0.375,-30.633731931584087,0.30242919921875,48.1388223872711
id_sm8hu9hx958c.wav,6.24,0.53,0.425,-30.589153289388236,0.879852294921875,61.43356658067741
id_xr5iyzzzanrh.wav,4.992,1.43,0.55,-29.260432676792647,0.405670166015625,46.21620556251217
id_9nguicptn9zc.wav,4.16,3.65,0.575,-28.136227568170312,0.439300537109375,25.221052916954502
id_ore1uncoocjo.wav,3.92,2.36,0.45,-22.60830941571828,0.92889404296875,58.888632956110925
id_n0kf4fj14xz3.wav,9.12,0.56,0.45,-36.047934180318094,0.31256103515625,49.816194380600926
id_gqpfoayeryxp.wav,3.968,1.96,0.75,-31.3764758593727,0.28375244140625,40.48094529238881
id_70ngul6vqxa7.wav,4.96,0.57,0.375,-28.43482330626703,0.875946044921875,63.553144292088206
id_pkzcetb1qkps.wav,4.56,4.37,0.6,-36.402768159128996,0.36962890625,27.338044335148933
id_jv6j42bjy72h.wav,5.68,1.95,0.45,-28.61985033695179,0.999969482421875,34.13304650997625
id_0bubpvvlqhpc.wav,6.64,6.62,1.125,-28.293426054907826,0.240875244140625,27.4358872568554
id_ab7djeuvgxii.wav,3.12,1.84,0.4,-25.550745670235617,0.582366943359375,39.53597852433984
id_ck0f7jjzrb62.wav,5.2,0.58,0.475,-27.238136959611058,0.36712646484375,56.172051150550075
id_hc4ufhoqigbe.wav,4.8,0.61,0.5,-30.821254151360392,0.405242919921875,56.287287705582095
id_1otefnp108jd.wav,4.08,0.77,0.65,-29.23717684558586,0.627838134765625,53.55890036802528
id_d7kymwur14nx.wav,4.0,0.66,0.55,-35.715402157597424,0.184661865234375,49.36657406523081
id_6u1u98kkw0wf.wav,3.76,1.21,0.475,-33.97273940857825,0.27099609375,59.25602374979663
id_hst0uacjhv0z.wav,3.6,1.7,0.7,-24.776356845876602,0.6201171875,31.86180696452448
id_j947u7n424ah.wav,8.64,6.49,0.85,-24.177086184037474,1.0,30.800723241164256
id_lltzs8fhbxem.wav,4.4,0.5,0.4,-26.9112846948174,0.9228515625,50.41074671163989
id_f4h29mga0lga.wav,9.52,9.52,0.975,-31.228461543287267,0.667633056640625,12.13182905349371
id_vdabkaxbjinv.wav,4.08,1.29,0.275,-22.733402274857752,1.0,52.48009165104929
id_gbthfnt4w0ty.wav,4.4,0.79,0.575,-32.57136184426192,0.417816162109375,46.67265638944147
id_d54a90jvy2of.wav,7.6,0.73,0.575,-41.894280828534434,0.0936279296875,39.76117514450606
id_bk8ulcpnh9qr.wav,3.04,0.48,0.35,-24.202763976926335,0.957611083984375,55.64089821867507
id_l00e9q3r0tlm.wav,3.92,3.28,0.475,-31.208937909641495,0.474609375,40.092112100462636
id_m8fqgasaalrx.wav,4.4,1.3,0.5,-31.882524668939567,0.31134033203125,36.76102016941873
id_qxduad839ssf.wav,3.92,0.76,0.575,-32.987282910701495,0.36737060546875,36.02128593294354
id_1maaphk2zo6r.wav,4.08,1.74,0.3,-31.91373795825889,0.695953369140625,40.1690604641734
id_kubwxnuuy6mi.wav,3.968,1.27,0.4,-27.6328506397579,0.420013427734375,55.79057106138066
id_idbws40cm1jq.wav,4.72,4.69,1.5,-41.73059179689936,0.074371337890625,8.694504961644398
id_3a72ey2pydnd.wav,3.44,2.19,0.45,-27.244391029969428,0.38922119140625,35.754828789694486
id_9jxwbn315bsj.wav,4.48,0.81,0.425,-28.79372614002812,0.5413818359375,32.383197339164674
id_iay9ew99uvq5.wav,9.44,9.02,0.65,-46.85290789829749,0.11932373046875,26.244161468215246
id_8kriy4cqm8kf.wav,3.76,1.45,0.375,-28.74605231783411,0.54443359375,29.464962803160525
id_bceebr77n82u.wav,3.28,0.98,0.45,-32.37356590865004,0.236480712890625,41.61009043697109
id_pccow9n7eze1.wav,4.08,0.66,0.4,-31.566124901337854,0.66888427734375,43.920182332711285
id_k90fespenih0.wav,4.4,0.57,0.475,-29.54450520721103,0.4825439453125,47.00981309045021
id_fuxrc1hn1cms.wav,4.16,0.65,0.55,-23.438912000998098,0.893585205078125,51.6484950859835
id_u6qe47vvnf0n.wav,6.56,0.83,0.7,-38.29880635634887,0.1494140625,37.203384183335565
id_ta8zpg2e2ctb.wav,2.64,2.54,1.5,-37.980580525348884,0.115966796875,9.645393775330824
id_vqne1h665p7b.wav,2.8,2.76,1.5,-44.11538360513881,0.03656005859375,13.191748436528009
id_ryuy2r9dn4ah.wav,4.48,1.05,0.45,-29.975171159400276,0.40399169921875,52.37860532356467
id_ungzelxpo587.wav,4.24,0.86,0.4,-26.001276274274815,0.999969482421875,36.21458005714044
id_t9jt7x4qm8o6.wav,5.68,3.33,0.625,-20.49536374160885,1.0,45.59531887825521
id_swj9qdwxdan2.wav,4.56,4.22,1.5,-32.27876286596856,0.30621337890625,10.778408638741436
id_i92vyz2o5wqr.wav,6.32,0.63,0.5,-26.77665147647636,0.878753662109375,44.21099860001834
id_on0ucruv0rqt.wav,3.84,1.71,0.6,-35.349479566165414,0.2998046875,38.381196977347656
id_m63s0kvn3fo7.wav,4.24,4.08,0.675,-26.03061770951272,1.0,26.068051729379725
id_yo31p2exwbft.wav,4.56,4.28,0.45,-34.36271241633834,0.239044189453125,27.893411266510295
id_4ky1ipdbnp3y.wav,4.32,0.49,0.375,-25.858680873983644,0.808441162109375,66.12285150718583
id_zcv69j7ro6ec.wav,4.4,2.21,0.55,-27.009669624794853,0.569122314453125,49.06177547261949
id_a7dlo0ek2q8r.wav,3.6,0.63,0.5,-25.093609574401405,0.79632568359375,43.982763359119595
id_34tesyac293p.wav,8.448,0.88,0.5,-40.23545606614914,0.16973876953125,43.922463718285904
id_xetl9327j5mz.wav,4.72,2.23,0.825,-32.27571412419931,0.498321533203125,47.89334386791614
id_0t2w98zu53z3.wav,4.736,2.72,0.625,-31.192336969562465,0.2930908203125,44.138826117496336
id_f67d7ky8vysb.wav,4.24,1.05,0.6,-34.07546713151269,0.406036376953125,33.13353436252099
id_zyekklg3fk4d.wav,5.2,1.17,0.525,-27.661184356346133,0.999969482421875,36.27342828920222
id_b1nefsjg0fw3.wav,7.52,0.9,0.6,-33.89183492317502,0.268524169921875,44.107973612455005
id_fele9uv6zxj8.wav,3.04,0.52,0.4,-25.966381071277702,0.999969482421875,52.127032375527776
id_xxct1hhne0p0.wav,4.0,1.34,0.475,-36.73513316708313,0.17083740234375,47.85612042248021
id_yyum1ouoy9e3.wav,2.8,2.68,1.5,-38.01098643985182,0.085693359375,13.786582915550241
id_2rzmb06d9eq5.wav,6.64,1.37,0.775,-32.38255879199429,0.439117431640625,42.099873172013055
id_xdpytxi6ok5l.wav,4.48,0.8,0.675,-27.83598455672864,0.37908935546875,44.80401863066875
id_kh8rv76n4j5w.wav,6.0,1.43,0.625,-31.418267844969748,0.4012451171875,52.85589266301789
id_4w2kcae9ppr2.wav,5.52,3.0,0.6,-29.49459936165898,0.5240478515625,34.225656959550754
id_zvs2k33iy4i0.wav,3.36,0.69,0.5,-22.179294791136197,0.559906005859375,62.5200395961716
id_24cr50pvhf8o.wav,4.48,2.1,0.425,-28.007200147375148,0.474822998046875,54.647827289042716
id_mc9o31oe6q7u.wav,4.096,0.77,0.45,-34.74654949052845,0.291229248046875,47.08497964842894
id_50v96vxlekxs.wav,5.248,0.78,0.65,-31.6680576290886,0.42901611328125,48.06576111261092
id_jb0mbuarsash.wav,4.08,0.47,0.35,-31.061181737473476,0.35101318359375,44.880853127622494
id_mwk5b4xpfmm5.wav,4.32,2.02,0.25,-31.181709085171605,0.668365478515625,64.30032945929129
id_jb7u1xdatwa4.wav,5.12,0.69,0.6,-23.720205419298818,0.576141357421875,47.37222002566324
id_5ko1fllrs0fr.wav,4.4,1.24,0.475,-19.816738017923463,1.0,52.21116276367346
id_76btewrp7l5p.wav,4.4,4.35,1.5,-37.6597912218242,0.26324462890625,10.415181801558354
id_11zmo0d4aw2g.wav,6.016,6.016,0.5,-31.63197020297651,0.4974365234375,28.6870870246089
id_mljjb5fvar0t.wav,8.4,6.66,0.4,-36.15716375484536,0.2750244140625,35.81915033598967
id_zrke864qaqoy.wav,5.04,0.75,0.525,-37.09669240663376,0.2032470703125,47.7938594345917
id_p5vb0zpateyu.wav,8.48,8.48,1.1,-32.55521213440672,0.86273193359375,11.58985718695207
id_c6kwfo9ll39r.wav,6.96,0.8,0.65,-31.16917800892978,0.421844482421875,54.873283778925696
id_qbkjs5jaji4s.wav,4.4,0.54,0.375,-30.23433288649359,0.483428955078125,47.91939837071402
id_rsvwrgx6lcb6.wav,4.32,0.85,0.725,-20.862878235259465,0.745635986328125,43.72138250496101
id_vely75enbkc2.wav,4.72,3.36,0.625,-34.19845082418936,0.3448486328125,34.764106174486955
id_mxzyh3l56qs0.wav,3.92,3.46,0.375,-35.009653374525534,0.5,38.02131767087827
id_kh70vqs8jxo5.wav,3.76,0.63,0.5,-28.635893729483406,0.470001220703125,45.76186386505667
id_s7n6b45986zb.wav,5.12,1.42,0.425,-39.28411885124112,0.213287353515625,36.46467158162848
id_5mfo78ikelk7.wav,3.84,0.9,0.475,-34.964966066742804,0.271514892578125,46.32605187701937
id_u4mhsn66okrk.wav,4.352,2.37,0.5,-22.96880262651861,0.56634521484375,39.12882923675947
id_z757b81ys2hn.wav,3.92,2.42,0.65,-30.32518005202709,0.46246337890625,54.30145391993105
id_ir2a4c48dytv.wav,7.12,6.78,1.5,-27.094951413829683,0.62225341796875,11.325979010343552
id_pxms69ats3ff.wav,4.0,3.8,0.7,-42.90985304411591,0.2093505859375,33.522980352237894
id_t8o7gfkclnlo.wav,6.4,3.94,0.825,-46.662216544678785,0.12646484375,33.118430998387055
id_5m2yibfhn7ss.wav,3.36,3.28,0.65,-31.573968270096138,0.372711181640625,23.271635669919384
id_dkx40zcxwf33.wav,3.6,0.74,0.475,-32.32426226419987,0.427490234375,43.82169615948743
id_74k4b2h66tms.wav,29.312,0.66,0.45,-36.27224129396272,0.39202880859375,53.49730811979195
id_ylweythnc8xi.wav,4.0,2.46,0.575,-26.59962009461498,0.374114990234375,28.699135452810797
id_64t9bbodqif3.wav,4.8,0.53,0.35,-24.693499418595522,0.876190185546875,63.991413291814006
id_vhgy8w3uceeq.wav,4.24,1.56,0.875,-25.11710836328536,0.462738037109375,29.212986150172974
id_1pkxdu6vecda.wav,4.736,1.82,0.5,-26.449860681948998,0.5919189453125,52.44242808858283
id_vid07p1r3n3b.wav,4.352,3.73,0.45,-36.70894564822806,0.27587890625,46.27358231837856
id_m4h70hpvqkae.wav,4.72,2.53,0.425,-20.72691798690233,1.0,47.14484095454686
id_epor36n7bdh3.wav,4.32,3.39,0.8,-27.763366444900292,0.468353271484375,29.736249811038707
id_dyck5493haas.wav,3.68,1.9,0.525,-31.767531630906326,0.458740234375,28.8692039793079
id_h4v4dpiy7l4y.wav,4.56,3.05,0.55,-35.27235829321006,0.3736572265625,39.05082110179619
id_sdmmoy0lo2r6.wav,3.92,3.66,0.8,-32.188898371570836,0.22705078125,23.10225648161741
id_cw0zwcnsoftg.wav,4.24,0.78,0.625,-31.61037628841806,0.29241943359375,38.3953644975946
id_v5xwsh9nmhn3.wav,5.12,4.05,0.375,-36.518618397310554,0.358123779296875,41.053705559680395
id_4nn0ijj9up0r.wav,3.76,3.43,0.875,-28.399619733299755,0.75750732421875,17.11490351254425
id_amitsets343k.wav,3.76,2.67,0.85,-25.83904177591122,0.646697998046875,29.40268300524383
id_9ak07reekdi3.wav,4.72,2.42,0.4,-24.5818692674814,0.68768310546875,55.19263274789126
id_qt4n88i1um33.wav,3.84,3.62,0.2,-47.4858028656415,0.2569580078125,27.787851754327242
id_hdbai2wdkrdw.wav,4.0,0.77,0.525,-31.55048678246949,0.554901123046875,37.26609555426968
id_fxl4og7ptjod.wav,4.224,2.59,0.45,-29.525933523837327,0.507659912109375,36.9698021296895
id_07ppov73yl2q.wav,4.224,3.28,0.55,-30.773040930766147,0.333709716796875,40.70647781726414
id_a55sm8i3xinu.wav,4.56,0.6,0.5,-28.95899794312651,0.46783447265625,46.74157207778745
id_rmdm5j2kienf.wav,10.88,2.14,0.525,-36.22006370569815,0.347381591796875,51.442324806491065
id_7yq99yz8tc3u.wav,5.36,4.9,0.825,-28.49846563174351,0.43115234375,31.020641181512122
id_px2ztm1zqb0h.wav,3.6,2.84,0.525,-22.880941588099518,0.60614013671875,29.30045123502147
id_q25kg7tdgd6h.wav,4.608,0.65,0.5,-28.037852274585028,0.626617431640625,45.37006516927117
id_zf3zp667phpo.wav,4.08,1.76,0.425,-29.648889837068285,0.642181396484375,51.92062147481501
id_8axwwjj8jfl3.wav,4.56,4.35,0.6,-34.038323413508316,0.4501953125,36.80475586476237
id_zaax3uv4292f.wav,4.224,0.87,0.725,-27.0967841088289,0.6031494140625,45.846426870233
id_frsxid5gjsb8.wav,3.52,2.86,0.625,-26.391168248053297,0.484771728515625,38.25893687649372
id_orbg7n1flnkt.wav,3.68,0.6,0.4,-39.79743816397447,0.2684326171875,61.85076569339992
id_aljl02x08d0h.wav,3.968,2.19,0.6,-31.046141024117983,0.28729248046875,45.40924635547752
id_u2ngp2f94ssc.wav,4.32,4.21,0.575,-25.82490848794884,0.531646728515625,29.120115419615797
id_er9s20bsjg34.wav,4.16,3.75,0.625,-36.323604969400606,0.268707275390625,24.72991707290519
id_q3nrqe7jhjyx.wav,5.04,3.63,0.375,-33.726121189941914,0.43603515625,37.10690170916921
id_arpzxwhl3714.wav,5.12,1.03,0.575,-39.49454900015907,0.146942138671875,49.92211208806377
id_5ui2niq5yll9.wav,3.84,1.34,0.575,-41.68160724270137,0.150482177734375,48.25204415592725
id_b0090s60q5mo.wav,5.2,5.09,0.575,-38.9038416514881,0.224334716796875,32.217079482417056
id_2hc592b81qap.wav,3.6,2.9,0.925,-25.769674235244135,0.69329833984375,25.745658382317416
id_ea88by7h1ri9.wav,9.44,4.12,0.575,-33.453120284435805,0.482574462890625,63.55404619324062
id_m4yhk99zpkip.wav,7.68,0.73,0.6,-34.099171170214504,0.3111572265625,46.000798723343834
id_akrt06xniwwt.wav,3.84,1.59,0.5,-30.446357694666194,0.388641357421875,38.96672882019779
id_xs89y9axegw2.wav,3.6,0.52,0.4,-29.28882779160062,0.386444091796875,53.72920912469342
id_ynada2n1kspe.wav,4.64,1.07,0.525,-26.288905453283597,0.504302978515625,50.68743128857753
id_gjlvxjnawqpy.wav,3.76,0.54,0.425,-28.636040474253832,0.82855224609375,52.302777575661175
id_o5lzo8ncu7rh.wav,4.24,1.58,0.475,-32.90002322859587,0.42010498046875,36.40857039417668
id_jmd85tj1tfdo.wav,3.52,0.5,0.35,-26.553295780555885,0.686676025390625,36.8787066980029
id_qnf38q1ang7o.wav,3.04,2.93,1.425,-33.71310858646421,0.185333251953125,18.750481588121907
id_79tto8fjfwiw.wav,5.68,0.73,0.55,-36.309134213608154,0.25177001953125,45.87659839475577
id_idsj0gubpvyr.wav,3.52,0.53,0.4,-27.44450954064017,0.756622314453125,56.132496691333856
id_399n3njaduqv.wav,4.8,1.0,0.7,-23.019566839774953,0.87677001953125,47.467913243510395
id_5prc3lwxgzl1.wav,4.0,0.68,0.55,-33.31414494425918,0.35589599609375,45.667768764410795
id_ngxzr6iphsxm.wav,4.4,2.53,0.725,-32.50346160383445,0.39154052734375,52.04944925908201
id_uj7x4wwjcoe5.wav,5.12,4.4,0.5,-37.45496822145974,0.31610107421875,34.84166377108559
id_yqedtsvm6rj9.wav,4.4,3.94,0.6,-22.117189772605286,0.790496826171875,42.28868351741521
id_4aozzgfhs6og.wav,5.28,3.99,0.575,-28.817571246740975,0.9776611328125,51.48275435845233
id_xrjhw4ixl9ux.wav,3.44,2.97,1.35,-41.42533878813153,0.27557373046875,18.58698140263825
id_1ij74vcnen10.wav,4.16,0.45,0.35,-28.333100006282756,0.684906005859375,36.755435989136295
id_a0b8t62walsy.wav,5.36,3.51,0.475,-39.535373308998906,0.188079833984375,46.552850379208216
id_xdj1emjyd65v.wav,4.24,2.17,0.325,-22.6886071079139,0.945068359375,56.65969359803633
id_a7j8s6x5y9o1.wav,4.0,3.3,0.55,-35.87850615493334,0.19171142578125,30.175525669887715
id_lojj33t5aqfj.wav,5.36,0.57,0.4,-24.80357908527411,0.868072509765625,47.8282908506886
id_ctcdcixhf4nl.wav,6.32,3.89,0.775,-29.887415059402016,0.6025390625,26.5932401246802
id_rlb6qeqtobq3.wav,5.36,2.91,0.75,-36.29304569578576,0.161468505859375,43.3179227565135
id_b5ez857boyhx.wav,4.0,3.82,0.925,-38.82397312521687,0.088287353515625,24.564287319782487
id_7sqz1ssggfgc.wav,4.96,0.83,0.475,-31.080875834801898,0.31622314453125,32.57079628033848
id_nz0f4r22knyc.wav,8.48,2.41,0.625,-41.14584329062521,0.114593505859375,42.95306067743029
id_uh8wrfd6an09.wav,5.04,2.67,0.425,-32.158282836288286,0.36688232421875,39.54986091142789
id_8c3z26adlmsq.wav,5.2,0.82,0.55,-38.25383393546079,0.129302978515625,36.593324181521304
id_jo8wl47wss2k.wav,4.608,2.55,0.575,-30.30495406382301,0.335906982421875,46.220436430467196
id_9av7kxwofkic.wav,4.96,0.59,0.45,-27.821678533491824,0.455657958984375,53.92794494705865
id_s1rtusftdneh.wav,4.72,0.94,0.65,-25.15891322569317,0.88232421875,60.47160599102335
id_5kozr25crq9w.wav,5.76,2.76,0.675,-36.245234918811875,0.393524169921875,41.98749845403567
id_4huet176wevp.wav,4.8,0.76,0.625,-28.511671142224127,0.571746826171875,46.981474244737385
id_i9omy4ouobmr.wav,6.72,3.64,0.7,-26.118420935863785,0.57952880859375,35.917447878580894
id_2aoxj1d8wvqw.wav,7.04,2.45,0.55,-37.580748366040886,0.236572265625,39.89786131390878
id_767106k9h94j.wav,3.84,2.85,0.75,-30.24793982839285,0.3304443359375,27.183912871183225
id_j0lpay3n0mlv.wav,4.64,2.36,0.675,-37.66286821889621,0.225860595703125,48.938374872178315
id_g6hsdfwl8kga.wav,14.0,12.9,0.5,-27.127093566999285,0.999969482421875,39.89111249463589
id_hd3lumujpdpd.wav,6.88,6.65,0.4,-34.64359812671414,0.33636474609375,27.044964865939956
id_idydxrpcbqgz.wav,3.84,0.55,0.45,-36.25520832575819,0.24029541015625,49.40304968223661
id_rdfw0uf5gpdm.wav,5.52,1.54,0.7,-32.945698765001374,0.204620361328125,41.66183365144722
id_g9i17jyb5x53.wav,3.84,3.25,0.475,-26.77774621616969,0.639068603515625,40.70301229568396
id_3p4b7mcsyovz.wav,3.6,2.74,0.6,-27.759407852324443,0.61883544921875,33.71442625993966
id_14a888rxubfn.wav,4.88,3.03,1.125,-37.152553312783084,0.188385009765625,45.09283019036077
id_g7dbo1ck5lur.wav,5.04,0.68,0.525,-32.161606307435115,0.35906982421875,32.662083742074564
id_ku7c3ou8a6cb.wav,3.2,2.69,0.3,-31.256367281894025,0.308990478515625,25.133884129100554
id_05s8qatxqcps.wav,4.0,0.8,0.575,-25.8371130440629,0.842681884765625,47.02492220143348
id_prc1roplyctc.wav,3.92,3.61,0.425,-32.229708598611815,0.44610595703125,27.198243667596458
id_2wknh4vuposk.wav,3.84,0.92,0.55,-30.167753049336632,0.36480712890625,45.64709698488767
id_c70hyu9apoag.wav,4.56,0.7,0.425,-27.055694088436624,0.999969482421875,56.015561923104116
id_0plej5f4lbcg.wav,4.4,3.8,0.675,-35.15114401171318,0.46826171875,26.08523601441878
id_vy1i8brgjw3o.wav,3.84,0.75,0.625,-30.163985268797422,0.320404052734375,38.52488003090414
id_j9spcvqf7sn2.wav,5.76,2.13,0.4,-31.065709555401888,0.5079345703125,50.86086584732652
id_gvdolfou4xhp.wav,4.8,3.62,0.475,-27.278731876528134,0.885467529296875,32.51090808241467
id_rirgxj6qi733.wav,9.44,2.83,0.625,-29.777379424527076,0.49237060546875,52.67167625407246
id_zlfcanji96h7.wav,3.36,0.54,0.425,-33.42217411353413,0.379150390625,45.11459162000918
id_7suuhahiad8e.wav,3.92,3.45,0.825,-33.764059254288355,0.246002197265625,32.29760181722759
id_i7b3yx89edij.wav,4.992,2.75,0.625,-24.005600458898332,0.586273193359375,43.16332740256396
id_lduvyw6ck4ea.wav,6.96,6.96,1.5,-40.490768334651364,0.19329833984375,5.92420274605422
id_q4rwb6udjhj2.wav,4.56,0.57,0.475,-29.33253943145075,0.3778076171875,45.891024429369175
id_xjggoacrog77.wav,3.68,0.45,0.35,-40.088811492494656,0.153533935546875,61.91850645378752
id_pglcrdaf3m07.wav,4.64,2.13,0.625,-30.648442228498077,0.4085693359375,35.5855722368381
id_zrexdynyesaw.wav,6.48,6.07,0.8,-28.80425091607126,0.60162353515625,53.32950878184241
id_zsy4euj6cage.wav,4.56,4.14,0.525,-38.57578443051716,0.258453369140625,24.371181355336027
id_lrduy4kd0l9m.wav,5.12,5.12,0.6,-34.56263614984131,0.41796875,33.17355580093833
id_m0qlwegzlw4f.wav,7.28,2.83,0.6,-24.51781683728705,0.887115478515625,42.75472885465272
id_3rrcfnee8j5k.wav,4.88,1.62,0.525,-24.994246545398223,0.999969482421875,39.84491806720159
id_sjs8y8ck7fpa.wav,5.84,1.25,0.65,-32.21475254022756,0.42034912109375,48.017489631451774
id_t68f3zo98m7z.wav,3.52,2.59,0.5,-25.844434937403932,0.547393798828125,28.94064470586786
id_lmhc9qnp4llj.wav,3.84,0.67,0.55,-27.539986120949145,0.3837890625,39.29095489060124
id_ughsq2qhi6b1.wav,4.64,4.41,1.35,-22.42921810800135,0.91455078125,22.032149694808968
id_1pt4ceg6frfw.wav,4.16,0.44,0.325,-23.47325916618832,1.0,58.435807895495024
id_ibvuxstppqpx.wav,4.56,0.6,0.475,-29.626730725287715,0.408203125,46.155727219441744
id_n1nd14u7u848.wav,2.72,1.84,0.4,-27.34955306921915,0.5341796875,53.7229438035566
id_5i7hzoouny3f.wav,3.2,3.13,1.5,-43.95086729199708,0.08099365234375,9.425726466930257
id_6090xr24pzrl.wav,5.44,0.93,0.675,-36.61592790139092,0.396728515625,37.631895970126905
id_1i067ck161fg.wav,5.12,3.13,0.525,-32.51658430005008,0.464141845703125,45.193163824333084
id_tqioixaz6zap.wav,4.608,4.568,1.425,-32.640711781843535,0.315704345703125,11.712739624279294
id_ij4ykjf2lu6z.wav,4.48,1.79,0.9,-38.4233153633921,0.159423828125,37.9186525464479
id_iatzadf2xl3h.wav,3.12,2.91,1.3,-34.47991987571521,0.178985595703125,17.441781278745523
id_gc1gsrlo0m5w.wav,3.84,2.09,0.425,-26.521448334938352,0.5987548828125,31.705440440459736
id_w4rcv3550arz.wav,5.68,5.54,0.725,-36.295051670022175,0.367767333984375,25.939047560913743
id_114ti264bsme.wav,5.2,4.28,0.575,-39.19188921344821,0.112213134765625,35.32224882920259
id_ue9g7804ztlw.wav,2.96,2.52,1.05,-35.712655425138934,0.360260009765625,19.389312747431383
id_0209jfho3h3c.wav,4.72,0.78,0.625,-30.956518711215743,0.46258544921875,49.07477112761886
id_niumeh5x3fcz.wav,3.04,2.82,1.45,-30.073472248422842,0.36785888671875,18.808822687397615
id_hvdq6hy01dfp.wav,7.52,0.98,0.85,-31.72417773364204,0.48052978515625,62.64423374508665
id_mpllng5tdj7q.wav,4.0,4.0,0.65,-33.332229897862916,0.33636474609375,31.919194438090464
id_e6ry5490ucu6.wav,4.4,0.85,0.425,-33.884639180307346,0.3526611328125,40.95536823878744
id_3c93skhlwx4r.wav,4.736,2.48,0.6,-29.451810348857205,0.2642822265625,45.565875806357845
id_xmicfkcwsx3y.wav,4.88,4.55,0.7,-38.53306529790957,0.2607421875,35.264676796033854
id_f4itqyv6ztb3.wav,7.168,5.15,0.525,-25.797016724033355,0.5675048828125,38.014910560559954
id_iihfba01m6c4.wav,8.08,7.18,0.45,-29.285255871651692,0.434051513671875,36.75703184255198
id_9sm2j7k0cqv2.wav,3.04,2.53,0.4,-29.05709003631092,0.45758056640625,31.862717401758417
id_634gu2bx6dx7.wav,5.36,4.19,0.5,-31.568068146983514,0.272674560546875,29.71030106438903
id_2m4vb3toz6oy.wav,3.68,1.11,0.525,-26.272467994155274,0.48663330078125,40.654296056701575
id_o2d2ykoyq88l.wav,4.08,0.61,0.5,-33.150472271096504,0.36328125,48.62383482405066
id_cbhrhkedajb0.wav,4.224,0.93,0.525,-31.243580788241715,0.311065673828125,44.16406849559151
id_1zkeysfsoncf.wav,4.4,0.67,0.575,-27.580247498700494,0.7440185546875,49.968005139770824
id_h03z2rj1k2ti.wav,5.12,2.67,0.6,-45.25103727042919,0.08367919921875,46.15240271786892
id_pwexletl4g7y.wav,5.12,3.55,0.525,-40.55191431956103,0.1488037109375,32.37690035691777
id_0lurju3a5cuo.wav,3.84,3.84,0.475,-28.001569625086468,0.75921630859375,25.55768171557981
id_6gpltzvgxm3h.wav,4.864,4.584,0.7,-26.767225096304333,0.408294677734375,23.112519289848322
id_ifdbnlzhtzqo.wav,3.76,0.5,0.375,-33.065195153207426,0.288055419921875,51.882879043750975
id_p21c4arem1k4.wav,3.44,0.75,0.475,-38.51192005708836,0.13922119140625,42.044842382649215
id_3s0lrjmjxcz6.wav,5.36,2.96,0.65,-34.711568795022636,0.55670166015625,30.037439009613696
id_zsw6dt03c4oy.wav,4.64,1.46,0.525,-38.76059611251713,0.24139404296875,30.274061784434252
id_phfkrqfvd2va.wav,5.68,1.29,1.0,-27.580812440935585,0.895599365234375,38.249069356598525
id_qa3bdn0hl4au.wav,5.84,0.64,0.525,-28.73485310085134,0.87677001953125,43.51747307678069
id_o8gqo553qcr7.wav,3.76,0.79,0.575,-32.27080345298426,0.332794189453125,52.6426428865012
id_ppmuayh78q4r.wav,3.92,0.58,0.45,-24.784813927194868,0.93585205078125,51.585248494311244
id_k52jtroaa8cx.wav,3.36,0.83,0.5,-38.48182610134864,0.15740966796875,46.42681296550005
id_bkbq9rsmuq8j.wav,4.88,3.11,0.875,-36.03482983162225,0.227325439453125,32.94304971218154
id_t5ns7s8gocv1.wav,4.4,3.55,0.625,-39.3596357074111,0.117919921875,43.545961361313786
id_6imavdniztys.wav,3.76,0.93,0.375,-39.71767101818028,0.27001953125,63.13507084736998
id_54ryxrykpgmk.wav,4.88,2.8,0.65,-36.31420669082636,0.225433349609375,36.74610921860332
id_0fh08ayr6x92.wav,4.24,0.7,0.525,-41.78413647511755,0.11932373046875,50.480012720024064
id_zdy9iw7f5c6t.wav,3.44,3.14,0.7,-25.33707433073865,0.755462646484375,27.060711039099484
id_olbt6h56jhrd.wav,4.4,0.57,0.325,-47.22731908662924,0.10162353515625,32.076902956399024
id_9a8av82hzwt5.wav,3.28,1.23,0.45,-39.44643082802409,0.15594482421875,44.671704290878324
id_6o4gyb9ybzrp.wav,4.08,0.65,0.475,-31.19338432957875,0.49066162109375,64.84207912911035
id_vk7rcglyfm35.wav,4.8,0.56,0.425,-23.348397779387554,0.8797607421875,64.09385039156348
id_fqk0h15nlb40.wav,5.84,0.69,0.5,-35.12700447857759,0.263031005859375,44.10444786407024
id_5wt0vrzlrwgh.wav,3.2,2.87,1.225,-33.42760106116287,0.214447021484375,23.617033492685707
id_myu1h7kpqmr5.wav,4.0,0.57,0.45,-28.81927510486157,0.999969482421875,46.83822551897414
id_fgtxguvptih7.wav,4.08,0.93,0.425,-43.08326885929767,0.10430908203125,40.25515964131029
id_nnwkroqumwrc.wav,3.2,3.18,0.4,-26.120269558156316,0.68310546875,39.71210758965131
id_1ztxm5ucc5hg.wav,6.64,3.1,0.375,-35.71511421299527,0.40118408203125,45.01183801542758
id_bvwygbnjfpqk.wav,3.92,0.49,0.35,-31.11570749299731,0.597503662109375,45.43750074215543
id_qp2exgpeewvo.wav,7.84,7.17,1.0,-24.562975865584175,0.70751953125,40.83746573170217
id_5y0elsyvrb1y.wav,4.64,0.74,0.6,-25.120152989713546,0.999969482421875,55.13815665552786
id_eiwivdxt39jd.wav,4.08,0.77,0.65,-23.00774241261734,0.425689697265625,75.70135499798076
id_ftem57sjc89t.wav,3.6,0.64,0.425,-31.219389972475383,0.33489990234375,40.54858010487827
id_ln6f7kkqi1ph.wav,4.24,1.05,0.425,-32.84963441429906,0.26019287109375,44.25910804698204
id_dnwj0h38577y.wav,6.88,5.5,0.475,-40.410304292037516,0.139251708984375,35.40642092092158
id_9bbz7alxy9wb.wav,3.36,2.12,0.625,-23.39187823536307,0.602142333984375,34.299897063098484
id_nzgf25xd4cy8.wav,3.68,0.56,0.375,-42.03055186126717,0.218048095703125,60.314260784074456
id_nz096zt4us7t.wav,5.2,2.77,0.65,-35.37453968468658,0.218109130859375,46.66302151412839
id_3lhkgf9dqr4c.wav,3.6,0.38,0.275,-43.29640300163197,0.127532958984375,60.64080801276717
id_vf4w9creqbrm.wav,3.84,2.38,0.525,-30.626166518332198,0.469329833984375,33.137950231701346
id_3oz0vfuf7xw6.wav,4.8,1.68,0.55,-38.943639087080605,0.17010498046875,27.936682595748152
id_gmx8tkpiumij.wav,4.32,2.22,0.425,-46.48042414726263,0.109710693359375,43.160793662648615
id_olwvq70pc4gw.wav,4.24,3.19,0.625,-30.505041158461232,0.39691162109375,42.78949203173656
id_3mnqaj2ux725.wav,5.92,5.1,0.575,-32.37805766388905,0.513641357421875,29.125417252672598
id_a2zkgtgmao8f.wav,5.68,0.83,0.675,-28.34156691068252,0.38262939453125,47.968430491537596
id_u4fwyx3l8010.wav,5.04,5.04,0.875,-29.560786827971025,0.46136474609375,19.139950288796953
id_lpxte4vh977s.wav,5.44,5.15,0.5,-43.317859509105496,0.15765380859375,23.147072308127164
id_w88o3s1h3t8w.wav,4.96,4.96,0.9,-38.70999799995596,0.199462890625,25.53423112769721
id_5qkh1q6nvexh.wav,4.0,0.56,0.425,-26.947098591959097,0.733795166015625,61.308813261867925
id_gkzjupd1gsr7.wav,6.56,6.56,1.45,-37.37652852090409,0.163543701171875,8.661653897455636
id_nmityofqhi3n.wav,4.24,4.24,1.225,-45.93604760522109,0.068084716796875,15.782622683440259
id_xj5mat84juyh.wav,3.44,0.51,0.375,-23.204423991512297,0.76458740234375,58.24617468869289
id_oiqvisx2vorl.wav,4.8,4.71,1.5,-30.159224874879268,0.429931640625,9.715228933103926
id_ny179ruihwtb.wav,4.864,0.88,0.725,-26.448227863971475,0.67779541015625,39.61269616218717
id_cd8cgm64i4z4.wav,4.16,3.67,0.775,-38.246654457344334,0.103607177734375,24.985772367230545
id_x7pkadmez53t.wav,5.04,0.61,0.475,-28.756071961032845,0.669769287109375,57.59637143346711
id_kpbmq5sg0jp0.wav,5.2,1.65,0.275,-34.533152016165474,0.265472412109375,46.85707775569793
id_e2fxgexd97xy.wav,4.0,1.43,0.85,-25.471218629394663,0.6512451171875,37.61516860646338
id_jdftla65eogw.wav,6.16,0.56,0.45,-27.19395900911583,0.999969482421875,54.920039746720384
id_ilkmfbcv2rq6.wav,4.64,1.03,0.475,-32.91736946931101,0.276947021484375,41.7784640090702
id_xr9apuvtb35i.wav,3.28,3.28,0.775,-27.10230859244441,0.685546875,23.560335146106905
id_0adsbalxnhp2.wav,4.0,4.0,1.325,-43.0332701856767,0.0728759765625,13.743723595986687
id_icma48soboev.wav,4.4,0.43,0.25,-38.437871298732404,0.380462646484375,39.674950235227136
id_4j3e8cswgk3w.wav,3.968,2.37,0.65,-31.716536762985786,0.281280517578125,41.69454607687061
id_mxd8e0qaffwf.wav,3.92,3.86,0.725,-36.444689857020926,0.25982666015625,23.66382907907343
id_ng6ypw5ey2yy.wav,4.0,2.15,0.675,-29.158779892875295,0.50128173828125,43.01649431147783
id_r9lsj1i4qk7n.wav,2.8,2.6,1.5,-40.713728802996116,0.0992431640625,12.234651169761442
id_l1zr6f6repht.wav,3.76,3.62,0.725,-41.48428084642045,0.10516357421875,20.159508306381078
id_yogqeztnbkld.wav,4.56,1.46,0.575,-40.923985956835224,0.1783447265625,35.978506748700184
id_bhrr2rp2xep9.wav,5.84,0.58,0.45,-35.243529090100765,0.296295166015625,53.7072038126307
id_v6bdbupic4sa.wav,4.24,2.43,0.325,-32.08905943349332,0.375701904296875,46.8762275385102
id_9lwqho2wr3v5.wav,3.52,2.42,0.725,-24.46780945942278,0.5556640625,51.30563700871539
id_mikph0xgpq7e.wav,4.0,1.03,0.8,-27.551919793480735,0.840606689453125,50.36732582775781
id_9al9p94omqq1.wav,4.08,0.81,0.5,-27.859565673713334,0.576751708984375,50.600640351230595
id_dsz0cj011114.wav,4.096,0.7,0.575,-33.43610155366038,0.271209716796875,44.46157410280485
id_j7obvau6r5lc.wav,5.2,0.75,0.45,-32.01699180120223,0.67626953125,52.29189036128933
id_e0zjft3pbce2.wav,3.44,0.5,0.4,-43.34910666062966,0.121185302734375,59.05043514993824
id_xkm0zav0dwxh.wav,3.84,3.23,0.45,-27.58444857763591,0.7122802734375,36.07585612842506
id_3ly3rgl0hkel.wav,4.32,3.8,0.55,-32.0785543320183,0.2178955078125,31.579206998592287
id_srqxr3dsnexg.wav,15.616,0.79,0.45,-37.94133977611785,0.33026123046875,51.85383482826823
id_ltunajhgq8zt.wav,4.8,2.56,0.525,-29.84126604416845,0.627166748046875,45.63056153145568
id_njasco7rx7m8.wav,6.08,2.68,0.5,-21.830154719019976,0.791748046875,50.501969876169746
id_6ivjnyhwrhvg.wav,3.92,1.32,1.0,-22.06602536029855,0.863677978515625,57.6503065404702
id_g3ur6kbf4u3o.wav,3.2,3.2,0.35,-25.727626979562515,0.714111328125,32.34742799719801
id_3sq66j3fuo4l.wav,4.32,3.74,0.8,-34.58318245712058,0.3885498046875,26.67492483045613
id_v9qot8npf1hr.wav,3.84,0.58,0.425,-35.67928247811901,0.198028564453125,54.58381899188461
id_rsf7nlh1xnq3.wav,4.96,1.16,0.625,-25.737968869333105,0.97589111328125,45.05785467221695
id_grz7vwra2oh2.wav,4.48,3.5,0.525,-31.546190758153433,0.44873046875,45.729102721034465
id_wesg73e90shx.wav,4.4,4.11,0.575,-37.594854891715705,0.251220703125,29.465443273881274
id_f3we2hleis4b.wav,4.0,1.02,0.55,-35.29913431669979,0.1436767578125,42.01575953449594
id_no8u2tvobi1m.wav,3.84,0.57,0.45,-27.77154694733488,0.499114990234375,45.878754834911256
id_jx7mbvyds5pm.wav,4.16,0.53,0.4,-26.9386863209131,0.651275634765625,49.35708424915342
id_fsmbvj2a9li0.wav,3.6,2.55,0.6,-28.932627940787906,0.999969482421875,32.03946107243642
id_sx9c63jaui0k.wav,3.68,1.71,0.525,-32.64646855994656,0.55517578125,32.58571591393054
id_qr3s66u459b9.wav,4.4,0.49,0.375,-30.77212631192409,0.359619140625,45.02825815443832
id_j4u9jxt3qows.wav,5.2,3.11,0.775,-44.49200639188373,0.07330322265625,39.922178850188885
id_svr4u969sv4s.wav,7.68,2.29,0.475,-27.513212818815298,0.530426025390625,59.48003012554211
id_c71ebac7m7b2.wav,3.84,0.62,0.45,-30.20203678644666,0.367919921875,52.0937757150082
id_lkqjkdrv4t2g.wav,4.736,0.57,0.475,-27.95694456450488,0.627349853515625,49.1186485149472
id_59s6kxdzbxcw.wav,3.92,3.87,0.7,-34.47418282666932,0.17926025390625,38.69921972345941
id_y9f2c398543q.wav,3.6,0.69,0.475,-24.587064989080517,0.502166748046875,58.343051939880596
id_0zmmsigc8qay.wav,4.32,0.92,0.75,-29.136610830455,0.556488037109375,47.764058824824424
id_33xt09xh6sn5.wav,3.92,1.51,0.7,-30.47608651967924,0.5653076171875,47.16006370414615
id_dav1mwm5d382.wav,3.6,2.4,0.825,-25.250828274222727,0.829620361328125,29.94220260634051
id_zj21n1bb8z2a.wav,4.08,0.66,0.55,-25.511777269371354,0.877777099609375,58.07433883754891
id_tj4g0fqiu2c8.wav,8.0,8.0,1.325,-31.6511580292864,0.485137939453125,14.246974441929815
id_gh31vxgncxgs.wav,3.76,3.12,0.425,-31.2616920686396,0.58819580078125,30.517176130999918
id_yw98ixv6h17e.wav,4.56,0.73,0.6,-35.82210339461773,0.2049560546875,52.50864147453416
id_hbjvmj0cdpob.wav,4.224,0.98,0.725,-32.888458690303025,0.3302001953125,42.077946520545815
id_7rwtj7s4zl7v.wav,3.76,0.63,0.375,-25.95552060199767,0.6416015625,49.97148319215249
id_t8ey9zv3pa4f.wav,4.32,3.4,0.65,-47.71158338889489,0.07049560546875,33.11836229422371
id_sn4rzxvo7kbx.wav,3.6,0.58,0.475,-26.829564249117617,0.39727783203125,59.91758305503223
id_nb4bvwqu32f6.wav,3.52,0.55,0.425,-31.096208572623464,0.31475830078125,48.103026318034466
id_vau0wkebslsc.wav,4.736,3.7,0.425,-48.750415782784316,0.06402587890625,30.970020633366545
id_tyiiy8q1d9n7.wav,3.92,0.42,0.3,-41.14054262916646,0.24542236328125,62.528199467387935
id_sapxs2qc6pm5.wav,3.68,3.55,0.975,-30.120710293683747,0.233642578125,23.414509955715666
id_otzzy6j70pof.wav,3.68,0.68,0.55,-24.14519524508217,0.68804931640625,54.381242736211895
id_j6i8e20mrdad.wav,4.96,4.15,0.95,-47.22734301571663,0.261077880859375,27.09551770091815
id_r09h8q2w6pup.wav,5.632,5.632,0.425,-28.4525648950881,0.5745849609375,27.419193644103057
id_64obgqr6qss6.wav,3.6,0.57,0.45,-28.237183215519238,0.4642333984375,42.29100127335228
id_0itjjnswiixc.wav,4.72,0.73,0.475,-21.669611395999908,0.791351318359375,59.26138049831509
id_jlg45p65eems.wav,3.52,0.65,0.225,-42.523559337989354,0.263671875,61.724954279120524
id_mpv7dgpnejfe.wav,5.44,0.7,0.525,-22.005290039603867,0.999969482421875,41.806299686448604
id_g6ui4xctk8hu.wav,3.68,1.85,0.375,-34.79386102715094,0.321624755859375,42.75201026741574
id_vr4lnksn9gep.wav,4.24,0.81,0.575,-36.884140351298086,0.180908203125,74.04397202091293
id_zayrunyhdyn4.wav,5.28,5.25,0.575,-33.82500974537613,0.19561767578125,31.376290518907172
id_j4ep3uymicbg.wav,3.6,0.56,0.425,-28.00749022310413,0.268890380859375,56.995436984644584
id_90e66gxmks82.wav,4.4,0.7,0.575,-25.60879456005901,0.999969482421875,56.13363081983623
id_x9oxwwxkb96i.wav,5.76,5.76,0.975,-27.045102477463907,0.999969482421875,19.236256559613658
id_9fcqw2gfolqw.wav,3.76,1.78,0.425,-35.882886345359545,0.277191162109375,41.689041192095175
id_q71c9xumgucq.wav,4.4,0.66,0.55,-30.630831550298616,0.951934814453125,55.27817958167179
id_3gopniagk4ms.wav,3.6,0.61,0.475,-27.2620692221135,0.69482421875,60.86770511169183
id_6w23l98c6r70.wav,2.88,2.8,1.2,-37.94482810498052,0.15972900390625,12.87566389002216
id_rmt3z39kqt2a.wav,5.28,4.52,0.45,-42.14524409854075,0.080535888671875,34.263049445302826
id_k07b4nf1idae.wav,2.8,2.21,1.325,-32.96176228733921,0.309173583984375,26.35160683068516
id_c52t02j4lqgm.wav,4.48,1.08,0.5,-30.42441773096991,0.625885009765625,56.53513538470816
id_vc6kbety3bjt.wav,5.28,1.34,0.675,-30.68393311384135,0.394439697265625,49.126139341833934
id_i2m6jf1xtwol.wav,4.64,0.49,0.325,-28.078373008563652,1.0,51.83522012753693
id_mn67jkfzp4yh.wav,5.6,2.6,0.875,-38.006743203228424,0.157470703125,41.45072441608043
id_b5xxavk54wvk.wav,5.04,0.51,0.325,-30.136288289884124,0.597137451171875,51.04486860721599
id_i9trh96vpuwj.wav,3.92,0.83,0.6,-32.572210852111226,0.57769775390625,52.66593852214131
id_a72xaeqdggbp.wav,3.84,0.66,0.5,-24.09679552403304,0.999969482421875,48.05885188935483
id_4pu66fizcyax.wav,6.32,2.42,0.425,-28.307963304502778,0.484344482421875,59.07106218991045
id_cvlpyf4xfmkz.wav,5.28,0.6,0.425,-33.62506120127069,0.4429931640625,37.869643956098685
id_z5idkrwyr29q.wav,4.56,0.76,0.425,-31.452032275707374,0.41888427734375,45.02861378616184
id_c8577dgo3x1z.wav,3.76,0.74,0.5,-25.29850538261265,0.8572998046875,58.22570442166406
id_7d33xzzvd9ml.wav,3.36,0.57,0.35,-31.417440715134376,0.400146484375,45.64234224832261
id_lobeorpo1d2o.wav,5.44,0.67,0.375,-29.712700622852818,0.90191650390625,38.66545021038774
id_6bhvp8yjes2q.wav,4.56,1.14,0.5,-34.444991971098496,0.50115966796875,43.562436670710596
id_cr1sanzd3hfy.wav,4.72,0.79,0.575,-39.44918186216099,0.155792236328125,73.15775517446474
id_y2srjhqtou6c.wav,4.0,0.79,0.575,-36.49739121428766,0.254119873046875,40.74322348613896
id_05okk5z91k29.wav,3.68,3.31,0.6,-27.76471585376769,0.52978515625,31.160905179223874
id_r5qb1ao6cpzb.wav,3.12,0.64,0.525,-35.21243598523591,0.334197998046875,35.422299569154305
id_uht0pv4wmeq5.wav,8.16,0.77,0.55,-33.24993980338569,0.378204345703125,39.636701327927014
id_s6cm9xfaxt1v.wav,3.6,0.57,0.45,-24.30619577647425,0.820465087890625,45.30459335123095
id_uly4rk9xqb1b.wav,4.56,0.48,0.35,-28.654615885839767,0.4573974609375,52.09488251482095
id_wbha58xz7c3c.wav,4.4,1.68,0.55,-30.6429159816881,0.38067626953125,35.40864758713746
id_v18edoedvr25.wav,5.12,1.07,0.475,-34.08826360339064,0.48345947265625,42.33100929442785
id_zz1foovk32zg.wav,4.16,1.82,0.65,-27.808685366004894,0.636138916015625,32.90261884466311
id_aaowqeym43w2.wav,3.44,3.15,0.525,-26.83572793201263,0.68585205078125,25.89790595063934
id_2hbi2ir8bed1.wav,4.0,3.48,0.45,-40.046513327606554,0.207672119140625,36.251448859223316
id_qlqkj5dhp9eq.wav,2.96,2.7,1.425,-28.35522977011722,0.441131591796875,20.05122643171069
id_57qq31tiel2m.wav,3.68,0.7,0.525,-29.498828218001577,0.86602783203125,37.67921799469464
id_wlqjfqzlc7jk.wav,5.52,5.52,0.725,-38.775419530241585,0.3392333984375,21.724098976469378
id_gwbud7tglcla.wav,3.2,0.71,0.575,-26.583881312429426,0.525634765625,46.77795478752104
id_us0uoqhr84f9.wav,4.64,1.34,0.5,-23.19948479325746,0.94287109375,30.833997016116037
id_5dyvyhupwyil.wav,3.92,3.22,0.35,-41.688250311925714,0.0875244140625,40.79502149415956
id_dlm39v4g4ffn.wav,18.816,0.71,0.575,-40.86563735744846,0.290679931640625,48.86391092104236
id_bqmj9uwsjutm.wav,4.32,1.43,0.425,-29.207920939564396,0.87646484375,44.76694554336392
id_c05et01nrbao.wav,2.72,2.59,1.5,-39.57617866892748,0.06671142578125,16.927401964984647
id_qkobkik9qrzq.wav,4.64,0.91,0.575,-34.44985011275543,0.27618408203125,45.463270866560656
id_busyekledsq4.wav,5.28,1.03,0.8,-27.535266840088518,0.999969482421875,45.59745310689342
id_l5k5b7lorja6.wav,4.08,1.94,0.5,-24.093656423271078,0.999969482421875,30.348238199185868
id_tklp027cg45a.wav,3.28,2.45,0.325,-24.91235994039137,0.999969482421875,36.76031345676611
id_9qzp3nund7u2.wav,4.48,0.58,0.475,-30.421853698081165,0.428558349609375,47.935582956339175
id_9fh4blwgddx8.wav,4.32,0.86,0.75,-34.86648729512378,0.16534423828125,47.24546983958115
id_73xl9aes0rgo.wav,5.04,0.7,0.575,-21.35400961289953,0.858489990234375,38.307143526883394
id_pp4ttrnkdkgf.wav,7.04,6.86,1.15,-37.09911498934219,0.340087890625,13.43319060810012
id_r3gbwz4mxiy9.wav,4.8,2.57,0.725,-34.4571195063897,0.440521240234375,43.80926767023503
id_pi5c6xbrm8gf.wav,4.4,2.16,0.75,-46.41714432438275,0.197296142578125,32.19811629464504
id_xdmrc926jjzo.wav,5.76,1.46,0.75,-29.972552904077258,0.66522216796875,54.54093582179458
id_enrkelzb1agh.wav,4.88,2.53,0.5,-23.87599278383185,0.994049072265625,44.251005358721066
id_vfjmaux1unfj.wav,4.56,1.69,0.9,-34.14447938714232,0.29345703125,47.88286968580796
id_klpvhcq4438c.wav,4.32,0.62,0.3,-29.466616693766277,0.454254150390625,34.71533167556279
id_jn38bc9wftor.wav,3.68,2.08,0.6,-23.301525969930378,0.650146484375,31.855786025768857
id_faok7enuu1ne.wav,4.4,0.91,0.7,-24.337757911348554,0.5894775390625,40.57666969446518
id_qjom5yjc5lv8.wav,4.08,0.79,0.65,-26.545746684380948,0.48089599609375,44.260190465746255
id_6ybt2whk30bw.wav,3.28,3.21,0.5,-25.72489216485367,0.720428466796875,30.75800509822347
id_k87n1732iu56.wav,3.76,2.44,0.35,-27.47284455516126,0.5040283203125,36.12979775969956
id_3k3kl3r96mou.wav,4.24,3.97,1.225,-31.13359090877494,0.740478515625,31.137855936389332
id_9la5u1m1chsr.wav,5.12,0.69,0.575,-30.16376520604591,0.4515380859375,41.34106895007528
id_mzgeu8maaaih.wav,4.08,2.52,1.3,-29.59755503934536,0.36151123046875,35.33535059440727
id_c0r9a35792to.wav,4.8,0.75,0.625,-30.215208214655554,0.555145263671875,43.99111859011183
id_brwf24pwgl9f.wav,3.84,1.19,0.375,-27.86826782240989,0.476287841796875,50.76691189638562
id_s7s3e18pyphh.wav,5.12,0.71,0.475,-27.72259478335061,0.872833251953125,39.1194585761388
id_otnyptopsdiw.wav,6.72,1.77,0.525,-36.25598381575508,0.346527099609375,41.83481882588909
id_2pkkuc9wjxx1.wav,4.16,3.99,0.975,-31.459838151330906,0.31903076171875,24.959538490754326
id_my7w7efc4eiz.wav,6.8,1.93,0.425,-28.019921776740343,0.60858154296875,37.96727817318204
id_pl4olos7kpgj.wav,3.84,1.67,0.4,-36.15436311115833,0.235565185546875,43.11339966615341
id_9trvhzl4pgtl.wav,3.84,0.65,0.55,-29.525234127021708,0.3985595703125,54.68943182621071
id_gcxevd7mkmyk.wav,4.608,2.72,0.575,-39.487770526728895,0.254669189453125,38.753839818341774
id_de8vpt1smqkr.wav,5.504,2.32,0.675,-37.89037033452976,0.26409912109375,39.35289136900785
id_gxac79scauyh.wav,3.6,0.55,0.375,-43.89523002349619,0.112335205078125,58.965762936071116
id_zcn6n6b4j6t7.wav,4.32,0.77,0.625,-31.724950673820796,0.259918212890625,35.64461427368782
id_icv7dc1m2lrs.wav,4.096,1.37,0.7,-25.556205085628193,0.68060302734375,39.03555029100506
id_mwbzcltd42po.wav,5.2,0.74,0.35,-27.616369183575927,0.525482177734375,49.682413153554265
id_5nyf2ux6j4t5.wav,3.968,1.27,0.5,-33.26850839717112,0.477935791015625,44.10084448177662
id_21vze1ny7etu.wav,3.712,2.89,0.5,-35.449662460955146,0.15728759765625,38.157603402285616
id_pngamjz9e3ke.wav,4.64,4.64,0.375,-30.093827389391837,0.4132080078125,50.84476554596583
id_o5ps9a0gbeaa.wav,3.68,3.44,0.575,-36.51797024718556,0.17205810546875,32.192553360910026
id_vp98dmnic44b.wav,3.68,2.83,0.4,-35.52584899767873,0.158966064453125,34.61445027469187
id_9276znj8ldma.wav,6.08,5.75,1.2,-44.039491169620426,0.079315185546875,17.375994203453352
id_56coxbl871c0.wav,5.76,0.84,0.475,-23.68483199551921,1.0,48.241193435846895
id_smn1yoglyvhz.wav,4.08,0.6,0.475,-24.682397198547296,0.880828857421875,45.34533733105985
id_8jwehme77800.wav,3.84,1.01,0.4,-34.573682339392654,0.26397705078125,47.28453853478037
id_dkjcji4ofxp6.wav,3.6,1.7,0.475,-35.553732540002954,0.32470703125,40.579907366952405
id_wlgp1iwxdqah.wav,3.84,0.69,0.5,-35.17536297896928,0.16845703125,45.714859645043994
id_5ir89fokml4w.wav,4.0,0.41,0.2,-37.42866296999912,0.35089111328125,68.21498088681612
id_x1at41lbsfe1.wav,5.12,0.93,0.525,-30.37711195348124,0.8863525390625,68.62455065100659
id_j1ds1oh516ff.wav,4.72,3.69,0.675,-23.604519405032583,0.97412109375,25.98947983521429
id_7pgrxoubihpi.wav,3.6,0.93,0.475,-21.487769095502195,0.633575439453125,45.557959396019456
id_qcht2vd1mc75.wav,3.2,3.01,1.15,-40.380191752178014,0.15380859375,14.270500605852618
id_d4xfpn6axao4.wav,5.248,1.99,0.35,-36.829852536279375,0.364288330078125,49.32921601074655
id_so1c9vym5lo2.wav,4.56,0.59,0.35,-36.39758057616941,0.192352294921875,49.21078703666636
id_i9k0a3o4w7db.wav,3.76,0.6,0.475,-34.50504849618517,0.221588134765625,53.8646433413783
id_3xhdq222r507.wav,6.32,6.32,1.375,-32.6315551731382,0.272674560546875,13.111501522114011
id_nkdzdhkud9tr.wav,5.504,0.93,0.75,-27.507486164439257,0.4501953125,48.77530799614364
id_sge0guasg3q3.wav,4.8,4.71,0.65,-37.91482397464256,0.262298583984375,21.62286344039489
id_izn1krl8uf63.wav,3.6,0.63,0.525,-34.19021094553096,0.173095703125,39.979461878448966
id_lyglgngppfk5.wav,3.84,0.63,0.5,-24.427828527977454,0.994781494140625,56.306026374535065
id_j6lakqgqa6r2.wav,5.36,0.64,0.425,-38.26814218879054,0.1859130859375,37.20636212473577
id_94hkg1n8q9ys.wav,4.64,0.66,0.55,-27.379493512667672,0.527862548828125,46.157374449956535
id_3daxnv0sox8u.wav,3.76,3.76,1.175,-33.57385537687485,0.234405517578125,18.918511984788644
id_xor6zrapgca9.wav,4.16,1.59,0.6,-30.48220680146633,0.260284423828125,52.426256018316565
id_ojou06d0zosy.wav,4.608,0.64,0.45,-40.8101828736998,0.204132080078125,37.54090584106864
id_w1ynpw586mjj.wav,4.4,1.96,0.35,-28.729417385890883,0.76611328125,35.1516663795757
id_p1f54zu5mnga.wav,5.12,0.84,0.325,-31.754146408127667,0.556121826171875,40.459563298717015
id_tos5mfzs0el5.wav,4.88,4.54,0.55,-30.533615179688418,0.601806640625,29.703581820760988
id_5rgtd8djrdjf.wav,4.72,0.69,0.55,-24.58857783104365,0.70697021484375,60.04979373265779
id_n66o1vbwtm4o.wav,4.32,1.57,0.55,-30.691496122681485,0.3868408203125,34.61603667476788
id_elyf5s47mwml.wav,6.08,1.89,0.525,-26.718617967189793,0.50640869140625,50.90034803593109
id_1y45241c0xdg.wav,4.4,1.74,0.65,-24.517157459537234,0.708740234375,50.30993855117621
id_998drlacm150.wav,4.08,0.88,0.45,-24.98180878391247,0.8525390625,62.94989692327787
id_uiqhmh1pv8ik.wav,4.56,0.56,0.425,-39.43297830520039,0.112213134765625,37.593693804132414
id_pk54wchc7mk7.wav,4.0,3.57,0.45,-27.4504510659793,0.767730712890625,28.649057630631386
id_ixvuyrjedz0p.wav,3.6,3.19,0.425,-21.94939018105694,0.764892578125,30.61826626884415
id_it2qqayqa7ic.wav,4.64,3.81,0.7,-34.14564952987608,0.208648681640625,27.98951173518995
id_qg33rgusly8w.wav,7.76,0.71,0.6,-32.37411094723187,0.303070068359375,44.84653285680281
id_2g1b9imw4uwr.wav,4.96,4.7,1.325,-26.779358802097374,0.658721923828125,26.322315790851235
id_y9kg3r1ph6vl.wav,4.736,4.536,1.05,-30.082060709455966,0.31976318359375,22.541242669367836
id_3fz0wezf35yu.wav,3.68,0.48,0.35,-40.99519268428915,0.104248046875,61.793953940924425
id_iavnk56925o1.wav,4.0,1.99,0.6,-36.834187408434055,0.2572021484375,45.24973625870641
id_j3s83zi70oht.wav,4.352,3.7,0.65,-32.69253034838205,0.286163330078125,39.08188262742087
id_7yoeziq1rp1o.wav,4.16,2.24,0.45,-35.67180467801436,0.312713623046875,47.539310880724116
id_c3jqk60v84jb.wav,4.4,0.56,0.45,-31.954759003210835,0.494293212890625,45.43160332258438
id_bhug3onllgti.wav,5.04,0.73,0.6,-24.917349481465173,0.66510009765625,51.41041791161534
id_b2x765r7ybf5.wav,3.84,0.46,0.35,-30.75723333851055,0.47259521484375,46.68819393343553
id_pe9t8thefxbf.wav,4.32,1.36,0.525,-21.81660787828655,0.95538330078125,42.06379328472553
id_ewep8eeci0t3.wav,5.44,4.64,0.65,-23.721050568080596,0.816619873046875,38.54321370306296
id_xhe0zysz6ctj.wav,3.92,2.86,1.175,-37.170488998480174,0.187957763671875,25.387649373756346
id_796790yhcbsf.wav,4.56,0.84,0.6,-35.90625859799827,0.2464599609375,45.04852570125621
id_6j8ocos8wr2v.wav,7.808,0.62,0.375,-36.370802589261764,0.36260986328125,50.604679226191735
id_tjgfktz61l8h.wav,7.92,7.79,1.475,-41.67076176662061,0.1239013671875,23.873516977321998
id_7oywkfu3rls4.wav,4.8,1.8,0.65,-31.992154686660182,0.56591796875,37.11601064536784
id_4rj5wq4v206t.wav,4.64,2.36,0.65,-25.347992085018713,0.847686767578125,57.751278421575435
id_wgwri94sgyy1.wav,3.92,2.8,0.45,-30.12433724024127,0.3536376953125,35.85056814432862
id_jy8t0gqkbsdr.wav,5.376,0.62,0.5,-33.266989031755145,0.322998046875,47.917380034022244
id_8y6fgf8mqo4r.wav,3.76,0.59,0.475,-30.671593449846128,0.418365478515625,65.89217566384494
id_4bw97g4jnt2r.wav,4.16,0.89,0.65,-35.45860701947029,0.3984375,41.28905576379586
id_rccn48xbdm4t.wav,5.12,4.79,0.625,-24.83432986751415,0.620361328125,34.813259499885994
id_4izq1cxeamkh.wav,4.224,0.64,0.5,-29.840715713244187,0.28900146484375,47.31134692208637
id_7mnr01di9okg.wav,5.6,3.19,0.6,-25.171447927337212,0.8992919921875,58.32694247611081
id_wco8qwdflw2y.wav,5.12,0.58,0.45,-25.038714744127365,0.603271484375,50.93288610063381
id_e41hkkvfrd1u.wav,5.2,2.65,0.5,-44.4001395018746,0.126953125,44.93444894913687
id_64kk8s8b9uix.wav,5.2,0.98,0.4,-27.53689107446188,0.98162841796875,36.60492844659801
id_p6lityojcczr.wav,3.968,1.35,0.8,-35.26580223329138,0.22003173828125,40.97701947245886
id_tc73jphd6nx7.wav,3.12,2.75,1.225,-42.075187180177416,0.14923095703125,15.9006732907661
id_c2nyjorbv6i6.wav,4.32,1.09,0.55,-26.769313723774847,0.641082763671875,37.31107328021218
id_snt2jkd6nl4q.wav,4.096,1.77,0.8,-30.952794349331192,0.30194091796875,38.811110663283316
id_9cyou9zspfz0.wav,3.84,1.78,0.35,-30.44779084082496,0.43316650390625,44.483001420453824
id_2hb172lvpp6t.wav,4.096,1.24,0.375,-29.35365117112942,0.4259033203125,53.49945372521407
id_zg5r8d3w0vls.wav,4.16,2.25,0.475,-32.00471695722919,0.5101318359375,45.71110472621713
id_79f6o7fw3qg6.wav,4.8,4.49,0.65,-23.37938800226977,0.778533935546875,46.08725080684932
id_0kqntv93ikec.wav,3.36,0.43,0.3,-34.92481665417617,0.23272705078125,67.63929180820207
id_x94g6dvzz2y8.wav,3.12,1.43,0.45,-29.839450812836926,0.233245849609375,33.489600915887294
id_f0tw2c8p74r3.wav,4.96,2.1,0.45,-23.619151620017853,0.59259033203125,60.22222559919665
id_4jqzz1ekh1b9.wav,4.08,0.62,0.5,-31.14106454716568,0.390960693359375,53.19618403842604
id_zgq92vqafnnd.wav,7.44,7.4,1.0,-38.649521060347936,0.21478271484375,17.249457016150473
id_xjqhwid1hgjz.wav,4.48,1.26,0.95,-27.708865774363968,0.5013427734375,47.62745419431195
id_wez0d5p7o7nw.wav,5.76,3.09,0.7,-27.813046303417334,0.75421142578125,36.31177481647902
id_9c9eelh4037f.wav,5.04,0.5,0.375,-30.556401996686336,0.33416748046875,57.99685913786713
id_s1vdv2k7pzec.wav,4.96,0.66,0.475,-45.265491422136705,0.076416015625,32.739728437682736
id_rv49f04idek5.wav,7.68,5.41,0.4,-31.80222008847862,0.35614013671875,43.230684236719206
id_5dw3ztj4spqg.wav,3.2,2.91,0.825,-24.43192266353841,0.7567138671875,30.017599816950934
id_b0xkuhn8557f.wav,4.8,2.35,0.775,-31.97722404834728,0.278594970703125,50.29473285313927
id_x9r3i4q1ifx3.wav,3.92,0.65,0.525,-28.051362008570557,0.46673583984375,46.48693278009672
id_06poxcfxishj.wav,4.08,4.06,1.4,-31.266111191504823,0.38568115234375,13.145397902186541
id_0knj7xl1b47j.wav,3.6,1.25,0.45,-26.86269903851393,0.54541015625,39.014172084562254
id_mumde96dnvts.wav,4.48,0.76,0.6,-39.8018476614621,0.188812255859375,38.27700587602662
id_d8ns9mvfmets.wav,5.12,3.49,1.125,-25.704401369292214,0.71923828125,30.441665774191122
id_e7wjk4tjr06l.wav,4.16,2.34,0.475,-37.8089965881341,0.205047607421875,43.42316135515766
id_issqtkgf50tl.wav,2.64,2.46,1.3,-38.45679583472853,0.080291748046875,18.366778473572673
id_09yb6k6xebk5.wav,4.864,0.72,0.625,-28.50451436076383,0.4107666015625,47.55762771696526
id_7smx4xwqrwhy.wav,4.8,0.46,0.35,-31.69721982950327,0.417694091796875,51.02112305910086
id_n6vrd3lm3noi.wav,6.272,5.53,0.575,-40.24350840538798,0.129302978515625,31.69298576621175
id_ev8w65m741vk.wav,4.64,0.51,0.4,-28.377550738144542,0.442840576171875,60.26437757424137
id_rcfe9n4m6eqb.wav,4.64,0.77,0.575,-30.64314753440034,0.31939697265625,42.10037601230415
id_eocs2nc026xo.wav,3.968,1.01,0.7,-32.309092417069664,0.37872314453125,43.283693697887536
id_2cknvcbcdkii.wav,5.68,5.23,1.175,-32.149546356574554,0.4599609375,33.633030735833785
id_sh5mqnmifto1.wav,4.0,0.87,0.75,-28.279328584450415,0.429443359375,58.51912597384922
id_wjnh92p5i5a4.wav,7.52,0.73,0.575,-35.17252148985586,0.376190185546875,36.69547813321672
id_062gn6is0bgm.wav,5.44,0.54,0.425,-30.738176143095636,0.413482666015625,44.79109258668346
id_u89ydp3i4jw4.wav,4.224,1.72,0.525,-29.31597157046138,0.4410400390625,46.199362357855655
id_ry77kts8apn8.wav,4.24,3.63,0.625,-29.777024856888538,0.350189208984375,41.57366737011748
id_4jsf9oobwkew.wav,3.92,0.76,0.6,-24.576689989412124,0.898712158203125,64.15881638485612
id_q2drmnfcncwr.wav,4.56,2.47,0.35,-34.14624795128145,0.446014404296875,46.74774500042741
id_7ez4fyhevewi.wav,3.6,0.55,0.375,-24.114640682501417,1.0,55.88382337827707
id_xncvo0g3ocv3.wav,3.28,2.94,0.725,-27.392961990882036,0.720703125,30.192879925830354
id_28n2eg9p3ed9.wav,5.36,0.64,0.45,-25.200997368837147,0.999969482421875,51.133914222410034
id_gu09mvqnzv18.wav,4.08,4.07,0.65,-30.509092939181535,0.492889404296875,23.1916293197455
id_gzig52ijr4yy.wav,4.8,4.76,0.475,-29.11262609223177,0.7547607421875,23.325532009780527
id_3pdbw37oyxo6.wav,4.24,2.61,0.525,-27.314947075929158,0.498321533203125,39.87052993898527
id_02yh4h2au53z.wav,7.424,0.67,0.4,-30.859240492189283,0.44976806640625,51.94129261611201
id_e6zny2bnoclv.wav,4.24,2.25,0.475,-35.43349886248902,0.330474853515625,49.49760172460534
id_8optasrl7z39.wav,5.44,0.82,0.6,-29.77426052636654,0.337799072265625,41.11641607539751
id_mwk9grio9q1i.wav,3.04,2.72,1.15,-36.08181707485118,0.157867431640625,18.85619345997052
id_czwf1qyxy71g.wav,3.44,0.61,0.5,-29.354664822084942,0.361907958984375,57.23182339530358
id_svq0y3f26n4c.wav,4.4,2.42,0.475,-35.93015144963696,0.14471435546875,39.284853319293546
id_e1g9u2cb1kdk.wav,4.96,0.61,0.475,-27.684147238906224,0.4678955078125,57.04507181856681
id_4vmcphj7wzsx.wav,4.0,1.89,0.575,-37.7016278254695,0.2332763671875,47.0942055764105
id_olcpgeoj3c2r.wav,3.328,1.8,0.35,-32.3295064705419,0.260498046875,48.911236508407065
id_ei6057zwyga5.wav,3.44,0.74,0.575,-31.343235538391635,0.34881591796875,54.85305153649639
id_ge8vvpceb4e1.wav,5.52,5.09,0.6,-27.34052809309452,0.503021240234375,35.0068774282511
id_dsfplbpe1rki.wav,3.44,0.64,0.525,-40.289763318886564,0.1630859375,45.132839785823975
id_bo3q87mwjvo5.wav,4.72,0.54,0.425,-21.399559851946307,0.999969482421875,39.38424340840917
id_zvtg1u5dtpuc.wav,3.584,0.63,0.5,-27.805894525072606,0.566375732421875,49.137144083035054
id_yrcl5gq18chk.wav,4.48,3.49,0.95,-46.8677708071074,0.280609130859375,27.54042133009746
id_rvxj30vyd4ve.wav,3.92,0.58,0.475,-29.974511536955177,0.39642333984375,43.350059278350045
id_92fc5499d0yi.wav,3.44,0.56,0.4,-33.473851089372914,0.299224853515625,51.69050504201009
id_vof3tq73pgg0.wav,4.224,3.06,0.675,-29.753026703024233,0.363067626953125,31.998931067217995
id_i4gphn9vcdp7.wav,4.72,3.15,0.25,-36.44654959899083,0.315643310546875,35.945729755531666
id_1qvgwc967jfk.wav,4.32,0.59,0.45,-29.74982907723382,0.438934326171875,45.20584958281657
