id,x,y
id_nzul5mwfv6vm.wav,-21.525915,10.706641
id_20aa99xgs0ed.wav,-41.405537,9.611682
id_vhifg7bybgzp.wav,4.7910867,-14.082402
id_xgskggjqxeiv.wav,-15.276731,18.169228
id_0efhgx6golxe.wav,7.3333063,-17.795366
id_byhwq1ziwftc.wav,-17.607904,6.307584
id_clwxz0b9t8z7.wav,-9.490908,-10.767554
id_vixyzzbfnfnq.wav,-15.644796,0.17408316
id_bj6a3ttl4p95.wav,1.7255853,-9.835263
id_iarpqeld38os.wav,-18.93025,-5.3762736
id_idavrfs27r6h.wav,30.067446,-11.598272
id_ta1ytc871bx1.wav,-20.340715,-11.059779
id_ewy8yecuel5m.wav,30.305103,6.6834173
id_fxyt250m8rc2.wav,-7.6907496,-36.17996
id_lpsmeyuj2555.wav,45.318604,-5.7757225
id_71i5cqkkhqlj.wav,-10.321951,-1.0167181
id_6owrqt6wtx5m.wav,-22.689272,16.238945
id_3u4bhmvilf8t.wav,9.149219,20.53812
id_ilcnsba13as4.wav,5.6871157,-21.388927
id_wug5kndcavtv.wav,28.369595,-9.532678
id_2dx95jkzoejz.wav,-34.06357,-5.098727
id_90pph43r621b.wav,-0.87630796,7.095288
id_kpqbnogotvbl.wav,32.416164,-29.853857
id_eo2vt8ilokz2.wav,-8.395333,14.774817
id_itkdpo9yhp1t.wav,-23.47573,1.989994
id_8mshkuff9u9a.wav,-6.7953444,-20.530834
id_yp4i2tgqlboh.wav,-22.72603,5.955852
id_eq0bnl5o3cu4.wav,51.80783,-6.801453
id_4u0208z7w6m1.wav,-4.442721,-4.382216
id_5ncegxts20gf.wav,-9.098062,-2.7478027
id_cl4v1o8k7b49.wav,-42.190746,13.605809
id_yi26mji51g4e.wav,-52.050167,5.9701805
id_mk2zy613b0vo.wav,40.513718,-10.947407
id_7ag1n0tp90xa.wav,-6.9083834,23.78194
id_jr15effb0pir.wav,51.190365,-11.665806
id_dorl5v6bse1l.wav,21.173037,-21.233978
id_6tgm86i06e96.wav,3.6500382,9.386921
id_qz4hcu0umoyh.wav,14.186326,4.4135065
id_4newl040uzdm.wav,5.5269694,-0.08918036
id_6gmf4f3o7aig.wav,-7.865246,23.81874
id_obvyrc9fhll9.wav,6.245142,-23.062584
id_jz3ucdvwramh.wav,41.51673,3.5723522
id_lrm9r4zt8dx5.wav,-29.970703,0.8432689
id_mdn6aobr92pf.wav,-38.562958,18.047724
id_7o8r82oylpat.wav,-20.932247,-2.4542973
id_rd7yrzw43vsc.wav,24.093336,-25.01893
id_d83yx79ccoy4.wav,-19.623177,-5.570676
id_y4hhckwhzn5t.wav,6.003149,24.856361
id_ldzwm2lmjvse.wav,-6.5315957,-0.4065073
id_5yvcgc9i5oso.wav,23.12899,-14.17138
id_gqy5dodpb0st.wav,-11.612811,0.17297712
id_vvzxb1yx5gag.wav,28.241764,9.330712
id_87oaz9a8qkj2.wav,42.818005,-13.96543
id_o0qmix19zxkc.wav,12.019794,-19.323385
id_bwwe7ohdws5y.wav,25.549454,9.550559
id_ioegla3yee4k.wav,-36.264523,-2.4671562
id_yy6y0jt40mff.wav,-27.89247,-35.851624
id_8adolbe9tsya.wav,-33.814217,11.293404
id_830ppu4qe9pb.wav,49.45765,4.249564
id_p8w11anz1gir.wav,-21.604033,19.676702
id_yzhsrfdkl3kl.wav,6.3876734,-21.948084
id_nnz4qlw3ezas.wav,20.15549,-9.761474
id_t54rk0m5mwoa.wav,-24.663385,13.1080675
id_urbm5sfu6jm6.wav,-9.1719265,1.0640004
id_037hi7s3a8la.wav,2.1833768,33.860104
id_xr6h9mdb7ah8.wav,-2.5665812,9.616611
id_brz6g95glswj.wav,-39.893917,-13.137606
id_cpue1ijxno8g.wav,-17.271282,2.066756
id_6qznxlsgi7rh.wav,-12.334802,24.9549
id_obekfv4lwcoy.wav,31.477709,4.935297
id_yk3xctzpsbkt.wav,12.281211,-25.182232
id_waxbvtaoj8og.wav,33.29852,-12.447207
id_44lznee8c9ez.wav,-16.312271,-4.712325
id_m5kd2w03t2lg.wav,47.67594,-1.1284257
id_yhkxoqnz30la.wav,-18.776804,-12.591715
id_xsyirfuip7hn.wav,-29.088818,20.45534
id_k6x7ae632gsi.wav,57.484894,4.1535287
id_c23nzio7o6sz.wav,-32.621395,15.442603
id_sziahp5dpvtl.wav,19.19219,7.717913
id_12693x5drnl0.wav,-27.491196,-37.87928
id_jeqrmutlsp2d.wav,12.187035,14.923884
id_8m9ssztkpcbg.wav,-47.040314,13.289061
id_48s5x8b6ihzo.wav,-1.3583242,20.59524
id_cy4a9ip6pbrj.wav,-11.296135,13.983779
id_3lwko257r14u.wav,-17.599255,10.970573
id_6m0z2hx369mx.wav,-32.120617,-17.985794
id_es5wqle6eb37.wav,-25.483862,-33.677685
id_hlk2jd7p534s.wav,13.071393,-15.94944
id_iq28eqmnp014.wav,44.636463,-3.6161547
id_pmg89uvhzz7q.wav,3.242813,24.157093
id_4n81rytif4wy.wav,8.252379,14.264798
id_dr6nwp236t8d.wav,48.495922,4.512673
id_zhi427kmyfjl.wav,-12.95178,-28.331505
id_f1qgh3chi7it.wav,-25.853535,-3.180911
id_byeu884y7kwo.wav,9.1071205,3.1535246
id_ecd39gerr49y.wav,-30.511778,-3.8506186
id_m9i0ym7mrf44.wav,-44.96432,-4.6631603
id_hzo72obgp7rb.wav,-24.884666,1.3720149
id_fqoirx2zklbb.wav,29.270418,-4.3223333
id_w6a4a299a12e.wav,-10.087689,-24.806015
id_pll4vw1cdpa3.wav,-11.266607,-39.24681
id_0jakfzax43oe.wav,4.6731496,-13.25156
id_xzx56mpd91y7.wav,55.42028,6.6256227
id_te7oyrse2zin.wav,-47.327087,5.5277996
id_ghykygteyi33.wav,-33.754787,4.7914124
id_rh60wbu37m4e.wav,-13.897303,20.938574
id_33zb7jvlr24c.wav,-24.72915,-32.990013
id_v8szklm1m4ih.wav,7.8745556,37.935623
id_a565oea8zt35.wav,-23.280054,0.54649067
id_2wm6sq5lzkfv.wav,-43.95281,1.255813
id_gz425viwawqa.wav,-28.636343,0.49713105
id_385q2v9dcn68.wav,-10.813324,-36.26992
id_se33nx8ckzg8.wav,25.713413,4.395511
id_33uwj9eb5wcn.wav,12.551217,27.601328
id_xn860zqh17xw.wav,20.551533,-16.677273
id_gbqpxxdrcg3y.wav,18.722717,-25.631876
id_090vpkdgsp0f.wav,-10.387205,18.958673
id_eh1ilyra2x00.wav,5.659023,-6.941109
id_lpstklz51zpz.wav,-16.204481,-10.923439
id_i1dlon0nyll9.wav,27.425571,6.1475787
id_7hzjjl1l3vjy.wav,32.19104,-0.4866569
id_90kxaeeie1mb.wav,-1.9579718,12.361667
id_q4wpcd1ulq9p.wav,-2.797247,23.66636
id_710tsclefl7o.wav,-29.048172,12.353094
id_1uh1rjrqhoxs.wav,17.75337,-29.932577
id_xvz93ipnekwa.wav,10.680221,27.011538
id_1izzii125db0.wav,54.007305,-4.9808
id_fyn1gia7pu9g.wav,-21.606647,10.639545
id_pn3841u3rbpo.wav,14.096044,-5.282051
id_dbfyn4wlu3qv.wav,-26.871689,-34.832245
id_d45stns0l9oj.wav,12.705716,4.639293
id_rud6460r35x5.wav,-26.407047,-5.7439184
id_dpvx946ai9sq.wav,14.951114,-15.077581
id_hrm17h8jh93t.wav,37.92232,5.1596932
id_r4l5g4992pcl.wav,8.707244,18.461206
id_0as8zaj3f7e0.wav,9.867665,7.7625504
id_sov7xl5lboq1.wav,33.532566,7.0893645
id_it5behtmsfu8.wav,41.734833,1.4616985
id_wrm3b40ymbne.wav,1.0009562,-9.807312
id_n3dz8s6yhizc.wav,-35.064587,18.37018
id_qbqgmrgv66h7.wav,7.1710835,21.435118
id_zqvhrxeqf9rn.wav,-9.255082,11.613736
id_4jnpmmh4imwl.wav,-4.901295,21.686308
id_58488x5vhql6.wav,19.721563,-28.333153
id_0yn2o7jrnw1r.wav,45.540295,-12.674331
id_fqdz384k2sd3.wav,44.9491,1.8700471
id_sd3xkhisixog.wav,-53.728275,8.16132
id_dtfpsmh1mwqz.wav,-44.71201,12.759728
id_pyljq4h1dk06.wav,-16.87448,28.068727
id_7oen5v0ao3ny.wav,13.403463,-0.72990775
id_glmx3wv0suxm.wav,39.19874,-20.679266
id_53r0qxsng1dt.wav,-5.3511434,26.916212
id_5z31exr9urcf.wav,33.704216,-9.667752
id_ud00lfsbo78q.wav,28.109089,3.385485
id_p1hsg76myrgj.wav,-1.5699044,26.985966
id_tronykwa6e8o.wav,51.72234,-13.28715
id_hjxmk8dldnik.wav,-26.433266,21.660398
id_0rpsvdfvbc18.wav,-26.002733,7.048996
id_w01qk78vteti.wav,-35.961796,21.722832
id_f1zp5wzc8m9r.wav,-26.978962,-4.3412232
id_syqjwrryqe4g.wav,6.7386208,23.920477
id_nd7ol0aghiog.wav,8.490795,40.67643
id_fl5q50ap00zu.wav,-9.039633,16.46952
id_pxqvkfr01tzv.wav,-31.398386,21.839447
id_keo1hrr8cv7l.wav,1.2368534,-17.161568
id_1y15yyn3ymhp.wav,-9.723478,-2.0025747
id_b77niqs9exzl.wav,-11.605306,-5.1410937
id_wx9gvqmlk7pd.wav,-18.88895,11.158121
id_c180vq2vofuy.wav,-5.035415,21.138914
id_7h6ajat6m4yo.wav,-28.233477,-7.953416
id_91697eqiiex5.wav,-50.602356,9.354336
id_vvpk26kq3l1z.wav,13.772029,-8.916546
id_3ge0o9n759gr.wav,-10.995714,19.706001
id_czg40sjj6nfi.wav,9.553513,14.913465
id_8oif8t8z45yy.wav,-4.786403,12.47939
id_b6trhsu70slg.wav,27.77371,-14.721375
id_4e8pojot18z8.wav,15.405121,8.5196
id_e8090oppcstp.wav,36.434586,-7.547264
id_n5fe33qqvkvb.wav,49.091835,-6.8603053
id_f5gf37vkwdjr.wav,33.911854,-5.57398
id_jniqqjpwdei5.wav,30.990503,-19.901497
id_l9a53er9lgfc.wav,-24.093456,-4.9513435
id_iw02z9hwz6k4.wav,-10.302115,18.487516
id_0zn3oack6hyy.wav,43.24707,12.750511
id_3nb0rzd5q4v1.wav,-7.5038195,-17.47661
id_2m296j37x3t4.wav,8.343041,24.80883
id_cisussicd4d4.wav,-51.50108,8.85386
id_xv0v9zzodpfn.wav,20.59765,14.17531
id_0r56x9samgcy.wav,31.129343,18.330683
id_m1om6m3lei2t.wav,33.781155,12.022886
id_rop08ud9jqo9.wav,-22.239683,-0.6044298
id_1agr9423s1zz.wav,34.86713,8.530433
id_ci8wbxcjl7uk.wav,-37.19196,15.275747
id_szpia3ltsrjk.wav,-13.522209,-8.20458
id_95op2xns4x7h.wav,-5.245563,-30.861013
id_pmh3psmwcjap.wav,26.64163,16.006098
id_rzeuxvglk56n.wav,-15.853831,0.341351
id_ywaknrt9lzm3.wav,-12.337513,-7.936404
id_lceaoj1aylbg.wav,-25.780611,-16.705101
id_sgdthy18r5j9.wav,-39.183666,-12.012535
id_9veklpx04a0w.wav,36.699783,-9.968167
id_c8xurp64t3ta.wav,-7.9921713,-37.003124
id_da8mlgoov70o.wav,2.758046,22.622053
id_yqnrxkvuoirc.wav,-27.895239,8.353184
id_0g8u1xbirlkn.wav,14.471004,3.613602
id_9myeo60xms76.wav,-2.4335835,34.20556
id_y0xonbl35of9.wav,36.11614,-24.801329
id_loj3cao4ouob.wav,27.868776,-2.8217247
id_vouunsoc1ysl.wav,-4.536298,2.2319434
id_dcomrvno0sa8.wav,26.996208,5.912796
id_rkwu6ocdbsfw.wav,29.21286,-24.859524
id_ks828kefydox.wav,9.747012,1.6035304
id_vk8z1hxjrqpl.wav,20.558851,1.4303006
id_v15kmy54n2d2.wav,-23.294249,-35.395683
id_rf0pt8feghep.wav,22.53997,-20.437305
id_dls4ym4mjgu7.wav,13.576923,13.238519
id_9gpcweccf0ow.wav,-3.7278802,30.749569
id_y1okvof6z6mj.wav,-36.239155,-0.54377747
id_b12sv0nhjhi8.wav,1.1737552,-3.383341
id_47bea09uwn6e.wav,-13.830105,26.303213
id_dfosg9ga8wa0.wav,32.23236,-15.562346
id_ayqxbhu3i9n9.wav,15.6910925,6.518924
id_720ll1ijy7er.wav,14.813643,-13.141471
id_fuyspzpeoekk.wav,3.1228216,8.729527
id_wozp7sg0662c.wav,-16.50938,-14.85885
id_3o4tslbwf02d.wav,15.785524,-8.335029
id_xf9oj7ebxx3g.wav,33.42568,-20.123697
id_2cisrs45gr57.wav,-25.70237,-16.737898
id_4l2tt96kaaht.wav,-17.599695,-26.944551
id_8me3g3wgerd3.wav,11.921004,1.3919888
id_se8q270y4mgg.wav,-13.0941925,-18.710346
id_5pjdzorh1k40.wav,-0.2751419,29.277756
id_7byz1le3s8tn.wav,-40.605732,15.30631
id_a4bjnljx52gs.wav,9.540748,34.21452
id_uhvgzpnpg0p5.wav,34.53522,6.642417
id_nj39pwaasl9u.wav,-1.2250526,21.363482
id_wa5aix9s91n9.wav,29.431822,-27.298222
id_adnjdi2si5u4.wav,3.1844735,-19.849466
id_beukdhd0grnw.wav,21.858372,-14.310504
id_1h6vo8fba8gz.wav,-1.2456299,4.60097
id_qs76a6w6dy4x.wav,11.541527,-11.686145
id_09nethbsaeau.wav,-14.660236,20.303694
id_0laj56mgm5h3.wav,18.179186,-17.823751
id_fdsizrw8s6aw.wav,35.144745,-4.3186274
id_ismvn86we6rj.wav,12.043407,-13.529225
id_evd7xby7fw8z.wav,-25.204977,-34.137787
id_uegn3hwrd2eo.wav,-27.835629,11.297148
id_3esgnjkbzg35.wav,-35.050396,-18.255417
id_sgah2mvdos4g.wav,-14.847285,-9.018906
id_irmta5pf0hki.wav,31.035366,9.570973
id_gvhn186kwh3i.wav,-35.92767,18.909527
id_0plh7lmm4xdv.wav,-14.4708185,9.997494
id_g5qhz1fuoax2.wav,51.898487,-5.2080603
id_ozmcxe61xnj2.wav,23.642662,-3.6403337
id_xwsb8xlusaaq.wav,27.558104,23.395573
id_x8zqgpd1hgxv.wav,-24.303377,17.59902
id_t5a91uo9oetg.wav,-20.241844,7.817782
id_hgbtddej63bs.wav,0.985449,14.997174
id_24u2mnvjarao.wav,-6.5480485,-20.844814
id_6wkd8x8kb6y5.wav,38.148666,-6.8297157
id_vk5godl30rzc.wav,16.942293,24.769642
id_w5ffja120wyb.wav,10.900354,-21.654234
id_30cs2stw0ei6.wav,54.731354,-9.466314
id_80inn0wkzb05.wav,-2.7108674,13.51409
id_jesalmts95r8.wav,-21.337645,28.596235
id_hl204k55hvuj.wav,-31.270876,13.147287
id_u8zgolwmag70.wav,-26.467848,-2.0999763
id_kdvvqhl70f34.wav,2.9147232,-10.396444
id_kvftz2zupp8d.wav,-12.015041,5.7648087
id_r6fcvel443af.wav,-8.549485,10.486568
id_9no3x3b6hu2c.wav,-28.238045,-36.396927
id_8925m3vtl0w7.wav,-6.5606036,-21.483332
id_qg274aw5ymk3.wav,39.718937,-6.2480917
id_e0dnfv6ggbzh.wav,21.94901,-3.1517375
id_x04cqytn8h7x.wav,39.842026,-2.563498
id_gc9tjh27qmkh.wav,-6.2307706,3.5859756
id_maih0d0aw7s2.wav,11.817673,23.373102
id_7q3auqf46dp9.wav,16.795624,-11.309429
id_cpl3c1bxg2u0.wav,-0.98519737,14.734503
id_rur4dgxmrs5t.wav,-5.2593093,-33.099083
id_98qzlkoo78am.wav,-28.504133,24.97564
id_n7bjha09a4tc.wav,56.76061,4.943974
id_qbuogj3a8wv1.wav,2.264735,32.420467
id_fxywi03j4a6i.wav,36.54209,-16.000975
id_nddoituuhfa8.wav,22.8957,-0.89683706
id_n9hutmr62qsa.wav,-13.713231,20.80646
id_laun2ypbxy0j.wav,25.99898,2.438573
id_cza0t1pzjj1x.wav,9.129793,-22.521465
id_l5pve4vshynv.wav,25.935308,-26.62333
id_3ueye0th313i.wav,-13.7585125,-1.6340703
id_llyxwan6x9ib.wav,24.143305,2.283668
id_stkl65535rlv.wav,2.58212,3.9476702
id_2cm069q9psap.wav,-12.765359,-34.68147
id_e7cz4t8zp3bi.wav,-36.49977,-6.605878
id_5hqas66lf9gw.wav,-13.075375,7.992212
id_3b3j18291km9.wav,-48.304123,1.7849901
id_9echjbql8ybw.wav,27.701633,8.78652
id_a2davyfjue9s.wav,-20.5341,16.96281
id_tnbrn7mqurnb.wav,-12.205233,26.841045
id_xuwmh29i7jf4.wav,-24.685774,7.691775
id_ctamqssqlgnz.wav,28.868378,-20.29132
id_i0vmezgoe8sp.wav,-7.9945607,-3.3241248
id_jud80yru7ozc.wav,13.686324,39.742058
id_yqsyxoy7jbn4.wav,33.204525,-15.817717
id_mawvgiqkg5fu.wav,10.883224,-4.821851
id_vcmfmh6bmz55.wav,25.126907,-4.078516
id_owym10jkb4rc.wav,-47.122204,-8.496993
id_9vqxiiue9my0.wav,18.940742,15.750872
id_ewaw96gd4srp.wav,55.902973,-4.9454856
id_f168xgix1zy2.wav,32.29465,-21.149797
id_qibuogfz57oe.wav,-26.047077,-3.087886
id_91km4rrf8cde.wav,-27.088015,-34.62168
id_3c8pexd17hxw.wav,-41.789948,12.644851
id_tgiav3vin4vn.wav,54.546307,5.9958835
id_m4zh9xjilejy.wav,6.384973,40.901203
id_ms8zyeyy547b.wav,-8.272852,15.200045
id_d86tt17ppv8q.wav,26.153082,-23.742752
id_m81vludrfw3x.wav,43.292957,6.8467493
id_2pemurklavcr.wav,22.428696,-25.114498
id_x6ci9uzmk8jg.wav,35.246292,-15.139017
id_pmsvitbxfq4x.wav,-1.1246867,10.253477
id_999i01g5vky9.wav,16.14183,-13.843626
id_uo7uadcn2fvc.wav,-39.48714,11.317012
id_zlqxorfrvppw.wav,-18.238287,-5.457235
id_ttoscaav1le9.wav,26.519617,-17.09956
id_fs3xtdik8wjd.wav,49.398117,-6.4221773
id_amvqo5ytdzmu.wav,-16.180653,20.216642
id_yk7atyg8eb05.wav,0.5542956,25.528625
id_nspigpdvm6ts.wav,6.4592056,-11.051663
id_6ljcok2j07f9.wav,-35.212177,-5.128868
id_cobls5w8q948.wav,20.42725,-26.06103
id_n5vyz0fatyit.wav,35.12412,-4.327566
id_37wc2c4doc5l.wav,-4.1272492,24.340088
id_xox9ehp1pwnf.wav,9.597743,16.53059
id_93gfc4dud4du.wav,51.07404,-0.60121787
id_mg90v0mjpp8o.wav,-2.8446968,18.906559
id_1p06nl07alsj.wav,-8.791286,-4.9551344
id_3vnmo4woeq3o.wav,-19.97944,4.3204155
id_jj60uf2fle0v.wav,-28.760187,0.38418734
id_ntbhqknas0ad.wav,-37.711407,25.403225
id_7a737rg5h2io.wav,-12.308651,-1.6063073
id_nibuyjvbt2fr.wav,-39.758728,-0.9164412
id_npd8mjfjr44v.wav,53.675682,-2.2439542
id_0apfh5fz93v1.wav,52.228683,-0.4176935
id_p88p5a1vhzl2.wav,0.5944205,9.160373
id_j48unplyz5xk.wav,43.784843,0.27917117
id_40hja8nyywdd.wav,-54.003937,7.187559
id_hckhccpfvzwa.wav,-44.04512,10.585277
id_3cti04x488z7.wav,18.937197,-11.324022
id_8iotg6c3yrvz.wav,-6.9483957,14.599394
id_ca1e1rlyiwa5.wav,-0.7291583,-28.057053
id_cfkeh6x36kk1.wav,-24.673588,16.169813
id_r7m2e44fptlo.wav,46.040104,8.450085
id_fvptzbxp6hjw.wav,48.07725,-4.4301443
id_k2c2un1wo124.wav,-4.4410577,13.468366
id_i4wm36h5jthm.wav,21.041214,-5.0006084
id_ifq54h8b42wa.wav,2.4453194,-19.321712
id_996icxksn4h2.wav,-2.7382116,24.930367
id_k8u4moha573y.wav,9.73583,18.331684
id_tsgy9tt0gzir.wav,-26.4999,-5.852693
id_zrlwcbfl34lw.wav,-26.022432,12.051616
id_u1e98cjp47jb.wav,0.2910478,-14.807546
id_2ry6eauufzfd.wav,-18.65735,12.710416
id_m67fbmpekvrm.wav,-19.60124,5.8105426
id_hidk630o4ecb.wav,-21.81553,-11.225533
id_17jlu6m2k0la.wav,-30.935307,4.787711
id_tmlv501e4lwv.wav,-44.535694,16.952406
id_wbq9ec6u2q00.wav,7.9168873,16.996538
id_5aept469ixxv.wav,-42.86408,14.630973
id_c84hg0o9hvmr.wav,-4.087477,34.91955
id_mrb5as033w4j.wav,0.028967407,-27.282957
id_1pca3ef7fyf6.wav,18.559525,-1.589293
id_yj1mu48v0pe6.wav,12.340249,-19.772379
id_lz1n81k5lao8.wav,11.218069,40.159107
id_uhr1078s9cro.wav,42.649696,10.879836
id_f9u0m1q7uh1t.wav,4.1976023,-25.790995
id_u417x7ecandv.wav,14.445032,-2.075659
id_xa69aswwmi5f.wav,37.33431,-2.5221472
id_ttax9f0kpx0d.wav,53.71393,-0.33522075
id_fem35o39b8qv.wav,47.918995,-6.483349
id_qrmjc2q53ifa.wav,6.35774,-21.595072
id_mk7gl5456k76.wav,-27.58385,-35.817383
id_km6w1onj8u1y.wav,45.29277,-1.5964514
id_u6asbbej1msh.wav,52.91263,-12.12373
id_dqpq10c6c6hm.wav,52.26973,1.4711559
id_n7a9ge9ge95s.wav,-26.431654,6.815331
id_mylx1tis59h9.wav,8.567876,-21.51527
id_3q62kxbma49g.wav,-28.760536,-7.234277
id_suxomp6mhxk8.wav,-31.912626,23.664997
id_z9zj3ypkrqb4.wav,-27.07981,17.392008
id_9algfkobymge.wav,3.4252594,23.3114
id_5z6efqnnbbhu.wav,54.487606,-1.2561829
id_9b7j5f1bx9h3.wav,-24.462921,-10.412399
id_98nea0yc6hj7.wav,-36.231384,14.030423
id_ot22qlncnhwo.wav,59.860146,1.6154107
id_nfh0tlk17jna.wav,-20.58641,-13.201645
id_zp6xupyvninu.wav,-41.52562,-6.9736075
id_feumcmuoupeh.wav,16.496597,-14.661449
id_r9lf1obkwslh.wav,-1.5617077,22.906208
id_wctjbg3g8ehv.wav,-6.3039536,-35.08545
id_xdmxt237mne1.wav,-9.460254,-38.532005
id_82sqsmfamjmw.wav,54.283764,6.545991
id_lj5jy851eqik.wav,0.2436633,11.086784
id_ukaqjv4y4t5b.wav,47.234898,-2.7411716
id_147wp83monha.wav,-29.34461,5.6802754
id_v5tmm90dgjgx.wav,-29.311169,-0.32503533
id_rjlalb8r1r8f.wav,42.620632,-2.2030807
id_e2sehuac48lq.wav,24.277914,11.959144
id_id2aaha81obf.wav,44.920864,-10.681936
id_yqn812fljnu9.wav,-9.457623,-40.02656
id_tr8wep93h1go.wav,39.191044,6.343147
id_sc7fyp1thu2x.wav,6.7201433,-12.058725
id_y6dfegje2hr9.wav,-9.374333,15.227335
id_byn3xzfnsy3r.wav,-42.35322,10.747877
id_q9q0wovsxcum.wav,26.684448,-21.797424
id_z6hnmu664s27.wav,-10.912003,23.839642
id_qux9rzi96eeu.wav,-11.576773,-15.863238
id_zo4qx0w92lr2.wav,28.813217,9.231431
id_zyjkvxony41m.wav,29.155762,-7.288123
id_rnd6owwk8mfv.wav,-26.957256,-33.46896
id_3xx4pol9dbpn.wav,-3.8857534,4.1923647
id_e27kxvgw6h0o.wav,44.68194,-8.936754
id_emdmuce9klz0.wav,60.505413,1.2182333
id_8nubxuowynl2.wav,9.559642,34.334553
id_qp8wte1v4if1.wav,5.391052,22.510073
id_jo6f1ef6uoqf.wav,13.905042,-2.9534464
id_uxl1j3j54y0d.wav,-21.920599,-17.674126
id_70bh729tyncq.wav,36.78116,-15.018062
id_ewtwnduwce0d.wav,-42.218723,9.824778
id_yty5uhlw4i7r.wav,29.78822,-6.779225
id_wxug71xacx49.wav,34.14217,-13.741711
id_wlu4pd772elr.wav,6.224236,14.252061
id_akchazsbgsvf.wav,-21.664093,6.3616657
id_pvaegwba4i1n.wav,-12.167953,-38.11993
id_jlmxp80dttyz.wav,-19.581648,14.065434
id_rx4x4kbpowd8.wav,-13.415479,5.5134664
id_5jqz43oi87uv.wav,-10.231427,14.882859
id_g8niq1662n07.wav,-24.62201,-36.866367
id_f78cls1lk3x9.wav,40.280712,-6.132914
id_69xkivr12erg.wav,32.647343,5.625701
id_ksqxnkp4pdac.wav,8.465476,-14.484222
id_exincp2hp1hk.wav,-35.078674,-8.730238
id_puh6xvv68eo3.wav,10.573967,41.151775
id_mwamzw2c6i3j.wav,-25.526356,5.713101
id_qruwwpigk99v.wav,-8.224964,-0.4917693
id_2xejronlc160.wav,30.094942,11.366422
id_ngup57bbw6q2.wav,0.89523464,5.1079345
id_cu7i49j6ilrl.wav,-32.845165,6.6585917
id_xf02grhew135.wav,8.75713,29.383215
id_nlwhtp8hfxeq.wav,24.492456,-26.998512
id_he0ob6dogs97.wav,-14.562416,7.4607477
id_ypyewm9khlq6.wav,-1.0310982,1.9048721
id_t05pnvk9qq7f.wav,16.001167,21.254261
id_f8ipidfmi08p.wav,10.03421,1.7689426
id_t1da9qa75ij7.wav,-9.214705,23.332396
id_dzqiug5bh3ga.wav,12.171356,-5.5093145
id_0ktq3i2jpy2w.wav,-33.53417,8.131863
id_ih8l87227ioj.wav,57.622627,1.1553749
id_8h2qqnmzu34w.wav,6.042283,-8.651921
id_xi8w5woehel0.wav,-2.4129863,26.094057
id_4birzk2y5nqm.wav,0.24248803,14.224439
id_gmaozh4gx3tj.wav,-14.426753,30.795128
id_43hskuczqt8f.wav,-11.415539,8.9519825
id_nswg7mk7va9r.wav,-35.368397,11.535128
id_azb266350h50.wav,-5.7951384,-16.71775
id_c7dw6shdeixa.wav,-35.222466,-2.0262902
id_pub7jdwi5as0.wav,-16.248463,8.093172
id_oxr2xgxjwdof.wav,-38.71449,13.530606
id_6znz10z453pe.wav,-0.030859653,24.653826
id_vzpm6dzyyzwo.wav,-28.076778,-13.998596
id_q84q2q7bq4bw.wav,-29.055939,-36.274296
id_x4z0rpfac3p5.wav,-42.68937,8.423546
id_i30i9o7kvbrx.wav,-52.821243,0.91666436
id_e6ymg5ire7dl.wav,46.941395,-3.3632019
id_ov8y90pzeu2a.wav,-7.690176,-11.684795
id_tiiqh6uq6s2f.wav,41.530735,-9.643976
id_21kh3svcm4pe.wav,-26.450153,-36.50874
id_t80o7sz4xdp8.wav,61.729958,3.5092206
id_0tohz5ikljpv.wav,-5.258182,6.8095765
id_nu53u7qq2eqq.wav,-31.985954,4.5785213
id_n0b19o814lva.wav,31.320885,1.545007
id_rbs4t6u17ptu.wav,26.947916,-7.5455093
id_qtrotyfmkb31.wav,-11.157611,-34.30488
id_zlisv15so550.wav,-18.675549,25.797832
id_814fhho3sn0f.wav,51.87663,-11.793804
id_x6tdn33uk9yo.wav,19.179583,-21.759663
id_k7l8oc4xyki9.wav,-10.834759,11.716602
id_yz6kpzaolg5w.wav,-25.223402,-38.379086
id_zioknmlje2mb.wav,-28.015568,11.188157
id_a03er93r6nbq.wav,-21.896118,3.5198302
id_qhlxzool2zt7.wav,-19.217245,-6.029089
id_yuh8kg7eqwii.wav,-31.390015,10.325315
id_rzobe4929vva.wav,-2.7683923,-35.52903
id_l3qrdjozytly.wav,4.4379816,24.364809
id_xxn9im3phodn.wav,-12.441117,-4.60989
id_dhl5kxzw5h4f.wav,-54.273132,6.6108165
id_7sanlvwvwtc5.wav,-7.842577,22.514357
id_i7bhjngq0udn.wav,12.834909,-5.785638
id_9dco88ww4u9l.wav,43.97529,16.077427
id_gjkontl43qo2.wav,-26.262094,-34.686962
id_kgy2lz5md9dr.wav,20.658674,-25.016024
id_ckiqpghhkvfc.wav,-1.2140483,-13.240727
id_xki2dk89yptn.wav,13.584939,-0.9778494
id_ipweb3j00wz4.wav,13.218426,-14.10897
id_w4gf0et7lk6i.wav,8.854814,7.975268
id_ghrgzuhl8mbj.wav,8.099604,-4.2787085
id_fofhuqacfuwg.wav,-6.746093,-5.33293
id_tev1xagtrqgm.wav,-14.14265,3.6927536
id_zcelebrc88yo.wav,-17.301512,-5.6412525
id_1z5um2jl4b7m.wav,53.74901,4.3254857
id_aj6vlplkwue4.wav,-33.14455,-6.225757
id_6d1mgmzblv9z.wav,40.66369,-14.324119
id_yvotvkq12670.wav,-20.189373,6.509031
id_mk29z4c8atn3.wav,-16.744835,15.053801
id_co06qtb6zwyp.wav,4.1363535,-8.826142
id_nxjsea2t8y02.wav,39.0935,-20.603884
id_50livgpkivvz.wav,23.801199,14.269441
id_41xea6fn8t1c.wav,-16.864311,-18.70063
id_tl1iphni82w6.wav,-1.5060982,-22.924372
id_fu28r8oo9v13.wav,28.331419,-19.545746
id_6ya7d8qx6r46.wav,-31.479591,-2.4434645
id_lgr966u3pebb.wav,-22.56422,-1.3574573
id_3cw194u32c0b.wav,60.005707,-0.9281379
id_vsl52wjsq41j.wav,-10.850274,-33.183247
id_ggxbrl6mikyu.wav,20.296955,3.8061945
id_vzq0eb74bq4y.wav,31.689156,-7.643516
id_i62hbq2pw2ya.wav,6.3342624,-20.885756
id_5gs9hjwf0nlc.wav,5.630945,12.758672
id_3opl9t97kb8b.wav,-27.61735,-1.3000901
id_adx0ht2hzyk5.wav,-16.07385,27.875862
id_w0ii9epsol9d.wav,39.354313,11.797228
id_9a1akumeinco.wav,-20.182518,-10.629077
id_rv7mss7eff3w.wav,13.848693,-8.696407
id_h9y09ew0ur5p.wav,-26.223223,11.141667
id_gwiokuy33zhv.wav,38.416393,-8.646983
id_o8mcyt7x8r91.wav,16.559345,-20.191355
id_ug62m8m2bhwz.wav,10.495437,35.861485
id_xixoot3gzbug.wav,-2.617374,2.1948936
id_345mh52fjket.wav,-51.41114,8.772807
id_0mnfgv0d5pdt.wav,-20.116472,21.191427
id_fwtshp5pwegd.wav,14.143322,-19.024023
id_20ky0ddmrc3g.wav,-14.162475,-19.478634
id_9ur53br1onh6.wav,49.95932,-9.532239
id_hs38evfn32te.wav,30.961859,14.72201
id_syxtdgknf2me.wav,23.8955,0.48556405
id_vcc1uosd2ifq.wav,-40.845127,11.013537
id_5riqzs5g5g5r.wav,-8.936177,-19.924898
id_iw13i7v50p4w.wav,-18.511534,9.092909
id_de0jab6r8t7c.wav,-31.642174,1.8058317
id_4ycyr4jpvbs1.wav,36.08847,-24.115173
id_mq9a0kmgtec9.wav,-36.808033,3.013498
id_i73xsvg81glx.wav,-17.953346,-28.971785
id_3kgcbbc0iujy.wav,37.279507,-20.858473
id_a8suqbtwhysh.wav,-26.659178,-35.792065
id_yjb9rb0t14zh.wav,7.647997,-20.906054
id_1225z4zxeq84.wav,-3.4917567,22.849455
id_oiy2ogpk040t.wav,13.659058,-19.946178
id_tfm8c5hzwzfb.wav,24.43553,0.8975359
id_bs8swae5544j.wav,33.58174,-11.606878
id_91p3i9pqe9hy.wav,30.503294,-9.4415245
id_vzlk6benugxk.wav,1.3408797,-3.0451024
id_0ht9cbvfkpsi.wav,36.680416,-15.073927
id_4aqkjof6trnz.wav,-27.806591,-32.262375
id_rzgxhzd9xcbk.wav,-30.385225,-3.5810645
id_9nulh7pemzeg.wav,-3.0290284,-17.547241
id_nirrcao72424.wav,18.583105,20.282526
id_4mozo4mixmgt.wav,-18.183361,-3.0419464
id_1u8nswfbpcgc.wav,-37.564045,2.3830376
id_wndyeolegfxh.wav,-31.300709,15.288708
id_51rwvuwscd6t.wav,5.6697655,-23.90307
id_6xgbwz7xb29x.wav,8.322894,-2.8640976
id_riz8n3zgu5nc.wav,-34.01298,-10.122237
id_s0l2eqc0e522.wav,-2.0938084,-2.2324698
id_m7mth6eiulae.wav,38.286846,-17.69261
id_2mp42y9eolei.wav,-5.4605656,2.3332334
id_y292nl3x6duc.wav,-34.366096,-6.9461703
id_ena9f14dzgws.wav,-8.122119,-3.5448184
id_eo443xz6dvrv.wav,-10.154943,-18.456978
id_zfsva8itxhyl.wav,-38.140404,24.568577
id_vtdtoem9lcbh.wav,28.987888,-16.923952
id_8lifroyelt05.wav,-33.33044,-4.9062324
id_zho37lfbspm4.wav,-25.084686,-33.7966
id_piba0aw4b8e5.wav,-31.447771,-2.1812382
id_x8d7cnlq6vv7.wav,41.725147,-10.648355
id_4xvr6mnh173e.wav,35.472267,8.116027
id_d6xmsr50qx6z.wav,7.985611,-22.981937
id_yuxmgr2iktdd.wav,-6.9120283,-11.628745
id_cc8vxfipo0xl.wav,-40.196545,2.5177345
id_zoz8ybdijbx2.wav,10.899432,34.91085
id_cdq0rupm70rh.wav,-5.165116,-7.155039
id_dop3zy41jru9.wav,-12.206719,-12.203229
id_lrf0h0g1mj25.wav,-5.0851655,-36.211094
id_583akl40fz8w.wav,28.835714,2.001387
id_fk10kj62cdhb.wav,-31.158546,-12.965487
id_blovoxmwftrc.wav,-53.344593,1.6880755
id_6uhocblb2f13.wav,-26.583445,-6.8231845
id_i4h4403hmxza.wav,-8.325705,-8.837929
id_50detx17vfnl.wav,7.268824,-19.079605
id_u37s6o9yqmbi.wav,-22.128668,10.717883
id_o0zfl0p4z3zi.wav,46.04118,-4.3091383
id_1ql8dauqjt9h.wav,-9.057226,34.24148
id_83cvn96lvva4.wav,-15.566208,8.437502
id_c0ka8r2msnny.wav,10.137304,-3.2207448
id_kn21halmjk27.wav,-7.104077,-31.35584
id_im1q04zeyt3q.wav,23.941021,-4.185325
id_pefhp826n70s.wav,-14.148246,3.8138268
id_yo0fjz1tsib4.wav,-11.502705,-30.570168
id_9tru1lc6krfs.wav,-6.8045588,-38.971466
id_6ieub8u26ta7.wav,13.662035,-10.483049
id_eir4zy1xw023.wav,34.429993,-14.997839
id_rjweuxpntwsk.wav,-5.1878366,-6.2029467
id_f44ovneaoaqi.wav,-25.118225,-35.62055
id_v52asgqtlu7q.wav,-20.464542,-3.8471932
id_5htphtiy5uac.wav,-12.268288,11.72062
id_85e06krywulo.wav,-30.484524,-8.163091
id_t4k4vmxpvwjx.wav,-37.853092,11.04315
id_um8apj5nb2dd.wav,18.12322,-23.679104
id_qms4q15m1iz9.wav,-14.402357,-3.2370934
id_2f202evzhjwk.wav,36.816826,13.172345
id_zr0xk1egf1gr.wav,41.327583,3.7569997
id_5csagw7engwe.wav,15.735485,-9.839902
id_aa4rfxdldxt1.wav,-24.96356,-38.178875
id_qfw5p9ufsrvf.wav,15.592365,-12.902969
id_z2wzpoehg6wd.wav,-10.434239,-3.1611054
id_q021be5oa4kg.wav,-53.63202,6.5760818
id_vlncix0q7p3z.wav,22.111305,17.667936
id_lie6717iixch.wav,-45.40127,-2.9125588
id_hnsywr8cukwq.wav,44.123596,4.029923
id_12kj458pm4wm.wav,-15.537926,-1.4313364
id_kcbxg1tpsoez.wav,-29.05299,-37.5293
id_l6w1d92pnboe.wav,-50.92109,6.4133286
id_aymt8v1bq9ln.wav,-21.28351,-1.3649083
id_5i0jv5c3sgov.wav,14.645783,35.892
id_i4ct5vw7d8i3.wav,62.461956,2.7965577
id_pk2jhicvhx6l.wav,17.513035,23.03743
id_4kj20r8dgbcl.wav,-53.827583,1.8670642
id_syqthfv83eu2.wav,13.856382,13.164429
id_a3y5q4eouq14.wav,15.164281,22.232077
id_viqggpkqt62k.wav,-16.30477,0.26798666
id_7izpg0ych4rw.wav,-3.501192,-35.309166
id_nfjcckzsbq7l.wav,-1.1014495,8.644917
id_cjhhxujadkd1.wav,2.8438263,-12.109295
id_y4vdh5mfrwey.wav,-30.638102,14.611056
id_gzdbwu53bs8p.wav,10.666396,38.91799
id_6cx0xnon41r7.wav,50.845062,-10.228278
id_2ktye9zaa2ib.wav,5.548951,17.990355
id_8k6crundu3kp.wav,5.5385747,-11.356736
id_r4fdw6zey6h5.wav,-10.092128,7.040645
id_32ljffjeq9hv.wav,-33.627087,1.0256307
id_fodcl1jx4lqe.wav,-11.670983,23.077461
id_8o9d6pv0d83x.wav,-7.416156,28.015926
id_02gnxhol6cek.wav,15.443208,-29.875338
id_tzm32rr48n5w.wav,-10.750342,25.715218
id_w33nxjq309ps.wav,-21.568989,10.784037
id_8asieqiabxry.wav,-17.762074,-0.35018
id_489h1yy8isqf.wav,-32.031673,-18.043386
id_mohxcpritor5.wav,24.86214,-20.814976
id_chgafchv9ekb.wav,-4.1416903,18.675142
id_hfzkutnntkry.wav,-26.655184,-35.59901
id_cl5uflpzrbdh.wav,-13.869596,-13.143867
id_ogfqucldczdi.wav,52.643658,0.8860608
id_gtevr057d2aw.wav,-9.93536,-37.927536
id_uy2jhz3invwn.wav,28.228682,6.94754
id_g6hsce7h537v.wav,-8.043247,22.21723
id_t9bpu4nrntbp.wav,22.71914,-6.126258
id_r7ikno16olyy.wav,43.449295,-16.405928
id_p7a9mnxtqs1h.wav,-6.6447725,26.28036
id_9w77hksiehjz.wav,7.1707315,-18.167387
id_dho7rffjkerr.wav,16.468199,-12.437737
id_bb66y0viihas.wav,-15.222073,6.170602
id_cqmqhjphla61.wav,29.586374,9.072757
id_j1x6uhu3n2we.wav,-41.59046,19.231562
id_culi97ofngzy.wav,33.35929,11.457648
id_nbrsx68e9jr9.wav,-5.8293605,-20.730925
id_tr4hymlcrara.wav,8.279165,-12.033103
id_kxbr3dytq5dx.wav,-35.980732,13.162559
id_titz229joj6r.wav,41.41133,-17.294498
id_p5mczc3rv2wk.wav,16.575386,-17.128595
id_0rldcyf1apsr.wav,25.208826,-17.459616
id_3f0f1a4qhqfl.wav,43.13435,-12.183932
id_4ekokjn22blu.wav,33.530983,0.60021764
id_4kl16xjhh58q.wav,-22.267603,-13.724845
id_tdq5nsp5nqkd.wav,-35.275055,-17.48763
id_g1jm3297ckjs.wav,8.967018,-6.5824747
id_1w90rczhccbe.wav,4.384445,-25.685127
id_h0l8v1nrftff.wav,-12.406027,27.565613
id_dym9btiw9dfw.wav,-17.984606,-28.981817
id_umbuepm9uafo.wav,-32.9277,7.097788
id_3qdd657p8dwb.wav,-10.777461,-0.7507836
id_bn2k6z1gdom4.wav,-7.9138727,1.0020876
id_6raxm4w4urxk.wav,-7.413154,-14.881998
id_tmpjxehuvwg8.wav,-6.5958614,29.726213
id_dkx6g782c0tp.wav,1.7092086,19.60154
id_algcdtnmm5au.wav,-19.233488,-6.8233995
id_e861ybwel9u4.wav,10.989279,-21.311491
id_l1ht58cf4nxm.wav,-16.814425,-14.033232
id_gdwvn4v9f7cg.wav,-5.1949873,-19.825596
id_p0w83k2cxaq7.wav,-16.68466,22.620546
id_chsfjkns5u2h.wav,-12.347406,-29.68441
id_ozem1c492o55.wav,3.2339969,11.230402
id_74hva2szczp1.wav,13.127295,40.475693
id_ow5408yh3eu1.wav,0.16224001,35.63639
id_80lp58kkl2cc.wav,-9.644848,-27.87923
id_5juf26o9qcz4.wav,-18.174057,-4.26799
id_i0zjjjmcqt2a.wav,-32.457653,-8.177157
id_lmyx3cuoiqzs.wav,-4.2055097,2.220525
id_c3g4ixlgnh1o.wav,17.730616,-7.913476
id_j5bzocizvzla.wav,-2.8061104,-7.374056
id_w68wu2f2zwhq.wav,31.020563,20.21504
id_lm7y433y5fro.wav,-27.98911,8.202447
id_ebes3dbgts2q.wav,10.367362,27.65072
id_iy9zvv7c5y1i.wav,16.786427,-25.487482
id_ib4ndc7xtk72.wav,-30.947819,2.1505868
id_k14al3oi3dsl.wav,0.6449591,-9.275934
id_ozee4bloecx8.wav,14.676095,-17.069767
id_m1iypein5x8n.wav,-5.4243364,5.223118
id_5t6wkc7o4hi5.wav,-19.895123,32.58627
id_c5akmij62nz0.wav,-15.240334,10.311842
id_70x85j2o35xj.wav,-28.16744,-1.5654936
id_d1p2uli2mlo5.wav,-23.585629,14.026734
id_8fwvvf7u24na.wav,-17.283905,13.202486
id_uvbdgvnau6er.wav,-44.808548,14.101416
id_w05e2rk21cqt.wav,18.637213,-30.401314
id_eydugsi8wn17.wav,20.70708,-31.264624
id_mgfvj28nqnik.wav,11.4337845,-8.50882
id_sp7tx5oxcxql.wav,-5.18215,25.086096
id_lzcvvvxziuwk.wav,-10.077913,-37.999947
id_cnipb0z114p7.wav,14.654589,14.430367
id_f4mlh4tc7xiw.wav,-13.580789,22.063812
id_3j5b8bzzx396.wav,-12.125876,32.542873
id_hcjfssfdr83v.wav,9.005307,-5.2545824
id_rmm820ra2v8a.wav,29.205873,4.928765
id_1u32l9k3uojd.wav,-15.536637,-17.095974
id_i5kvd5jsyho3.wav,-16.214325,-10.920274
id_3he1kbmy8v2n.wav,18.937246,-11.775972
id_ah2z92quev25.wav,-43.341736,3.6141782
id_wtooo8h1x7sb.wav,-27.349005,4.498844
id_7qrf44z4j9gq.wav,-10.22565,-17.22316
id_9t3i4nc9z2yw.wav,1.283255,30.12065
id_g36hjyb1uu6h.wav,11.004649,-24.033266
id_31m0c8tnocr2.wav,10.230036,33.100838
id_ghw5t3ugn304.wav,-1.9682814,-14.624647
id_y574jwj1h78s.wav,-13.795869,-1.5836841
id_5azm8ertofsk.wav,45.93737,6.8808255
id_zlyza31qc146.wav,38.73936,-12.014062
id_7jka4xxh9dej.wav,24.024902,-5.1827545
id_auwsldpmtnqx.wav,8.007681,28.110405
id_j6dlsx3s0fuv.wav,10.250031,-7.337692
id_cwwrk7afoax5.wav,-8.798258,-38.058296
id_n0zgfcigfg9v.wav,-22.813911,-1.7497432
id_de3k2kxeck4z.wav,-41.184437,12.43107
id_awz3j52c0na0.wav,-2.1715128,29.671633
id_zzkwbl3d8s9e.wav,56.64162,-2.0011992
id_nayv0kax33pq.wav,-31.03839,16.269615
id_pdhx7cy4tkq8.wav,-8.038511,13.417807
id_o0cg6uj5d83k.wav,-33.269836,11.959243
id_zy9s7sdnhb8n.wav,38.96272,-2.1055498
id_ca6qn7p95089.wav,14.793765,12.2767315
id_7dixb1qay2no.wav,-23.673025,-34.13472
id_wtg9k9a3o3ni.wav,7.2090273,17.08442
id_ajws25c9xwdk.wav,45.200268,7.1761785
id_61a4qi5zhlnw.wav,4.5230556,-23.482437
id_7nahw1stqite.wav,45.931023,0.7760639
id_q8ublattuf6h.wav,-28.90122,12.279828
id_2aucnzkz9eli.wav,20.949347,-9.618647
id_wg69s96v2760.wav,13.172957,-30.099207
id_rm5wd41xf707.wav,54.546833,-1.2484145
id_edw0zopujz1g.wav,29.638247,-9.525554
id_wascz07tt9id.wav,8.66254,23.273708
id_y0ofpylebult.wav,-38.076637,24.64406
id_nkfcrj8g548l.wav,-38.652588,5.5433764
id_3yeiwg6otoyt.wav,48.277218,-13.229045
id_5tg718rzbvjo.wav,-43.838,4.866497
id_okczaxna9cbv.wav,0.5713852,8.963285
id_16hjj117dhj3.wav,13.109878,-11.450149
id_q9ddicx8lij9.wav,-14.500812,-29.962322
id_7p69sna3ha9y.wav,40.19967,-16.288044
id_nnrg7lf4fygf.wav,13.196741,-26.291994
id_prbj5dx74jru.wav,-30.351498,-4.319983
id_iws4cs9wbc4r.wav,-15.492257,-4.303942
id_cmlxsufpks9i.wav,2.0849667,-9.356868
id_iqmv6ej4um5w.wav,-35.330547,-8.585601
id_nt2tl73rh373.wav,-21.902586,-17.897316
id_bmrbdqm6h5bh.wav,-44.538017,9.105483
id_js3zqqy5ly15.wav,-6.010971,11.062474
id_tegnxuaw6ema.wav,-21.683834,-3.101145
id_kb1536xxb8rn.wav,26.126549,-23.513456
id_o3j2z464q2rj.wav,50.802067,-8.037282
id_f34ewbljuj9s.wav,15.855137,-0.018027114
id_m8en5npqnjpa.wav,-11.391135,-31.63147
id_ks2c2rgu4o2r.wav,10.435077,-10.286116
id_i3jn0w8fr1d2.wav,26.81609,-7.6149917
id_pp2axmpwh7e0.wav,-10.683827,-30.315027
id_stuxqpizcpab.wav,22.1217,-22.444324
id_ty32bi0251ku.wav,-9.926984,11.359598
id_isfckkm13lko.wav,12.9392605,40.497093
id_xuqymciajqqz.wav,31.233124,4.863014
id_rkmz3jwfq6iv.wav,-3.2373915,-5.2080255
id_k6lbyqxkplur.wav,50.099834,7.4438972
id_t9i8wbdlrz1n.wav,33.83994,12.159528
id_1qkemzht1yxy.wav,19.06562,-19.243992
id_h6rd3p7tzhsg.wav,-23.925055,4.443337
id_n2jq6ofn1gjk.wav,18.499287,-6.366734
id_wl1a6217cpmz.wav,30.902878,-16.754608
id_j1wpyjh99p63.wav,6.188176,-10.210382
id_j2ea0mf7gqox.wav,-8.443833,-34.102215
id_xnpxkrv8hmk1.wav,33.412357,-21.60894
id_m0i66e7t1ksd.wav,-9.398097,-8.393264
id_frn36y98us5h.wav,-13.334404,16.771236
id_0so8tqf9upru.wav,-29.37405,2.3713286
id_1v9r4aaiby42.wav,-33.820766,-1.1376143
id_xt313vl14byj.wav,-28.088438,-3.0471928
id_yznjry4c146v.wav,10.191496,24.695557
id_9038uajavqlf.wav,-28.37181,-34.42601
id_dqmq2w2ngry0.wav,1.1859123,-7.61639
id_wx67mfwgl01s.wav,43.53133,-16.469404
id_r2xle0g56kgy.wav,-12.057379,14.804313
id_rbe7r0qswata.wav,-7.3862734,5.986291
id_4sxj37cp6d9k.wav,-41.829906,-11.849441
id_xjqiv525rt55.wav,19.89278,-9.929932
id_axp3m6ck0zn2.wav,16.233583,16.854956
id_6jnhwr379tgz.wav,-6.313417,19.469952
id_9vw7pywnhtgg.wav,16.588068,-23.325787
id_ejg9julgwcxl.wav,-28.74595,-34.6765
id_awvtf007cadg.wav,-24.557554,0.26475248
id_fmtxcqrzkgx9.wav,44.172737,-10.617172
id_ok4d5ylt5i4c.wav,39.526196,-9.82283
id_uu29npp28lkg.wav,-34.854065,2.4798827
id_7us8kaz1736o.wav,-41.89363,-11.9627
id_224grqydiy3t.wav,53.038265,-9.990287
id_1jdrhgqxib7t.wav,-37.567135,-2.704751
id_w413bdux579q.wav,34.53147,-16.634716
id_rxwvus43l68w.wav,7.9051595,41.201164
id_p4vqooko1k3n.wav,-7.9377975,22.406044
id_tgngyxhsdqb0.wav,2.6619265,26.066263
id_upptook8ny0m.wav,7.234999,15.987225
id_wf5ue13h9my7.wav,19.446617,-14.955531
id_u74t5kxb3kww.wav,-1.7815297,-8.588836
id_gy8ohvh72rm7.wav,11.800966,-27.145817
id_4lvnuy8t8tfs.wav,-10.02,6.408164
id_g7up2a6v5cwi.wav,24.280857,-23.084656
id_4l6r9gu5n95q.wav,-10.832863,-18.822495
id_2ylectoxtr8n.wav,-4.244977,0.42817464
id_quh4ibm7i84o.wav,2.4169767,18.131083
id_cp7zw1pep2zj.wav,-11.671743,-9.517889
id_hmz7xmwoikdc.wav,-8.417548,-11.694328
id_01dntd19l4a8.wav,-9.908805,-9.52594
id_bru5qqvk4pk6.wav,-0.47097978,16.002237
id_ga0d2b6a06an.wav,46.526997,-1.839878
id_a98aatad896m.wav,22.074062,-27.410322
id_jdew6x7qyanc.wav,28.143927,-19.817385
id_gauk1cjctnd3.wav,-14.554475,24.315447
id_te0qxia3npv6.wav,-10.957189,-38.10691
id_8z60pkg3baky.wav,36.51693,-25.570541
id_8mn0mera5yjd.wav,-15.757717,6.7247677
id_u312weuxd9df.wav,-49.68064,10.0771265
id_4pr1papm4jrp.wav,0.42882934,3.510647
id_jzbjxbq3pqa7.wav,-13.300107,-30.952105
id_ytf30g86rzs0.wav,-24.787802,12.767505
id_n044urnv2zuh.wav,-37.674465,10.40294
id_rjndzm7uw8oo.wav,-36.100647,14.525325
id_xybg1e3runiu.wav,-40.66141,-12.860683
id_onab1gn9vyfo.wav,-52.163082,11.980007
id_ajss1tkmdd7z.wav,5.8253875,8.41954
id_3c9kgshkpw5z.wav,37.65492,-20.870647
id_jdyxgqi86r7x.wav,26.862041,-22.174261
id_t12fcrhkpbm9.wav,40.151394,11.285743
id_0ehxqtmcqrao.wav,20.706654,6.1750913
id_28k805vrmada.wav,9.907044,38.19099
id_map1upesnwzy.wav,-9.415323,30.439796
id_iibctj967t32.wav,-24.339966,4.677857
id_c8edn39igqou.wav,-9.21896,16.529676
id_cry6i22xj446.wav,19.747599,-21.02889
id_nl0kptzpgf66.wav,3.7506702,0.058507048
id_n4zfnu0182ji.wav,-54.01643,2.2435913
id_3k77zd22abns.wav,-10.479314,2.3081217
id_zpxa3uuoe0q7.wav,-46.024567,9.370544
id_9pza28p8eet3.wav,-26.206465,8.300057
id_fjrk0qgzz3z1.wav,-23.877228,-3.8448293
id_cvy3mgkj4fci.wav,-2.7562287,-0.6088839
id_uoxfh9q2v0fk.wav,10.608101,40.07559
id_36yv5tnmda47.wav,14.400736,-7.2662983
id_02rc7u12zorg.wav,-32.05827,19.476274
id_nlowltxafnw9.wav,61.011,5.1913943
id_krnj764xu7yx.wav,12.542155,36.98954
id_imvxo1g1dh5m.wav,50.089344,-1.7843512
id_n7szgr5esy13.wav,-24.559504,-8.001429
id_wzr55t1o2foz.wav,53.55623,1.1680499
id_ahq37fnh9yjn.wav,8.40137,5.3505063
id_8qd1c7jidopb.wav,23.156145,-23.08262
id_2b5hydw7ouoi.wav,-10.997703,-37.802097
id_wp1gxi9viwil.wav,12.568899,-5.6725435
id_rd39hay6u7le.wav,-11.799324,2.6494715
id_2un0jtpxujn1.wav,-2.8556356,18.386269
id_dhbq2q0i3ihj.wav,-4.5632386,10.491391
id_597j4jnuuqjy.wav,52.605606,-13.399445
id_yavpwcuodpu9.wav,2.7756486,28.163872
id_qwc4jx9g002x.wav,-12.759922,10.173216
id_fci2f40qtjxu.wav,23.638594,-31.919933
id_3ezd31cok7yj.wav,-18.87756,0.53091735
id_1ea2yuhr58qg.wav,6.1942396,26.298346
id_72cxuos1ylzd.wav,53.168736,-4.487771
id_wvylssogi6hf.wav,10.612788,26.524893
id_6zjkbmw0ia9u.wav,33.387733,-15.708471
id_6mep8u7jcl6c.wav,-41.08334,-5.8535433
id_y4aj1oi5vlhq.wav,-34.35357,-6.97549
id_iozm8o4cy8l6.wav,-7.0288377,13.078153
id_g08vgum8kvrr.wav,3.8902767,19.119287
id_5ux5nzox3dhj.wav,46.436302,-7.768349
id_bzxj7tl9uqdk.wav,-35.09627,-3.8700671
id_56m81volv0bp.wav,36.747284,-10.045876
id_gx5n7d4z6p3n.wav,-32.46372,-8.489679
id_6cp1m2j1hygz.wav,15.243686,-5.6108336
id_vcr1v5ff5ytr.wav,-15.470124,27.497137
id_g9ehlqzxcb9p.wav,-0.8586899,18.119501
id_uaiuoie3u6sq.wav,-36.022873,-5.920431
id_9p4bhutnxoaz.wav,53.85217,6.741257
id_ndbf7xm50qjl.wav,-16.556263,5.6349063
id_uecf96dsep92.wav,48.399895,-4.968452
id_nwe4kmfdp6iv.wav,56.852947,-0.6710281
id_v18ec9lsogn0.wav,25.532667,-17.873451
id_kplvg13li7pf.wav,-12.068532,-33.59311
id_9p3calymljrq.wav,8.103284,-10.062067
id_ode62ax9rxm7.wav,4.0857477,-4.6796503
id_vagr998f6v11.wav,19.10022,-3.5933678
id_ivrdzdabiw5u.wav,7.898238,40.777035
id_wztyx3ykba9f.wav,23.264912,-14.037738
id_wz30p6o753i7.wav,10.750931,35.762905
id_6olx5am2ffs1.wav,4.2686853,-22.08269
id_x62ww6s3iw7y.wav,39.595207,-5.6667986
id_hh0ubh21vg5d.wav,-21.450014,-2.1190164
id_mcyfw04niq80.wav,6.06236,-16.839394
id_8gjngqln3d3i.wav,-3.650374,26.299257
id_e7ztggp8fxo1.wav,15.09485,-26.294268
id_7rs86tc1t0mh.wav,-8.494919,-31.153824
id_gjma0aokd92t.wav,44.175446,13.471389
id_oybx7sw06823.wav,0.93200725,15.774233
id_6gp0bmu6zssm.wav,1.4711418,16.370491
id_23ee9p738uak.wav,-17.833836,3.1408327
id_kh4dx5b6vh1k.wav,48.26947,5.5601215
id_s9ndj6swpjho.wav,-6.6414967,24.57324
id_pwrz9smho7in.wav,-30.739674,22.689714
id_13i0bo3bohuf.wav,-27.22628,8.192908
id_1cs2y9oxnt2h.wav,44.163837,13.662653
id_8fr4njq9pm3n.wav,-26.881353,6.99267
id_m4ff7onw3fms.wav,20.442965,-25.568325
id_5ptm51eulhnr.wav,-0.7479935,-7.054992
id_nmnbyj27ubt0.wav,-15.663883,13.313207
id_uavbgcprucnb.wav,-7.2438083,-34.644024
id_aq52afthtxkf.wav,4.642162,25.963694
id_8kcyhec4kfvb.wav,-8.899644,34.021294
id_9492e87ffbmc.wav,14.499214,-11.938458
id_yfpfy4zjylht.wav,49.935577,6.865311
id_llfpfcgu2tqq.wav,-17.637457,-22.00101
id_uf254b33d0pu.wav,-7.2350516,20.787659
id_qig21eszzha3.wav,-12.558381,-6.308743
id_nwqnch5368u8.wav,-10.251461,27.23543
id_ez7y2qpd2s03.wav,-5.8921733,21.441727
id_mly26efw104n.wav,-36.511147,-2.9514325
id_g99sykosd3kc.wav,32.24338,-9.609274
id_itgbd4u4jq1d.wav,54.288517,5.3987923
id_w01nihjvhlbp.wav,-12.085051,23.341986
id_pjjo0i3k6os0.wav,39.327694,-4.186246
id_bmnmlf2e7u8c.wav,13.162923,-22.601631
id_p22oyx200wge.wav,22.795086,-23.088823
id_yxmwfph9izk9.wav,-2.836528,29.473156
id_szek25ganjxa.wav,8.573202,42.48502
id_2tx4vs7n9buq.wav,8.709004,39.507248
id_h6bon83fm46q.wav,27.34266,3.3408732
id_3rfffdoekhtr.wav,-5.4807177,26.674427
id_g99i9r72boxs.wav,-36.2859,-4.0736017
id_0kxhzqwpppwk.wav,-8.134249,17.147614
id_9ul25izv4e3j.wav,-41.55373,18.478453
id_gqg8zirklplc.wav,14.465281,16.746931
id_p5t8c0p0zs9g.wav,31.901705,-10.431438
id_2jn14xf83r98.wav,-1.7417016,22.222359
id_lalpzfgnpm80.wav,-29.371641,-0.32741022
id_rni1z58czazz.wav,-15.563816,22.292187
id_a77kprea72hs.wav,-14.852409,9.277833
id_ahxkhjyzp5oq.wav,-15.985988,-2.520542
id_7o1717m49s67.wav,-23.549946,-10.360936
id_lgt649tjg0gr.wav,11.053561,17.483957
id_ib12s0icx5qz.wav,1.5183007,19.607672
id_vgwwhudzd01w.wav,-36.028305,-6.8974504
id_a2bwc07dbmcc.wav,6.4740095,-1.273926
id_azdmpe6u6nxj.wav,-4.5705843,10.294098
id_sgz8eoa01u5d.wav,16.241297,-20.584143
id_p7tuke75432u.wav,-19.990976,7.8861876
id_18n2b0l57nsp.wav,-37.852524,10.996734
id_5f8yctjj7al9.wav,2.1435418,24.717892
id_jkb7ol8fhe2g.wav,-4.7917075,19.063677
id_zmyo57zfha6s.wav,10.128962,17.154524
id_qyaegx8ippy1.wav,-26.44483,21.790602
id_uqy43vftmgn6.wav,9.256594,40.573414
id_ennsxt4prxmu.wav,47.526726,-10.970647
id_ae1z3omv3z2i.wav,-26.007788,-2.9809072
id_71gyc0g9yl6d.wav,-0.13611099,21.570452
id_i2xuwmee0vqw.wav,35.93167,-18.959656
id_wr0elj62q13i.wav,11.95025,9.773995
id_u1j2dt03w7ya.wav,18.208923,5.513065
id_ko76wwl6qw5b.wav,-24.610554,-36.338676
id_a7r1w5zoa4on.wav,-26.476076,10.921106
id_pe8lfzdp0dk7.wav,9.078383,-23.978518
id_d04ud4dzx8tw.wav,-16.881788,2.2887526
id_bm777l8hq9ex.wav,-23.115889,7.763895
id_3lfht0x3r0j7.wav,-20.606865,0.50381404
id_2wcr47rru7uf.wav,0.11182784,-27.20813
id_bd7i6m10vkbb.wav,10.291284,-14.373894
id_4puthqwodn36.wav,-27.42,-35.96122
id_q8pawbfbipzz.wav,9.656962,-19.051256
id_84ej9ape6585.wav,14.925158,34.829323
id_3v9vnj4ey1ks.wav,-4.2789536,6.542812
id_1ojj7pyd271b.wav,-20.76012,-8.284552
id_couamyqxb9gw.wav,14.9911785,8.717872
id_cepshfarm82r.wav,52.627663,-3.0069113
id_vblalo9yt6kg.wav,32.66027,-20.513481
id_1dkpnb2vcbs7.wav,-22.745073,-8.544801
id_39eqo7zuhrw5.wav,9.275214,26.389225
id_cabxws6ngycr.wav,-20.902744,-5.2495294
id_6fdpysbf72mw.wav,34.516758,-7.336035
id_ljf0h73ggt7p.wav,-25.636564,-10.022265
id_g6x3b2q1hmrc.wav,-0.0035826494,17.52832
id_uvijab3h4pfp.wav,45.738503,8.437232
id_xei6xr623kx6.wav,11.079176,21.711178
id_de058dza34vu.wav,30.983118,7.426451
id_1lrlnjt5yat0.wav,-26.064642,-33.81258
id_ettvq7khrcrl.wav,-37.49264,-2.7934687
id_x57y1tayyhhf.wav,38.423786,-2.8376036
id_mcmfpml75fxs.wav,60.80692,0.062559664
id_hdkh86n6y47o.wav,24.391302,1.1319388
id_756zyn35i0aq.wav,45.781227,3.7195742
id_htxhsuv9r31s.wav,49.074413,-0.9217576
id_sd4w5u0eh272.wav,17.334442,-9.714304
id_s46d8g93t7w4.wav,55.34191,0.31661448
id_tdvbek9ztwfd.wav,27.800762,-9.142302
id_sj8179j9i6nw.wav,-41.785946,-11.983648
id_ktbqzoshl7sa.wav,-51.98288,7.628394
id_7sya9ne05lmc.wav,-28.114216,-4.468247
id_qe2bmybhllbb.wav,35.13273,-25.100197
id_m9784h87c2ce.wav,-18.827225,26.253565
id_njrdl87q56ko.wav,-3.053644,-4.8900805
id_vmbwicdpfn68.wav,-53.62017,8.690034
id_r62xen76u4e6.wav,-28.402777,3.3847027
id_8xoz8dm0mqcl.wav,-5.7240276,13.273038
id_8jyadbv3c4jd.wav,26.75837,0.1895285
id_q65izqe31eoq.wav,0.3676317,-4.9041266
id_u7734w0wzh4b.wav,14.717145,9.086558
id_gd5h7t7bvsmp.wav,40.06334,-16.771555
id_y9gsfsua1ca1.wav,7.0028377,18.723331
id_dfkjpqbr1p7z.wav,-17.20963,7.7399387
id_xmv3v7rtixle.wav,-30.790104,-6.0403147
id_at0vgpe3z8h7.wav,-20.554472,13.774984
id_798ixpgenmb2.wav,-40.6122,20.904015
id_u02jty16yn6s.wav,53.100273,-10.079425
id_wfmdskugj480.wav,20.186455,-2.910674
id_wrzb7o3szwls.wav,-38.392876,10.158023
id_foh6ysweha61.wav,12.341285,38.65781
id_wpertb70txre.wav,36.159794,-9.409911
id_8yew1mu95say.wav,-16.038626,14.445046
id_b5q127tpbhia.wav,-2.8847651,-24.008911
id_rr1qabm1x27p.wav,-1.0904025,24.48303
id_r5olf0tucpg0.wav,-4.4305606,11.911672
id_dhizjualnvo8.wav,6.8247604,-24.852259
id_pzq10tdm03z6.wav,-46.091015,12.259885
id_mjzp90gyx144.wav,-51.598785,10.54227
id_jjsm4qee2ezh.wav,1.5129988,28.429026
id_sdwq1fnaqvdz.wav,44.548058,0.09652886
id_ar1cbaaq2kw6.wav,-47.447533,4.719444
id_xxqyzf12fhip.wav,-18.780836,4.532967
id_54acpxzvh5dm.wav,-27.674938,-35.22925
id_148urbd8geyv.wav,-18.79787,-8.507951
id_brjz2juc6iy7.wav,-36.258144,4.9765534
id_2ei1g4i35afh.wav,-20.849041,3.982756
id_rd4kz34yhlmd.wav,-25.205729,-1.6559229
id_eldlv1h67tj6.wav,-8.089328,-1.3542554
id_gxock9bcfzkc.wav,8.218635,-0.4555242
id_qiy1b23g1epr.wav,-7.755356,-32.629105
id_v52azydqljby.wav,-24.046593,19.89582
id_02rt0p2zqm6s.wav,-32.677216,3.9487302
id_h2rwzq6wgp00.wav,-11.2463,16.666275
id_n39l4uejrf9x.wav,35.539417,10.853324
id_6ir859hvk961.wav,19.764956,-23.605524
id_04qv4abenujq.wav,24.831964,11.641603
id_3vhme6rkljk8.wav,-7.4526305,-36.30725
id_5enu5fefig4g.wav,13.970981,36.46915
id_p28wynywbb5x.wav,-6.0117946,-17.350027
id_c3peoiq1t3ft.wav,8.553738,-19.410063
id_w0mmdjwwj5fm.wav,-37.75141,4.031282
id_pwe22n5gqj0i.wav,12.4984865,-22.05405
id_tcn0lf1ijnx3.wav,10.410884,39.200485
id_gd93ufw6b2bk.wav,-27.898525,0.85596865
id_7wbumizqe5uq.wav,-25.260612,-10.174498
id_r0fw2xtim0cq.wav,-36.479324,-8.375671
id_7mw802r5vbqh.wav,-19.847748,4.319104
id_aso285bikqia.wav,56.447308,-1.5237325
id_av016vr7g5uv.wav,19.972256,-7.418324
id_5zk0h58qb0w5.wav,50.558804,-8.625234
id_u5ebh6mnci7y.wav,42.66672,-13.661056
id_mgq2mjzeujvd.wav,7.4071126,21.871214
id_4p3iqfi8wcht.wav,-5.6646066,20.496868
id_dbhyt6c8sg9z.wav,0.85790175,12.7427635
id_5jnqlg9ydxwi.wav,-9.016587,-35.8446
id_kfv0m2g0edvq.wav,23.705156,4.840651
id_qanj7xspevy0.wav,-10.146454,2.9801886
id_4yce0h71hp98.wav,-28.339113,17.136692
id_1o9ol53exqhv.wav,-18.26992,6.2108965
id_u9yd2fuutjxq.wav,-24.454424,11.166044
id_fglh1nuu2fyn.wav,20.283018,-30.916634
id_svwbs6og58bd.wav,-20.104311,-5.916172
id_kw9tj53fucj2.wav,-24.464636,11.23944
id_zt8g7h15360k.wav,-14.6817,-6.976597
id_2h93m6fykfgm.wav,-1.1357927,24.3164
id_nkr21kxvq3k9.wav,48.475227,-9.657294
id_vy4zqgbfe67l.wav,10.005908,35.350346
id_n18aro100dmq.wav,18.728327,-0.8653767
id_auvi9ux6aats.wav,-45.162304,16.49531
id_rwvl01jw5prq.wav,-25.807522,-32.37542
id_29euu0fxmw5j.wav,-6.390668,0.2500715
id_mgxlww2b1yc9.wav,-53.518147,5.961323
id_ozaso8tnv6l0.wav,10.882685,22.815765
id_db6irdplascn.wav,-44.563118,14.119848
id_k4cxz85lpmvw.wav,-41.41685,15.228945
id_3wrw0hik9l07.wav,-35.046356,-3.7163858
id_rsyd6inzcj33.wav,-50.28498,8.636958
id_simgekq82lsp.wav,23.41971,-21.639696
id_5qagomuwe6iy.wav,-23.650913,-5.8697047
id_and08mbfx80v.wav,-35.104774,3.6850693
id_9fwf3aocioyf.wav,14.76285,8.949129
id_h31plco0flme.wav,-12.763967,10.196946
id_8ouy9rigwala.wav,-34.88353,17.052326
id_03gbgoj40xmf.wav,32.167477,-9.834878
id_z2d86p8r4i82.wav,-24.055086,-1.3188244
id_4gbdthllm11n.wav,-0.16171677,20.366657
id_n8er949u5qwr.wav,-44.57402,5.0459833
id_qi5e6fbf32o9.wav,34.76015,-8.484071
id_ydisvxf627g5.wav,-6.1577315,-2.8082385
id_4v4m9q50zgne.wav,-38.19569,-7.144828
id_nwfq4z8zcz9r.wav,-51.159847,6.9322844
id_smtkiilr4v28.wav,49.871906,6.786007
id_169bu2n1892k.wav,-9.500927,-34.13232
id_oa35enkla6y6.wav,7.3318734,31.06228
id_73n755ivrko2.wav,32.87032,4.0135694
id_fz05q7xhg5p2.wav,3.8450127,21.86831
id_5qobln00kf5a.wav,2.9630337,-18.244122
id_xec3x2oeoefw.wav,28.714046,5.0861683
id_7olo9np5y7lz.wav,-17.045666,-2.50086
id_dwpscsrrv9t3.wav,16.37261,-19.199028
id_2rsigmjls3mf.wav,-12.575715,-7.495922
id_2gv46gzuig5m.wav,32.371464,-1.2445728
id_9ykopnerqn9g.wav,11.838638,-0.8511476
id_fkt1qmz90evv.wav,-6.893657,17.813128
id_usbe24qaq2zj.wav,-6.301152,-12.157057
id_drm9nxn63d44.wav,48.238937,-12.962754
id_lk9l4v4n8oto.wav,7.3128953,-6.2172246
id_sbc61ne4a7ys.wav,7.354087,-6.392773
id_ydxyx1phm70t.wav,-7.341449,-19.970257
id_i8onf09fupa0.wav,1.6047841,16.683832
id_cgc2ycqq0lok.wav,27.31157,-13.678974
id_1lfqvu0tzm17.wav,-35.69059,13.008037
id_fzkznja8frvg.wav,-11.115864,-34.227097
id_gt761nff5ef4.wav,45.100784,5.1659236
id_rbeojr4a0uf7.wav,-43.933964,-0.7659617
id_hojx06ejprq1.wav,-42.070885,5.6141973
id_cze9fkz5avjz.wav,42.825977,-13.99292
id_5vzy773cgpr2.wav,-24.266056,4.74227
id_d6k42wlqexub.wav,32.41048,-20.317173
id_pu1lxkz6ie43.wav,-8.379697,-1.2243929
id_snlc878z8yxm.wav,20.112541,-7.3929996
id_1kwmypt6w7ns.wav,1.0961387,21.092941
id_801xij8qyrxx.wav,3.7878563,-16.072805
id_zfcfcxzpb39a.wav,-12.827752,-34.49949
id_j4ekrzmqnvze.wav,6.6125436,24.8889
id_oj93e49jcb9y.wav,48.629124,4.3643255
id_6agex7khfq2c.wav,55.226433,-7.5954213
id_5yfyfzf0g1c8.wav,24.354446,-25.439922
id_syfemfprvnb6.wav,-23.998308,-0.14457232
id_0nnt1c1jb0ww.wav,-8.623973,19.585936
id_9a75rmdtjge4.wav,-24.13752,-2.2336104
id_jau8lr8cqqko.wav,-39.43722,9.0851555
id_c8klybca8kzh.wav,-27.007431,12.82869
id_if8t1w94pan7.wav,40.867718,-12.731634
id_o55alyxhdzou.wav,24.75686,-14.73053
id_v0h1esms6sgt.wav,-23.907045,-7.6114144
id_5ym7luykk2xy.wav,29.603752,8.847957
id_ux7wyqip0oeo.wav,49.991814,2.4864495
id_qlil9t1q7x9r.wav,14.727635,-4.2429585
id_gfhus61l6300.wav,-38.34951,6.50598
id_8ws5x61egevg.wav,-1.5741478,2.032691
id_p8z4fj1xzuz9.wav,-29.376854,-23.28085
id_37zj1oo556h6.wav,5.775264,-5.227527
id_m3q0uzr8ge1w.wav,37.6596,10.238497
id_a3pmmgmca8pv.wav,25.663824,-10.233976
id_32p1el13bwqx.wav,-13.319432,20.046242
id_beqpnbstt014.wav,-4.684515,-2.4461944
id_09yk1xlz73wm.wav,-29.017994,7.3520184
id_m4voy66nxi6l.wav,6.2115297,6.713369
id_d2i3waa34xwr.wav,59.65403,4.1091776
id_kkx07jsz7nr5.wav,21.128561,17.520924
id_n2k9f4nciumy.wav,-31.74567,2.5809765
id_tbbzxy9n6e72.wav,8.951858,-0.4224084
id_hirkpckdk7b2.wav,28.818804,13.549081
id_rov4dfpgzdxq.wav,27.33647,6.087226
id_8z0bmxw2dpd4.wav,3.3553867,-20.064259
id_2h0h7uny06df.wav,1.3784832,23.529837
id_o8x2ahsyfcuf.wav,34.55693,0.41719234
id_8ip0h60imnkt.wav,33.205273,-10.807568
id_clwgq3est1zy.wav,20.533054,-22.884706
id_taki0ypga2mi.wav,-16.94,-2.596331
id_xtwjbcibizfz.wav,10.957028,2.9768958
id_vvpcrv23uege.wav,15.47768,-11.7642
id_f5yzh0otn33t.wav,26.353075,-6.072182
id_ojq0on1hiugb.wav,-53.09882,9.616757
id_gdq23p6xgzya.wav,-1.4003382,16.556849
id_heskmq5sn9f6.wav,48.354763,-3.6492417
id_zi44b1tsl0mv.wav,-10.315868,10.38548
id_3oj2j7dal77u.wav,-35.812134,-17.166317
id_pk7poaz80pyu.wav,22.026312,-21.928493
id_u1k3uiq2cijc.wav,3.942778,25.885094
id_eui48zuwdrrj.wav,-0.81631434,18.564192
id_s6oqpdks8id9.wav,-6.925557,33.278812
id_gpndyj9dnq5q.wav,-11.811054,-31.365948
id_ay9zcb9a737m.wav,-25.901377,-36.66921
id_xun1a85y1t9i.wav,-28.447186,-33.635586
id_rpmuer21zuyy.wav,-52.48951,8.143985
id_ikqrhb9zku8j.wav,-33.948055,-8.080616
id_73ry0uvspsbk.wav,13.076003,-8.790607
id_y808coxysvse.wav,-29.121368,-12.445157
id_5aly5y4f0ihq.wav,-44.250565,8.530411
id_w0zjbgevmybk.wav,-6.2163544,-13.838363
id_amtbp2zrdt2v.wav,6.844194,30.990873
id_xkz8z5pvctcd.wav,32.723225,14.820904
id_86fusq09iz8g.wav,-48.50163,16.788961
id_tbouclvrl4cd.wav,-23.32599,6.2890525
id_esewddw9abqg.wav,9.574744,23.241976
id_ntuwsldb6506.wav,18.242582,5.4841456
id_w7oynmmdjbo1.wav,-9.338038,18.049099
id_9hem52dsvmdh.wav,17.864346,-30.915127
id_2uuqs2pwdcrg.wav,-11.684835,-38.201225
id_sve7dkb8mptj.wav,-17.602394,-6.68321
id_v2okjqke4zmb.wav,-12.559822,7.710152
id_k2duz51ikjrg.wav,12.839764,-8.208778
id_l9bm3ad5oe0l.wav,40.965275,-17.075083
id_66s905f25psf.wav,24.454912,-12.388706
id_ymnaarms2nvd.wav,11.166321,27.676445
id_j0uu2dx8i4qr.wav,7.5159187,28.660885
id_dwmc7pfey5xa.wav,-34.58388,13.477629
id_4u9ga349wjbo.wav,-17.311338,23.678864
id_aj9j98m4uz9q.wav,20.54091,6.0075674
id_g09dylquxayk.wav,18.885517,19.542204
id_igdyf7ms42ul.wav,-20.382584,-6.772749
id_b90xbcdf9dqj.wav,3.0128653,-19.530409
id_q022n07kg3sn.wav,36.377518,3.9772773
id_peqjyodkns0r.wav,-9.7401705,-38.044964
id_rjl6li44m21s.wav,-36.50612,5.0253515
id_n33f4gyld7hk.wav,-14.464684,-7.486151
id_yj6qzu7vgcj6.wav,6.770688,4.6265874
id_fjstah7pnc0g.wav,54.48809,-4.4001417
id_r4pi37axnl8w.wav,25.484032,-17.383303
id_66a5bv4weyig.wav,27.581503,-14.091621
id_7zr5lsaahcdu.wav,29.801897,-12.779153
id_n5n7rv0y1ar0.wav,-37.62934,7.732251
id_s5sfzeb06yrv.wav,-5.019517,-11.269055
id_zyrztnzd2qul.wav,12.741235,2.9287446
id_h3bzrmh0w9ws.wav,-17.558931,-0.11069834
id_7jp0zhso80hw.wav,-20.478985,-14.712164
id_r6mmzdb838cr.wav,-51.49803,11.6411915
id_piouf4mayjp6.wav,5.933072,29.018557
id_6ii1zps6z1un.wav,23.593914,7.3775754
id_d4aggzm19xp1.wav,37.77967,-13.558062
id_ztxj0zaafvgd.wav,19.140577,-14.622687
id_wjro813xbn2h.wav,10.654383,-5.0706935
id_6zky32f2bj0a.wav,8.400887,-2.4988093
id_hngtb77ftgwa.wav,-46.353092,16.380028
id_h4539oe0nhuj.wav,52.705624,14.20985
id_pewfkx63ta4i.wav,37.75563,-1.3184634
id_b2u2cogk1h6v.wav,0.2539188,-4.74962
id_446qmiipkifh.wav,-32.15966,-4.1782136
id_3oeoe9r3pign.wav,-33.88218,-13.60796
id_qpcnmbq9dhzw.wav,-25.160555,22.636312
id_njas808bf0z4.wav,-4.9842887,-0.11298282
id_hzzzpsqwoq3o.wav,-1.4828448,-17.074366
id_map4q70pjdgb.wav,8.040437,-31.092558
id_ovvb2wnclkuc.wav,5.119567,20.059898
id_5ta18s11zpg5.wav,40.803932,-14.041401
id_jtdryobm1anq.wav,-45.026768,10.874513
id_ycj5r0yz4nzl.wav,-8.271049,-34.06461
id_wkk0bpbw9do9.wav,44.546127,1.6422014
id_z3q4ayf8otdd.wav,13.6177845,-8.847428
id_cipds94oxrla.wav,32.284214,-22.198854
id_n8i2i9rknf3j.wav,-40.35101,16.829103
id_7h0407ve2v0a.wav,-21.961874,-4.55938
id_a73vfn22twdm.wav,11.882822,-20.380861
id_n1si61ujqiis.wav,18.020538,-14.541176
id_9kysooszd258.wav,40.77325,-16.78891
id_flddeq4k3v5m.wav,-8.122765,30.660479
id_vo9nfsx311w2.wav,-42.436066,0.15518855
id_0uvjq0t8k5r3.wav,38.111492,-1.2949511
id_ni9z4dj1rkch.wav,-4.5280485,27.754086
id_cglmmworvjz3.wav,29.76483,9.2669525
id_8d48a00flo5q.wav,-7.3540163,24.980263
id_t4bve9r0rq8b.wav,-50.033237,12.182577
id_nhz8baiq0d4e.wav,25.366093,-27.530298
id_jtznh406l2zi.wav,-2.9721844,20.513128
id_gzvbct8ttp7j.wav,-34.28462,-5.7625885
id_wj17bv5a18i2.wav,-19.292269,3.0444448
id_f1lfk227oqto.wav,60.8023,0.15755914
id_x2d89240nf7p.wav,9.62784,18.138405
id_pbw5m68y94kn.wav,32.271317,-15.527731
id_dbfvqtr8ffnt.wav,-48.745243,4.857842
id_fi1pmqpe24na.wav,15.978974,-12.650468
id_c4vzosdjy3g0.wav,-31.56219,9.810813
id_xkxu2i1s1o02.wav,32.71351,-4.4671803
id_9an73fv3g83d.wav,31.521809,-11.575417
id_tbg1vd2edtvr.wav,12.0977,14.405497
id_9h37alvag1li.wav,-41.439316,8.330775
id_dcweohgz4tsu.wav,-27.123009,-19.404068
id_i517xze5v36a.wav,39.84257,0.31981924
id_9mvo2k0n97bv.wav,4.795369,24.353031
id_injlouhxg1hg.wav,-27.229813,-34.098526
id_hk16q6vbxr6p.wav,-44.06068,4.0243297
id_tewe3iyfhpji.wav,47.339268,8.845693
id_w5bdg02qe8b5.wav,7.173904,34.06725
id_dur7cf37zndn.wav,52.051308,14.7465725
id_71hm75cdbak4.wav,18.283278,-2.2829037
id_zrcaxt5exauo.wav,-11.785971,28.34204
id_m7p6eekewgfi.wav,-13.918039,15.459693
id_6kjj6t5dz4s4.wav,-26.744139,-38.450554
id_hgbysxeasumw.wav,7.5030003,-11.01006
id_ycpc7jwr5lpo.wav,7.384042,16.537811
id_ahn6oa0gxis5.wav,-9.306827,-9.576162
id_1fgmsufxpkdg.wav,21.354769,4.501005
id_5dbep6fghf0d.wav,42.843117,-1.6545994
id_r7081y0xtos0.wav,-26.721516,-34.099045
id_5s5ihian5fva.wav,-33.12975,13.24244
id_51uefqfmx9rz.wav,-50.423035,6.5271406
id_ue1lgt7wsjgh.wav,-37.247963,-0.45040208
id_tpudx7rnt5y4.wav,17.548512,27.363739
id_9dtqvzepwb63.wav,-9.206128,-11.487251
id_s4gpgrtb6a1g.wav,-50.101604,-2.731302
id_hgxk47sqmr8w.wav,50.290253,1.8419067
id_59b4wvq3t6e2.wav,15.106892,-6.500942
id_hb6qwucth9b2.wav,-27.318403,4.591972
id_10hv6wfhhz7g.wav,-43.423744,7.497427
id_x47gshlfcoy9.wav,-1.8945501,-10.436925
id_weqnc6puafu7.wav,-15.266767,18.229153
id_qsuimon7ntvh.wav,6.805106,-13.596219
id_5wajviimzv7f.wav,37.5059,-11.57338
id_uzfvl2gmux6m.wav,-3.1786122,-9.619105
id_3amwqazbl4y9.wav,-2.0688925,21.022648
id_edwy74cljdl3.wav,-26.59827,-0.5915001
id_tw7ylhb8un5p.wav,-41.00679,8.997691
id_rj977o1rxrue.wav,2.8867586,-14.669564
id_aagtkxubkqpf.wav,-37.76939,-5.2322145
id_n3gc4h5v81c2.wav,-53.223198,6.59921
id_xlks99i50b3r.wav,19.268175,-19.2733
id_7nfgp5a7fwp3.wav,46.499157,-7.161342
id_9admbsm917ox.wav,-28.669418,13.927654
id_k18jsiu2wqz4.wav,44.74614,10.668327
id_dlnxuz5z61cg.wav,-8.593703,2.4311743
id_usxah42fmi35.wav,1.6289091,30.431166
id_9w9iuirwru6o.wav,-17.866951,-1.185154
id_jiz09p5ucmlu.wav,-20.408142,-13.185575
id_4v8ap7315sx9.wav,-16.718195,22.337746
id_ogeqaemr3bg3.wav,-17.90654,-35.668526
id_z8spxgllon1a.wav,-12.291772,33.025795
id_6mxwx62c6tni.wav,23.974758,12.158657
id_84dub5txii70.wav,-39.656307,-0.8952015
id_f8utjemtmc6n.wav,21.909119,-3.1969962
id_pm8pa4ahiyn4.wav,4.7368426,-20.469988
id_7yuo96qvplv9.wav,56.953743,-2.298893
id_1hry8typiri8.wav,58.74984,0.027570795
id_p89x5f8f11av.wav,55.81068,0.2526297
id_ml99btoy9xt3.wav,-22.579262,8.192196
id_s56xvoran4l2.wav,36.031425,1.7262137
id_2crn2mrqxico.wav,-1.8341491,-22.68909
id_1kmsyljii35i.wav,-8.028029,8.209358
id_pfoykf8qs1jc.wav,-7.0496464,-17.052664
id_7f91xbvh8spl.wav,10.111086,-14.7645445
id_xnqyexcjtczz.wav,14.146866,-21.95476
id_21l10o79qvdg.wav,51.98376,-12.573188
id_et2erv26gg2g.wav,1.3214601,-10.459883
id_hycb5tfa3b9r.wav,18.67061,-30.69293
id_b07vxoz6xdqd.wav,6.3848634,24.424522
id_7d4dms25gv7a.wav,-10.638559,-6.4402366
id_gqg3mbipo36l.wav,-26.100914,5.7484827
id_urmnukvuuzu7.wav,32.905006,-6.1984076
id_lu72023pt7tw.wav,-26.861813,-3.2589116
id_s4w8cvq8m5r9.wav,4.5013433,-3.6523783
id_jzn83vlm09jg.wav,12.94744,-9.330785
id_tf3fx45dvhf3.wav,-28.000885,-9.733435
id_833b0varkgv9.wav,-16.05728,28.796377
id_94z1rxtn5eex.wav,13.808603,22.922333
id_0g5sc48b7r8w.wav,5.5223804,-12.621745
id_zu7epoy0q31e.wav,-27.187828,9.395042
id_uwdxt01nijrd.wav,61.38834,4.8136373
id_jr5jb638ithv.wav,-6.343613,-20.427332
id_edmgvsrdtu3r.wav,15.253345,-24.868864
id_4is67z1txumv.wav,-25.34445,1.4271498
id_ut0mcm0gym19.wav,5.0657077,18.752035
id_0rds13cppi5m.wav,-47.013233,11.213105
id_f222q7qtvsjc.wav,12.110636,-23.658419
id_jeubabq2oi9o.wav,29.121145,-4.604291
id_n3hyjqutup8w.wav,15.787638,-5.667057
id_4zbyi2wmmdql.wav,-5.6555524,-21.97417
id_cs4w6oqhdi9v.wav,-15.004114,-33.980278
id_5bv65bcd3vce.wav,-28.8324,9.508548
id_g563fif4zhu5.wav,-42.457954,7.8019586
id_9o62ubv16j2p.wav,10.57916,19.482647
id_kxbic8yrn4g7.wav,-8.0537815,3.7295933
id_a13dy9i8zncc.wav,-28.004951,0.8571067
id_vwpuz4i9vgkx.wav,-7.8456535,-14.510456
id_ljdlz01pnbbh.wav,36.58331,1.7279458
id_vkb3gx764p71.wav,-17.504065,31.778309
id_e12cioljm5fg.wav,-39.534725,-1.7035139
id_jhvjm9plbiut.wav,-19.279667,1.8698472
id_00cn4kcmk98r.wav,-47.134003,-8.490969
id_3txe9ba7hdse.wav,-2.743587,10.331629
id_15k8lkc7x9vj.wav,11.710601,36.396496
id_mfup5yifi6b5.wav,-29.282364,-5.2391076
id_ytmbth2ezy9r.wav,-31.454199,-34.48388
id_ji9hhxlfd0ms.wav,-24.658796,-1.7932756
id_wga77chh1o10.wav,-31.566212,-13.119192
id_i6hk34wzwakn.wav,-32.891357,4.024645
id_dr3c8w8h664t.wav,-17.301449,5.369645
id_bcerjjn64bw8.wav,34.617466,0.479209
id_4j93jbtsx7ll.wav,-36.83383,6.3989344
id_zeoywzbp0qbd.wav,-27.472893,2.877197
id_u13r6ir6sbsa.wav,47.98123,4.622356
id_yiiunjzt7k88.wav,-9.357943,-5.131051
id_84ldvfqkl16q.wav,-15.695878,-15.80527
id_hqxf01pc53ur.wav,30.497517,-17.646431
id_q2nz2lah0a2w.wav,38.4981,9.635758
id_e4qje03mbvp8.wav,-3.8615925,-37.062557
id_9m9azhmysge8.wav,-0.088622674,28.132477
id_r6vvyabasdhf.wav,-30.933546,16.596851
id_jjpei2u6l2nx.wav,32.87512,-8.664836
id_2mgapraafo2t.wav,31.97485,6.9356246
id_i6ps7d05do3h.wav,-44.462894,8.952355
id_ojxa8071i1n5.wav,-8.4562235,-13.806909
id_wyx32zqvfzl1.wav,-5.5557337,-6.9139395
id_epqgtyozs0rg.wav,-22.923014,-7.5208426
id_3njxhyz4ieuh.wav,-29.328833,5.6188893
id_n6n3ejhrfrnu.wav,18.337765,-24.646645
id_xzo5lt3ssdpd.wav,35.909725,-13.838182
id_ylehl0vdhpcd.wav,45.210987,13.952481
id_8qybemrkfb39.wav,-6.6360745,9.379265
id_7yuqcx130wjr.wav,39.758057,0.43764907
id_sn5zf3bb8ca5.wav,2.987988,-15.201818
id_0jyz56np458l.wav,-36.3167,-0.5121373
id_oe8353w2xjb6.wav,27.332987,-2.8715754
id_c11698pwq9j9.wav,-33.150623,2.3956838
id_61k9l4k2fue7.wav,-21.855932,-4.4479604
id_78yaxftj59df.wav,12.98434,34.458984
id_mg0q6mk6ph61.wav,-41.403034,-6.732805
id_6khyytl5tcja.wav,11.03213,-23.966764
id_efkmat6yqp5e.wav,22.510233,-8.643872
id_6xg9gy9i8036.wav,-29.709322,-34.293713
id_4semjrxvrfrd.wav,15.793139,-21.774164
id_3xv3kz7gtlqk.wav,-33.01479,-12.1661825
id_f1bhdqs5pr2n.wav,-2.5153947,8.020354
id_53w7q7thuvt3.wav,-5.0048556,24.846914
id_gt45539c55n6.wav,-5.5530224,-35.436264
id_fetpuy1tyujk.wav,-9.919793,-29.704092
id_bzvlih2xjnsy.wav,-53.908646,1.8576072
id_i8vsdb2mvclz.wav,37.20864,6.9476376
id_2toxc1ee6ven.wav,20.423805,-7.266022
id_0j7ud1pgj5e2.wav,6.2793846,-10.368435
id_xhayxumxyll9.wav,24.212074,12.625884
id_c48r08b67dj0.wav,-26.517963,-35.096287
id_znz7qcu084sm.wav,-52.20498,12.07005
id_sc6zsndp9k36.wav,-31.357386,-4.52648
id_bsnarmple4cd.wav,27.889435,11.018906
id_yhab5phwm4kv.wav,0.111015506,-19.371014
id_wh9s08lh9wnh.wav,-34.053288,15.394076
id_4z4n9sg2cmwl.wav,-6.561108,9.408096
id_uwkm64jhtagn.wav,45.06583,1.8183906
id_54d0c5chzq2v.wav,2.4068098,5.6714296
id_1d72bz0ncmmv.wav,-2.461346,-0.36183804
id_rlau1qiqnvm2.wav,-19.0997,-0.3267827
id_hslf9h2g3c31.wav,40.306923,2.5823839
id_5dodej20jg5h.wav,8.566854,25.19343
id_w9asari5e86y.wav,-5.3519316,23.46904
id_jhtfc5dfc2m8.wav,-5.661466,14.520805
id_vg6gcad53l67.wav,13.685265,0.44765958
id_a0j6pmpx9oa9.wav,52.974495,-7.2545986
id_bln3iqc57vrx.wav,-24.409824,-14.37272
id_sgaub2w8qc7m.wav,-15.739371,-15.714235
id_mquvxgotnzi6.wav,35.46081,8.081689
id_93agssyzshlu.wav,-1.520671,24.960808
id_ls3ghmvdjn18.wav,47.10864,-5.143554
id_zok499oi2fr9.wav,-27.087889,2.681926
id_lwlx3d7p65k7.wav,15.922322,-5.006121
id_xt2pjfnyonml.wav,25.669235,6.4770093
id_1xzoumfn0oj6.wav,57.015457,-0.49234286
id_vt5z9rq4oy5o.wav,12.188135,14.711492
id_gqb2lp0fznf2.wav,-7.7139654,12.715697
id_yt42jv5i5xcd.wav,-26.825193,-12.534573
id_2occ7idp9d4l.wav,16.022802,1.5833266
id_htc6xgkh7j3w.wav,-6.9188733,-32.81029
id_nxn37xuppti3.wav,10.529944,40.095646
id_35mkfss6bmju.wav,-13.758013,18.853136
id_rx7vw6cjk520.wav,-32.41744,-0.071112394
id_deshokjwh4v0.wav,-3.4450073,14.727622
id_vz7xfmgmk31d.wav,11.316289,-17.400871
id_mxfuhffl8tjk.wav,-51.196636,9.129657
id_t5erw5g91ahs.wav,-20.458555,23.90146
id_ar27vy5b3pv7.wav,-5.013304,-0.40045378
id_reiv0xlxylj1.wav,-13.335575,-16.740051
id_2f2gdmzajibc.wav,-6.6996026,23.120707
id_q6v2cje7qrql.wav,-37.840252,20.03739
id_doaeojk98xc7.wav,56.208023,0.61296177
id_3b08magdq64p.wav,18.529116,20.538624
id_lpckfn0jmlp3.wav,38.53999,-0.9204825
id_y9yx6hxz4jfn.wav,58.06093,0.9676557
id_y0yr1wzqrnc1.wav,-8.826634,24.783045
id_1hz6e5tmm3k6.wav,-3.1860516,6.356979
id_bw0sf4ipjtte.wav,30.468994,13.678679
id_4i56pnwxol3b.wav,-31.63124,18.01204
id_66heh9ihea4l.wav,4.3069186,5.315713
id_qrk3zkhbygxi.wav,-4.6447644,12.372572
id_je2xwkn85diw.wav,31.856352,-13.13536
id_90cs3gcrbvdm.wav,-15.816524,6.544794
id_ob68wxulbssc.wav,-18.30675,-9.316807
id_ahfbx52nwlbb.wav,-47.65613,8.181031
id_nflxbdqlkxqb.wav,12.185135,-2.3207483
id_dekjzvqx2muu.wav,-29.51636,-7.561386
id_k8jsyqs9zjh8.wav,-0.70801985,0.9771602
id_f0sv0jhwp84l.wav,-6.8412986,2.0068223
id_6udcu00kwjsd.wav,30.689537,2.0992148
id_ebwouc9dh9ai.wav,-50.05914,7.60642
id_97duco365yv4.wav,-14.874506,1.8498552
id_c3vpgwyk9z57.wav,50.654938,-9.485888
id_ioa8q5xzq8yr.wav,-44.968346,10.763059
id_rnwc1i7zfsch.wav,35.022324,-12.981927
id_wlqsrpjcgyo8.wav,-2.5088096,-7.802326
id_exbhpn5dqcf5.wav,-1.8209425,17.772697
id_m4vbzdct7411.wav,3.9685597,-16.174295
id_heixq4g34eho.wav,-1.4702688,-13.544839
id_oe2wu2kfrp9p.wav,-28.270569,6.2721186
id_in82kcbokkrh.wav,-12.307018,20.808985
id_0r3yinjho1sp.wav,3.8796892,16.608643
id_l8qou4tdc9qr.wav,-47.097584,4.1443553
id_px1vfsokq0uu.wav,-9.703333,11.185376
id_5ro1uwe9bxk7.wav,-9.280045,22.571281
id_rvw33itc95fy.wav,5.4265614,-17.419498
id_1o6v1puynom8.wav,-3.1827528,-17.58799
id_xzw7r82igr3e.wav,47.505905,-0.9587208
id_rnq8tbt3tzvr.wav,31.116966,-5.278567
id_f3l2kf7yvqap.wav,-41.009647,4.9316807
id_xyuak5kp2zw0.wav,-9.002901,0.8696597
id_tjugwmr0744u.wav,-41.883003,12.302536
id_03j13ry5yo13.wav,20.220224,14.780424
id_a942p72yyue2.wav,8.377489,-4.5288877
id_07mte6awbnfq.wav,-2.1826727,13.924958
id_o8aid9a6gs42.wav,38.552605,-6.4868264
id_xlzbiirsq295.wav,-30.803724,0.1532246
id_se9q72rmdnmu.wav,-34.96773,-9.424107
id_8vtppid9fytg.wav,51.950535,2.2764618
id_lcsg6a1tmg5o.wav,0.28836071,24.849316
id_8jht0664lv0p.wav,43.065567,-7.7884946
id_ngq0ou23j8ft.wav,29.885387,-0.481889
id_i85nebhcujvq.wav,53.889385,3.5211267
id_5x0ht0zjmu3l.wav,-5.2793617,34.464184
id_6wkhgl8a8f8a.wav,-6.5612645,6.4313393
id_9wy5h07fvdfr.wav,10.279548,0.6118747
id_kmsqrdwia7t5.wav,11.291275,12.183105
id_ll43h9imb92l.wav,-3.2833533,-20.92296
id_yqrg05qt73gq.wav,-7.5077276,7.815639
id_i26ny0vtfqmx.wav,-21.135824,14.880319
id_qf5k58s3z7z1.wav,6.346907,-2.9262743
id_ivnkpymzfw0i.wav,0.6801214,18.370134
id_ad1jndvfsvr4.wav,-3.7785666,34.78136
id_heuu73wv6tls.wav,-6.6261964,-37.960693
id_sl3dc1niqpww.wav,15.349575,-23.807346
id_47iplmbhbbx2.wav,60.00752,2.6756835
id_de4wa6s62hzd.wav,-13.565192,0.6988507
id_7so7re7zmheg.wav,-40.416706,7.304827
id_hhghk6yhg7zs.wav,-14.803065,24.897593
id_tb68okcyj5se.wav,5.866665,-23.3838
id_b1zeupufy644.wav,48.16961,-8.472686
id_172scgpa6j7j.wav,-21.331678,0.52924323
id_lqwx4emx15sv.wav,-47.93166,1.372695
id_jq3sz5mk031i.wav,37.69227,-4.1083164
id_1rd1valqahgw.wav,-24.889875,4.4053154
id_t22q3pi1hoc5.wav,-0.98733616,6.930453
id_avbc4jwxzbg6.wav,-29.078903,-10.014561
id_yq956kgwu5ha.wav,-9.689812,28.282513
id_5dqj1ld511kg.wav,9.79042,-27.136433
id_7okeviz8z41u.wav,13.142864,26.176401
id_3l6pjwqwtsdm.wav,33.431572,-6.9085655
id_jzraxxsjwwkx.wav,31.415163,-20.71817
id_z4bsgktw3vgy.wav,13.344241,35.373943
id_5sxyk63i99cb.wav,14.729779,-27.669827
id_5diofx211fbs.wav,-9.492971,-40.530308
id_z3jesip9h54w.wav,7.9039183,1.8664348
id_svoeowfdue9c.wav,-17.77756,18.88388
id_h63r8immvqee.wav,-13.795696,11.955662
id_1a7ortjxaqj4.wav,-0.31282833,-1.3508588
id_u7sfsi9q6wiq.wav,-29.589113,-32.723465
id_etdaz15o5x3q.wav,-32.27553,6.187323
id_bhq93sbm8xah.wav,-47.537113,-1.3205789
id_7rpk9tzzpuny.wav,-16.279097,-8.139135
id_tvrksbsbsh7i.wav,2.3280058,32.386444
id_wcp86nwig4he.wav,-15.97266,14.413912
id_1b2chm7m97ca.wav,-19.610895,-9.174892
id_r1gi5ay1vqxf.wav,-26.747517,-33.669685
id_8jv85kpf6al4.wav,-6.1090617,33.821503
id_m8cyooxvaqew.wav,-25.90146,3.1612492
id_ke9iku0q76f1.wav,-27.75053,-33.014072
id_1w5i2g7yiqim.wav,28.856567,13.535409
id_m8g61cx1u4ha.wav,-18.580526,28.298262
id_6wjuiq6qytv0.wav,7.679453,28.27492
id_qt5v8yhobk5k.wav,48.265835,-12.917364
id_byp380m199nh.wav,-20.860346,8.541679
id_frj8pren0uqv.wav,55.81612,-8.817421
id_fbe9wuv0fxz5.wav,23.050121,-15.564684
id_gt1bu8ij6cpr.wav,11.5831585,-6.3172116
id_8781n53tyz7z.wav,-25.62788,-16.716417
id_crt6lnkcg3wn.wav,8.626252,-0.35642347
id_3wit13cyxzlk.wav,37.13685,13.363231
id_2eggz0p188zu.wav,-33.910007,5.0044136
id_5vt34u7zlel3.wav,-25.440668,-35.49949
id_tzb2yh12h4xe.wav,12.568895,25.150225
id_wbzqm829h2ir.wav,-42.089256,2.3559837
id_9nz95vww3z65.wav,18.991396,1.5332026
id_kbja27bq84kq.wav,14.143105,11.04306
id_xhbm0qskmrt6.wav,28.759287,-12.227471
id_31ogk5zt8c4g.wav,3.629688,14.883352
id_0sorl8u4tk8o.wav,16.041388,-6.3889856
id_egxt8u8bv38p.wav,30.645178,5.2698627
id_vjza0y38lsuk.wav,23.360226,-31.28997
id_4fcclwvlqpyz.wav,-53.33882,9.656547
id_lq1kvpagzhwg.wav,-16.190525,4.5856133
id_6onfy14u6ztv.wav,2.0706575,21.08999
id_nv9tg427jl4g.wav,-21.713106,13.676448
id_9v64xxdbzlwd.wav,-13.739667,11.938416
id_wpe6o56wyyqj.wav,-22.21417,-7.3427525
id_tqsjx3c518rc.wav,-18.305077,-15.2452135
id_fekehmbnshy8.wav,-1.0138441,5.1390567
id_yx7tuduyno4e.wav,-17.233341,3.5441818
id_djzo2b30e952.wav,-4.773502,-7.4135146
id_a5n934nl7sny.wav,-13.26766,-35.70422
id_1ju7bqqkby5n.wav,11.497749,6.6585903
id_w2mhvbd2mwjm.wav,9.178717,40.633743
id_jdxutbgdkgrk.wav,-10.544149,21.241562
id_x3wrnl45czbd.wav,-13.764117,-11.431479
id_ugg18wx1r3h0.wav,56.541637,-2.3505378
id_ezsn58igbhih.wav,8.122887,9.041763
id_7t9x52klwwnk.wav,6.822365,2.599766
id_cdb5n9ghvf92.wav,31.10055,-4.8810306
id_yabo4lfuotsz.wav,-12.993138,17.237934
id_cpumxfmailyh.wav,36.751453,-16.014345
id_ox5wkhuv0kzj.wav,-7.856059,10.358298
id_qhr6re0ujlqs.wav,-10.601108,-7.080231
id_2cx3w18g1j9x.wav,-0.22701612,-19.490545
id_pwvzavl2dl6q.wav,13.153942,29.19971
id_gqybbcl52nc3.wav,-0.57744974,31.99348
id_3nr04cfzog15.wav,-0.8214299,23.272085
id_azgef1qd82i3.wav,8.065409,14.087202
id_lfw2u2ej7wpz.wav,-6.404631,16.027761
id_fnwq0rai52go.wav,-4.774209,31.374292
id_n0c3xzruos2u.wav,-40.26342,-11.814674
id_9ss628ewkgot.wav,-27.416468,-0.30259898
id_0q98zb6cicse.wav,0.43307874,-10.127526
id_e1lwnbrrqmzc.wav,13.208978,-17.085665
id_b5wzl170se21.wav,14.8659115,-8.343339
id_5y7q286af79p.wav,61.65543,1.727992
id_506h959df0ro.wav,-24.795097,-35.455956
id_e1vmvfrgrcvs.wav,6.473777,-26.03369
id_z8v854nqamwz.wav,59.218273,1.492625
id_fcm4kllovl4p.wav,24.23802,-7.4617715
id_9f8x4e6upstk.wav,8.825036,3.813197
id_terje6kzc7hk.wav,33.936455,2.5375595
id_01v7ycmw6imm.wav,-37.932236,9.72986
id_5rtbes1hrfg0.wav,36.212765,5.488453
id_c24q8fri3pgz.wav,-26.445501,20.322552
id_m4ol1zenm2fs.wav,37.86087,0.82073736
id_d2nufj5apxjg.wav,54.009262,1.6016561
id_shwiw7ae6cou.wav,-27.377087,-6.580605
id_egaw9u9cr1qa.wav,7.5281835,39.37285
id_depc4pxekzhp.wav,-3.7001739,-13.312887
id_5rlc5o5n1s1b.wav,62.32638,0.5908001
id_9s26ovhtcp7w.wav,-22.66603,1.5083172
id_jjoerv7cg916.wav,27.651752,-19.861656
id_e6igencrkmg2.wav,36.429554,-25.75187
id_596447eup9oy.wav,-26.732227,-4.9543676
id_h8clthbp98oo.wav,-18.544859,16.902603
id_kr6daxzjinrs.wav,-48.13445,14.528561
id_qzpivo6d0led.wav,-8.710021,3.6811678
id_t60tbp75oczg.wav,-11.592107,3.1863961
id_gjn2u3cvf2xz.wav,-5.7362056,29.067013
id_fu4oeu8yxagw.wav,-31.334507,-0.78935814
id_0wf5s1o2w8ev.wav,37.65698,2.7339318
id_xoiv2ceh5i9w.wav,-9.435783,1.2421813
id_gdhnpb9tk6ju.wav,-28.930805,9.483547
id_nk62wcksti5e.wav,-26.97969,1.0340126
id_9fmy0zlgbxz4.wav,-33.818314,-3.2977147
id_4nl29x8w67uo.wav,-44.302666,16.628937
id_cw1r7kyuwj89.wav,-23.374485,-37.160133
id_sowf8poicxap.wav,2.8651721,0.50294596
id_cw0atars2ki2.wav,3.8298588,12.763499
id_ltggexqidequ.wav,-0.050698586,27.51654
id_kfv40u5w74aq.wav,-16.65154,15.504928
id_b0jyjadp4pkh.wav,18.988522,2.7330632
id_s5mosdj9h487.wav,31.116331,19.434622
id_qdtuf1xl3a2z.wav,14.434123,15.12802
id_36qc0pvoftt5.wav,-51.137505,7.453802
id_9kuvo7i5avm5.wav,34.711853,-11.616039
id_88u561vjuxva.wav,10.3339205,-24.894478
id_0hc8wdnn31eb.wav,16.237543,9.67906
id_zvdz9ufh315s.wav,-19.673841,23.857506
id_yiyqobbrzr1v.wav,-24.071949,19.72881
id_vso41n7b6iua.wav,-9.581929,-33.98207
id_pwmqp1td6k8w.wav,40.729767,-8.906914
id_xxe6pxbh1vih.wav,3.9248533,-26.032858
id_nr2agzca6wvr.wav,-31.166607,4.735772
id_yjooce1llkg3.wav,-14.209904,3.8497226
id_iahtct4bqvcj.wav,19.118708,-31.813852
id_kbgspb4u23am.wav,11.607998,1.3323754
id_3c9v5jm1hmmz.wav,-11.762619,7.4650545
id_9nhsialypfu5.wav,33.754715,-12.594686
id_wq174c4kxbox.wav,-8.468436,5.4233446
id_flehbkhti0eg.wav,16.224678,14.698534
id_rm4p939ggzty.wav,-6.223116,-36.63094
id_cypyyrqecb2l.wav,-6.8248086,16.21254
id_2ffw0em3f7no.wav,-11.186646,-36.684834
id_0pl250m9dm5j.wav,-38.333725,2.3420627
id_g419eeqs1bb0.wav,48.598167,2.8202019
id_gbom56gclpu3.wav,23.42296,-31.43115
id_6lcykyju2a1f.wav,-31.139643,18.567635
id_25k1gx7xcp8k.wav,50.634377,-11.0639105
id_extihiuai0qz.wav,-11.209432,-2.772451
id_0a9r27bb48na.wav,-25.498634,25.09078
id_a4bweeb779z3.wav,51.88647,-4.1668615
id_3de5isyfv5nd.wav,-5.8911276,29.091185
id_6evryhlr4q5k.wav,-22.785757,-4.153378
id_6n998o93irht.wav,-35.40534,-17.306871
id_sdhl1scj68qk.wav,-23.951353,-12.551737
id_oi5ddptg1ckt.wav,21.167046,-17.970997
id_ry7sq4bw46a1.wav,-4.602054,-2.5854206
id_8mhalkwwm05w.wav,22.796595,9.337224
id_qoa7f8xeu9a6.wav,-6.9342456,-35.128967
id_xbjdbsm8osvx.wav,7.066667,-18.007956
id_obmy94ur8o5d.wav,10.172699,5.5403914
id_fh59uuyenm99.wav,-6.055649,-36.90079
id_3q28g0rrl79t.wav,-24.451023,0.62129694
id_6lnhwl1tseen.wav,-38.49359,18.188148
id_9jhh5qilicjv.wav,-4.1745563,14.786117
id_unnf244qewjs.wav,-38.30259,13.563745
id_mwrywe1rjt4g.wav,-37.609146,4.064692
id_oox89jn1a9zr.wav,32.851128,-12.60975
id_g7gt7q60x9fx.wav,-20.30092,19.523134
id_qv6a9xq2r6vz.wav,-33.52192,-17.697622
id_b5a3vsmkz70l.wav,-1.3673234,-3.41129
id_cvoe2wd90f0s.wav,-33.814896,23.726562
id_forg8nanb628.wav,11.553697,-6.5736566
id_0wxcl0zehbjh.wav,-44.082523,16.255192
id_0rwk70xuzujr.wav,47.11104,-6.705541
id_i067jc4v2fxz.wav,-3.5380619,-13.422941
id_c38093r5atk7.wav,8.117493,40.814262
id_jdn3dwxbeldt.wav,-2.921678,-24.029123
id_jhr81qgdnztn.wav,21.858202,-22.552425
id_tj1zs66a1rmp.wav,-48.89519,10.6208315
id_a1x8mlwzetfo.wav,29.732046,-1.1954678
id_trb1i5i8633z.wav,39.934982,-1.7313845
id_p08md7qbnzlz.wav,3.0901232,-12.847661
id_t7zrm8kgebn2.wav,-29.278095,2.0718832
id_4phgwcyug8r0.wav,29.530277,-21.536068
id_0yxi8s4d6f95.wav,43.56826,-0.3988154
id_4ghvrnt32pz4.wav,4.747047,18.767397
id_uwfvfv5644lr.wav,-19.03583,-1.8624816
id_57h6eu6h111s.wav,9.677078,-27.248056
id_kstrzx615274.wav,-20.121958,20.094345
id_hy4bogigkb75.wav,-21.85452,11.1595545
id_2umc263t0mkj.wav,22.664385,-17.65257
id_4zu9um5qtb5s.wav,-45.956417,0.75737613
id_vwnpqdg7xz7b.wav,14.996335,-14.575879
id_ipurvwi8cujh.wav,6.3798637,-20.600744
id_lmh1r56kmqm1.wav,-31.076326,-12.557566
id_qyqj1jczxiji.wav,48.114815,-14.41098
id_ih5tqogqzs88.wav,10.948364,-10.284904
id_p3ica0wyw7cs.wav,-32.339314,-2.3281894
id_9gkg1o4pjle1.wav,13.946012,26.890574
id_h70v1upj83zl.wav,3.2934134,-6.8571777
id_2dd7jya7rdx4.wav,10.426447,0.7384404
id_x7opmzd1zkyq.wav,3.1044948,-18.117935
id_iqglqsjaogo0.wav,16.677235,-30.452547
id_3jan432i3dai.wav,-48.39145,1.8849294
id_led9ljp0mzx2.wav,13.319698,21.543844
id_861q3fyp9a6r.wav,21.098372,-1.1741652
id_1gt07oj1wsxw.wav,22.45851,7.240918
id_jctg4jaknwq9.wav,21.12034,-1.1431745
id_ohj7j97z85ec.wav,23.08126,2.7637987
id_43eme1y1ckmj.wav,15.127331,-24.910475
id_8lde9l9y724b.wav,53.032726,-6.9492693
id_3br9ywygak8i.wav,27.161009,-2.864606
id_jq4oiu270xk1.wav,-18.113089,17.099955
id_zf5ku6kbcgbu.wav,-23.210705,24.944796
id_8a7i45e13z5d.wav,11.719217,-3.9113467
id_zaix54zrc9pz.wav,-10.634294,-37.268867
id_is255lu48czn.wav,4.2376323,6.5787106
id_yov0g91b2cto.wav,41.216198,12.713044
id_am3s54mtx10h.wav,-4.253059,6.1440883
id_fkp3ppeph4mi.wav,39.18469,2.1977408
id_qbey3wog334x.wav,-40.408745,7.415946
id_gg9sj8kaq94l.wav,9.532156,-8.665277
id_j8uibxhonew9.wav,38.412075,-2.6374269
id_cwwsj03y1851.wav,60.944736,2.0283246
id_ig3m0k08xzp9.wav,-37.82995,-5.309052
id_qd9wfzwggis2.wav,37.727726,2.5952182
id_hdewz5eb9i8s.wav,7.833404,26.389866
id_iga1q821bc23.wav,30.364334,5.8696504
id_mwutny9klu6u.wav,-27.74764,-33.82696
id_9n3k3cvsdv3m.wav,-41.680683,18.735056
id_ahmrg3hf8ulz.wav,-13.335274,0.9057879
id_9f16lff24dbq.wav,-33.39766,1.8717359
id_cr5s0vt9yfyp.wav,-2.9407206,-31.321777
id_kkorak0m9pwl.wav,-17.401278,31.526318
id_b9lizvfhrdod.wav,-8.332617,-33.215443
id_81drplilq3k8.wav,31.540493,6.2523603
id_1unj4avbv0ne.wav,22.309351,-21.815493
id_7h4reqiwm3j9.wav,12.920998,-4.0796423
id_lv1repukn2id.wav,-3.6696663,9.205178
id_zjq7iuv99h7o.wav,23.420673,11.336089
id_hdpgh6aa1a8r.wav,-43.413483,9.469611
id_61k1lxirgcov.wav,20.55407,-5.234298
id_w04b3otq09mg.wav,3.0413244,27.679598
id_wuwxoawstn3c.wav,-34.185734,19.543139
id_4fvyo4mgaymm.wav,14.779008,27.035189
id_5k6vxs4aof26.wav,-9.25361,-35.08088
id_1hoz655dyxuo.wav,-8.826375,-36.7147
id_p2oau0luxhww.wav,16.714968,-11.288941
id_i91g3zjsxsjp.wav,-31.71674,22.737621
id_jp1tjxvnn19s.wav,-36.74956,-8.218062
id_mpx19t33vdie.wav,41.55067,-6.590539
id_p01io1y0to7w.wav,35.627213,-6.239364
id_otyapezu5vzc.wav,33.92288,0.56186223
id_7yz9q65zmt7o.wav,-15.313455,-36.00893
id_9ze5g8403wcs.wav,7.61017,-14.177786
id_0azqblnuutdw.wav,-35.44452,7.956235
id_oal51gwn78qv.wav,-14.409028,-29.869013
id_403k3cg33626.wav,11.040908,41.193993
id_v23kn9by3fb7.wav,43.67744,-4.031597
id_t1gxyt89ob1o.wav,-16.642586,0.2669297
id_krvca62bonfh.wav,-43.279015,11.15426
id_20ivv7yv7o7e.wav,18.938915,-0.21236847
id_omg88ehokpqt.wav,-14.801848,-6.801848
id_renyw5n3ug73.wav,-11.934504,-35.784676
id_uqsbtcg0wpt1.wav,31.278963,-20.766891
id_y7n01eh70mw8.wav,9.493795,10.552408
id_ogtly0k32akk.wav,-25.141174,0.385109
id_ufvabyte3jbh.wav,35.60579,3.6389358
id_onw3vqsg4s7v.wav,-13.022859,2.4314325
id_qbe85f3t4cav.wav,-9.835202,-35.461796
id_52bb55fdl38u.wav,13.804744,6.96414
id_g8uheoyxf3ql.wav,36.725388,-12.508249
id_xhtboznshdvs.wav,-53.642403,6.2033987
id_052d2n084g6e.wav,33.340523,-2.5021417
id_imrgicntbqbr.wav,-9.252323,8.967003
id_1ee5v6u6c9lw.wav,26.67908,-15.5362015
id_5qae75d6o7u2.wav,-17.169434,23.466154
id_n0rjkpe8r2po.wav,21.739107,19.214874
id_0r7awrawc36d.wav,-8.025354,10.321927
id_rrr3gn602kut.wav,-49.666275,11.51367
id_oft79ndneun4.wav,-6.1739535,-13.780283
id_ea5gvr56h0f2.wav,-23.945374,-35.17156
id_uz5fxtizfclq.wav,-24.828426,27.207539
id_c60wpkfgs9k3.wav,-1.709171,28.043402
id_h7d0gfx2wm73.wav,16.77302,-27.391613
id_qcakejjknfsw.wav,-30.68504,-11.157084
id_jrfshnwdidqa.wav,-15.610785,-15.7181635
id_jiomxrcxrpsc.wav,-8.445213,-35.11143
id_5yfzsgchpxf3.wav,-30.88903,3.2106733
id_1fn5d1sy5hoy.wav,50.274475,-8.861264
id_c119s0f3per0.wav,-27.577957,-17.952902
id_onurzbrba3uv.wav,18.113775,8.966814
id_l1k9bpnin5bx.wav,9.619091,-10.203813
id_1la687f3j5p3.wav,26.698196,-6.074511
id_x02w4cpx9z0v.wav,-18.844532,0.580048
id_3s4zv1noeplm.wav,-45.16669,3.2301562
id_6gcyp7hpqffg.wav,19.746096,-10.117156
id_t3u7yaflc1ko.wav,14.391912,39.122776
id_cjz8yq10supd.wav,-35.319275,-0.35528114
id_jupqp5k4cw4l.wav,12.403518,-4.5345645
id_mqtcnjq5fqfj.wav,8.035531,-19.056408
id_xmvgyc0cguis.wav,5.5717225,3.9379914
id_96bdnvk7bxs4.wav,-27.46088,18.364065
id_6q4s8cmk182z.wav,6.1739826,-4.4615884
id_pp62hwv5vo46.wav,-52.433044,8.078394
id_eerks9ydf157.wav,-16.346748,26.206335
id_rk44p07348iv.wav,-38.808487,5.4149885
id_vwco2nbwlun5.wav,15.420619,25.378511
id_x0dhreogq9s8.wav,-22.945473,8.737237
id_6b7vc2apvvhy.wav,-14.119131,-30.99275
id_wislj4l55j9k.wav,43.373207,-1.0658354
id_frq8ps54unm0.wav,-41.24786,9.501537
id_ckbanly9aqvj.wav,-35.47568,7.869184
id_1nnv73elkrvs.wav,10.231433,-11.3316145
id_e5a5b7wxosay.wav,30.824543,-0.5112104
id_kvcjraomtgxe.wav,26.777597,10.223781
id_e3upi7uuq9am.wav,12.832684,19.676695
id_0drn03ed7y9u.wav,52.492424,-10.505767
id_hg4v37kwsa9g.wav,-14.900226,6.0271196
id_9pckacd0g3zj.wav,-26.365768,-34.52806
id_6zzq5seczqen.wav,44.67458,8.197493
id_wljrineqw66m.wav,34.502598,6.2597127
id_5q3z2xkj477p.wav,-12.757971,-35.165783
id_rf3zvvvbnhq2.wav,-5.0948043,-22.222197
id_wgpj1590jty7.wav,18.871994,2.7683048
id_xctcd7rijtix.wav,14.006878,-4.6420455
id_0sc1qk8tga2l.wav,32.37438,-20.339535
id_5wo3gxs4lve4.wav,-21.685299,4.116973
id_gkn92tnobawz.wav,60.06491,3.0519464
id_hdaboo3yau2i.wav,-34.906338,17.02822
id_s5r59no9yftr.wav,-30.306118,22.765377
id_igolh47fxnmz.wav,-8.18612,18.889593
id_1tpz9rx2d27g.wav,44.373558,9.295113
id_qf6siymb8v1s.wav,16.216349,-22.063316
id_132bh0mszjj1.wav,-16.655691,10.613399
id_ysplfm575v5a.wav,35.058155,-25.28935
id_v5j8y4lzz50f.wav,15.7634945,6.6488295
id_v296vn6dqina.wav,35.571896,-11.720008
id_bfxbq3aimwfz.wav,50.734497,2.9282534
id_1qwsrg5xrwbt.wav,54.39137,-6.8479705
id_t1tahbt23m9y.wav,35.808533,12.960934
id_rb4lbdt9p5u5.wav,-54.590088,6.488049
id_1q835ieht39j.wav,-31.310617,-6.5497375
id_hwcylsded1zs.wav,44.21016,5.217227
id_nlenwbk65y7r.wav,2.83218,9.86519
id_sw6fkw0sgymm.wav,-7.4112573,25.001858
id_yfjk1oe3swu5.wav,-33.728245,-17.662115
id_lciadgf78ykn.wav,-31.462746,-34.48743
id_p4l05fylbeht.wav,-26.472092,-0.942664
id_hr94bh5q9wez.wav,17.813578,-21.773869
id_lndygg9eh83h.wav,3.0536087,-5.765312
id_f6jh8j9k0fhl.wav,-48.23697,5.948115
id_wpp02p120f5f.wav,5.917133,1.6996751
id_hmdodllrirqj.wav,-3.4236963,4.095506
id_8ii3xrw5x671.wav,-32.91818,6.7200947
id_v16begrbsli1.wav,13.90376,33.40612
id_pvr6tmkoohxv.wav,14.212902,19.517656
id_uo3cuuwxufw0.wav,50.258972,-11.989836
id_cjdee4mrvxeu.wav,16.620985,-19.605572
id_i1v3sjf92ewc.wav,-19.52624,-2.8197334
id_bh7qgquar3i1.wav,32.88661,4.163736
id_kxsilzue946l.wav,-52.46701,0.4573944
id_ju507ixw2fk1.wav,32.558876,-17.797916
id_s6esnuneldyk.wav,21.078547,-17.94724
id_wcku35q7x7hx.wav,-30.2668,-7.8841248
id_1v5wfsshg1a7.wav,-12.406103,-15.396855
id_wdmv71x28qgb.wav,-4.7768674,23.026354
id_rt7r2e4s1du0.wav,-49.958096,5.4347825
id_c9et56rpzifb.wav,-20.182762,7.5896277
id_0n3dnzolbbde.wav,34.665936,5.576268
id_u5js6ytxfv3q.wav,-15.857035,-5.5243464
id_4lyffxy4mtxg.wav,43.92028,-3.565324
id_rzohz9x3f23o.wav,-3.5006583,30.555096
id_kggq783rb2ip.wav,-32.0325,9.140899
id_n4q86rsq29hl.wav,30.259787,-18.741331
id_4k7blv3zepva.wav,7.588359,22.082125
id_tp5t6eljpix9.wav,-8.997469,-36.149357
id_vufwpwiy82la.wav,-28.304193,-2.7810645
id_izcg725mgo83.wav,-5.0085626,21.223505
id_79049ftc2bkz.wav,37.843113,-15.940616
id_h0buv6cdax36.wav,5.943848,35.924202
id_lp7saki4becj.wav,26.597599,15.961736
id_1li2ku75j94g.wav,-8.065383,30.065254
id_1hqdop8jr077.wav,-22.8232,-2.626453
id_xc8ub10i21q1.wav,27.611511,-11.244619
id_5yjjx3ask638.wav,12.637464,-30.530579
id_sucl0pu3d8fb.wav,-9.169171,-32.429356
id_4b92vxq55fwe.wav,28.078077,6.4488034
id_spg3uty9rjv0.wav,-33.402504,-6.382819
id_u7yodv7rxvbo.wav,-50.33706,7.1219583
id_fpfx70rq0fua.wav,-29.48742,27.62809
id_svvmrw52ryba.wav,7.1458964,-15.180499
id_g5v91dy97g9q.wav,-18.384436,22.11554
id_r8u9y2vjn6zr.wav,-0.541507,22.630682
id_hgwjqp04scsi.wav,6.6106167,-13.487796
id_5xep74er3b29.wav,13.697134,27.901356
id_7yasp4h37xt0.wav,36.19544,-24.344315
id_t8gx0vs0w8k6.wav,12.12592,-9.9495325
id_gb24a3tmudm5.wav,1.5470275,2.6165116
id_p9h1hg9c7de5.wav,4.2329426,-9.29808
id_897k2sutr4qg.wav,-10.132998,5.2404456
id_x4e3npzd5tk4.wav,1.0333501,0.88025755
id_zx2mg0bsc57z.wav,-15.285724,12.031652
id_3r10qw08vbbr.wav,-11.396,-12.089393
id_xhq7jxdbjv9z.wav,24.14272,-17.293488
id_bsngwdek5wsh.wav,25.925,15.062485
id_oh6xpep9ubui.wav,-24.05938,-16.44702
id_q7h4uwfsz4fm.wav,-54.01664,1.9425492
id_jvrlydd3ubvx.wav,-23.632635,-6.516485
id_90pizlpc0t7o.wav,38.65533,-8.968938
id_6ar5dj3ebsum.wav,-19.065796,-17.470219
id_i9t25g1mam0u.wav,14.1075,-7.275138
id_kg7d9hl7uy6l.wav,-11.178528,-14.091011
id_9df08n46rdcy.wav,53.847324,3.1893892
id_solcjuh0w6sn.wav,17.94233,-12.270229
id_me2oldhjvjqo.wav,49.735188,-1.5965301
id_khr4zl9x8pek.wav,62.441837,1.8390006
id_56a7xgljt2m0.wav,-20.073225,14.074755
id_whm3uesc0w3z.wav,-1.5125736,19.372635
id_cl5ogexmcmx2.wav,25.197454,14.076701
id_10oyhhl4td1t.wav,50.816452,-11.150267
id_w4zko8isocu7.wav,-22.748093,22.680786
id_nfgdtfnaop6z.wav,-33.219456,-4.3631096
id_rfx4zspwabnx.wav,45.62722,2.4688787
id_vlqaszm3cf3j.wav,9.992584,2.212296
id_qe4yriwwemjb.wav,28.070631,-22.067762
id_ktdrarg1nf58.wav,-2.6829414,-18.943556
id_0sf6b4b7vsrg.wav,-27.4066,8.554773
id_ie95geu63t66.wav,-48.832558,9.4565
id_sjrh07s2ulh9.wav,-34.37405,3.4819646
id_uxrb246okbw1.wav,24.674273,-13.807467
id_mj461jnd11rn.wav,10.443287,32.545277
id_ynr0q6778lyb.wav,41.539127,-13.778252
id_3y2ejb6ohxxw.wav,16.981049,-9.111651
id_muq4ob47z6st.wav,-13.901477,0.5228056
id_5hp81dg8be5s.wav,46.613403,-4.5029173
id_xl69bckh7f6x.wav,-5.01583,-22.232246
id_uxdl7uao2hjz.wav,-34.156334,-5.1196246
id_kdaqoapzc2tr.wav,11.877015,-6.196697
id_w52t2zkrpgc5.wav,-16.396027,26.479614
id_qr6w9rhla6oy.wav,7.8074675,12.149659
id_o9mj3jigqu08.wav,-9.436928,-15.746044
id_33lnbo3s5afn.wav,-11.163837,-14.564074
id_qgkm1kzcigz7.wav,16.393242,-33.354717
id_gwbhk86pkqgl.wav,12.770263,1.4306656
id_8wx1jiwdu9cb.wav,-1.2562687,-23.069506
id_d7htnheuy6wn.wav,17.525076,17.107182
id_36t5xwy2dgg2.wav,-37.647423,7.251245
id_phhtvhnpqizc.wav,-32.65394,-2.8712888
id_s4xxifgzr3io.wav,-39.71356,-12.304309
id_8upzf5d6ntze.wav,9.072571,39.537697
id_44do3yp9e6za.wav,8.567086,-17.760386
id_htx9vb45vk8h.wav,-10.314472,-9.5520935
id_s414mt0fagfz.wav,-13.718581,-9.540095
id_1pbophmb7y8l.wav,-19.185722,32.363342
id_f73ny8khxphc.wav,-2.8342292,1.9727386
id_s02sfvx1qo1d.wav,15.240242,-2.1407583
id_pszed6n3z61e.wav,4.167893,1.8647436
id_mldsa0piqngd.wav,-12.466546,4.4145713
id_nx1rxa4vf5th.wav,-28.68816,-1.62296
id_npt7xn4c7e76.wav,7.969125,-8.602145
id_qwmvhyhrw40w.wav,-45.67352,17.65168
id_m9tmesm3zx7a.wav,11.644402,-24.0287
id_wwrl5i5rre61.wav,4.792618,-2.0107455
id_blg760fw1b03.wav,-23.860495,19.220463
id_jsmbviiz2gcl.wav,-24.834564,-6.20992
id_zn4r49yv5zvh.wav,10.469083,2.5432181
id_bfk9fp7ufjzw.wav,-10.261987,-36.397633
id_oqy9dhu0sdjd.wav,43.310905,6.6074023
id_22w0lz0fa43k.wav,-20.20901,14.709887
id_arnn0mn1gx2s.wav,-45.23578,15.112921
id_m0e18colnz1i.wav,-21.87567,-18.145395
id_l6mo4vmkntse.wav,-14.163203,-37.59366
id_tgw14f3xv424.wav,-35.321182,-0.3404669
id_x1lqwlty7xe4.wav,-8.3354,-38.46969
id_2wyqdsq0oajx.wav,-32.989445,21.609222
id_2t4igu7tslf4.wav,43.879707,4.753769
id_obdqiyjvp9z6.wav,-17.865387,12.175757
id_8vrsyogndaqu.wav,-6.76201,3.2891822
id_q78n1x8g08o3.wav,2.3123982,-24.345572
id_a4bpninzsj6m.wav,-12.596675,27.629313
id_d6xi6uedc7ve.wav,-22.76442,22.699066
id_tni2ofukv2em.wav,13.346249,26.232464
id_8b2fv4fqurr1.wav,-12.903976,-31.092201
id_pwovq4goavqf.wav,8.814779,20.178564
id_18qdpl0oqimu.wav,53.711117,-0.40138268
id_jfsvn2kv57dy.wav,9.500982,-22.352451
id_m76fnilzrycc.wav,35.938805,-19.044268
id_is89bp93hnla.wav,49.9284,-9.097077
id_dxeoia0bfpg7.wav,-11.379258,-3.921046
id_xrcgclaw9g8a.wav,12.103671,9.636909
id_wdur6ms13l3m.wav,-39.561054,-7.835455
id_m5nue756elr8.wav,-44.088764,9.213056
id_qlhz5x0mxumk.wav,-32.606823,-11.451134
id_rurd1t1e4tol.wav,-9.138392,12.506152
id_x82dye5nonxa.wav,28.695719,-20.169271
id_3wzazhlrpq5n.wav,-7.7367463,20.401363
id_4en2cojs0k5n.wav,-39.193024,-5.6849256
id_vmpcaxq1yoic.wav,-40.244637,-4.3421273
id_7e5vu6pd6lkm.wav,15.86443,-28.02521
id_jblr6ktr6x48.wav,-9.904013,-19.695557
id_w5ikop6cxmj6.wav,-45.39003,6.6473484
id_hvzokke0mks8.wav,39.931934,-20.73532
id_w2xk2kiuh85h.wav,-10.450327,-35.4481
id_pknnbdgqhze7.wav,23.56076,-10.50168
id_5z9e2mmj0hmn.wav,-25.021624,-7.9510617
id_gznb39fawkdt.wav,-43.0775,-0.46923077
id_cebrzevrcrmw.wav,-22.41025,4.875432
id_8sckzrnw2ti8.wav,-19.411913,19.443245
id_xhqg0yh19lp6.wav,56.202892,2.3686945
id_hliy67bxu5kh.wav,27.32805,-8.580878
id_9jwsincsjqxb.wav,-36.387238,12.9963045
id_wgucy4dwh83t.wav,-24.609333,13.087749
id_3fee2wtkma23.wav,22.344267,-0.76752543
id_dzkgw1jt5oxc.wav,10.6486845,26.71461
id_hjg1xndevdf0.wav,-18.457335,12.180846
id_6ib5ta59zs46.wav,27.14111,0.48600155
id_i3iwkgjkme9x.wav,20.856693,10.527349
id_1wunkz2ebred.wav,9.186595,39.24705
id_9q1oxshrodwx.wav,51.22649,-0.3116452
id_si00lptmee4a.wav,38.000862,15.235695
id_zqoy2o0zve6t.wav,18.604052,-6.5399957
id_s9z00rs1tgwi.wav,-39.826202,3.864654
id_iunhxpn24h7f.wav,10.797279,-21.798876
id_gmqhus6vjx3e.wav,-24.123156,9.563431
id_v235vddtg1sm.wav,7.563751,-11.529352
id_e8eowdx49hg4.wav,32.430122,-18.483212
id_uumlkzckx9q0.wav,-43.47811,21.213583
id_m233xnl43q7r.wav,-6.1906185,-10.236739
id_k14ze58z9vyt.wav,-4.084676,16.582558
id_28kyrhue1oaq.wav,22.371502,7.1758575
id_dmfx7cnlbfiu.wav,12.433614,-13.624256
id_zbfnf75160ry.wav,45.272186,13.938869
id_abd481tgk9yn.wav,11.383838,41.62911
id_sw82slpwez0b.wav,30.401785,3.6642337
id_ese5dxdwrtgt.wav,13.902379,-4.660298
id_aqkrqidp0fa8.wav,42.33925,-3.108787
id_l73lul19wbev.wav,13.630899,-31.42252
id_x3ht55txdvph.wav,19.551035,-28.930088
id_fbsm9iga61nc.wav,1.1594641,-1.0802836
id_tuqin1rw60cc.wav,11.875997,33.799065
id_ab4x9ik79fkq.wav,-13.99099,30.84154
id_4rnwar4vznfx.wav,9.734792,21.219189
id_2n4gx84x0cl8.wav,-35.7171,17.525965
id_znpcrtg23dcy.wav,-29.792213,-35.71904
id_fpnpzjpl5jrp.wav,30.436163,-9.860111
id_08qmc49cjsdi.wav,3.2163863,28.83884
id_ungdog8wgeaa.wav,60.225418,2.4867136
id_r9cvrbhzd2hr.wav,16.058092,-10.147088
id_q9fzvn0ie4qr.wav,-8.856029,-13.588164
id_oyq0w4nbmji0.wav,-31.930576,24.158058
id_di9m2gmyyirj.wav,-23.142776,-7.590172
id_p3657su2xuif.wav,-30.744965,7.3296623
id_pwkm53rvdcs8.wav,3.917467,3.2347884
id_f3w2kuqrjwng.wav,-53.40035,9.770697
id_avt1uz28kpc2.wav,8.662004,35.36857
id_6v8zm9su8n01.wav,-26.83706,-31.702389
id_o6f09yplmou6.wav,16.296532,3.699115
id_rogb5vjxpgin.wav,17.396326,6.4636683
id_may1gsj7sxac.wav,5.185105,14.842145
id_9sw4vjd4i5pf.wav,35.05196,-1.3647072
id_op9ea23ln0xo.wav,-50.665554,9.69302
id_6mvkne8ydfso.wav,20.216993,12.367016
id_6yd23ej5rwwt.wav,9.274177,-2.5142713
id_tesbm3el5o11.wav,-13.2273855,-13.583623
id_f90oc1jnzbse.wav,36.304928,-7.5760417
id_4opne2cxrzu6.wav,-3.8697696,34.838326
id_zabkht2n4a2w.wav,-11.300325,-15.953439
id_7iszpismmext.wav,39.925465,-20.724785
id_z2hbv4h38cb1.wav,15.305333,-11.489956
id_dc5mxkwqf8l5.wav,10.30127,-7.364731
id_2beg86f1n08p.wav,-2.2392125,-9.953001
id_91kg5l7p9hnf.wav,-3.2708752,-12.187808
id_ro7z5tntme08.wav,5.3021746,10.8767395
id_rt0twzidbywk.wav,-45.364563,-2.6800122
id_91bmjlbx63wm.wav,-37.397373,15.604105
id_az3ul0wqaxzy.wav,48.18417,-14.168029
id_hp6sw9c20eaq.wav,-30.457216,-1.9226493
id_aama005456q2.wav,-48.596653,7.409194
id_0ob70n4arevf.wav,-29.571522,10.88112
id_xrimnrnvd8wp.wav,16.292105,9.710117
id_wc10x6oi4r6l.wav,24.117443,-4.305415
id_3n8b95x59exw.wav,-27.250593,18.677694
id_u9d8r4b9igf8.wav,-12.6499815,-3.670201
id_5uzv1t5kzjj0.wav,-21.40423,28.094706
id_a46pet3qlqj2.wav,60.770256,2.559345
id_3nyaznnpj0pd.wav,1.1198828,23.637552
id_6yh7iggkchck.wav,-10.344621,-18.615562
id_p3drpi921xc4.wav,-29.3076,3.0558705
id_nc83ldehvx6k.wav,38.223618,-11.808725
id_kx88wgu6tode.wav,37.67866,-5.751001
id_uy4dyk2y8itg.wav,47.361267,-7.164835
id_gbjoonl44e13.wav,-16.48207,16.989584
id_j3uh8xdpwgm1.wav,24.299032,12.991718
id_95g921y5hk5l.wav,-2.4349935,-5.310614
id_fzwlec9uy34d.wav,2.5309782,7.8444667
id_saampoboz3gc.wav,-38.117126,-12.982634
id_jendv356sait.wav,-11.929449,21.635738
id_ar170bai82up.wav,11.853496,-4.921833
id_rucidftsjcch.wav,56.390846,2.1973515
id_j09p922to3cn.wav,-19.51133,-4.370496
id_tk22j6xdgxyv.wav,51.000504,-5.9733114
id_xzn25zledcgv.wav,-11.886214,31.747122
id_uvyirc5e6tnm.wav,-2.9997334,27.069798
id_yjvonez9ka7g.wav,2.2227502,14.114382
id_5k2dphlfec2k.wav,57.3894,5.7660456
id_9n5hetpohwsp.wav,40.642914,7.889704
id_nixkamn8js4o.wav,-30.875685,6.86528
id_5fz73bcfhvhi.wav,-8.753705,19.41263
id_50i17ma6pfuw.wav,42.20379,-4.4763403
id_kvz6uqgtts23.wav,17.770924,8.802098
id_a7r3ztw3bvl7.wav,18.797531,-3.8177454
id_pxty0t2fqbyp.wav,30.497757,-11.476472
id_jl5alrl7ep05.wav,-34.23777,17.024643
id_yff6vyqjrs2a.wav,-38.592216,-6.6245775
id_2u82olfn7vgv.wav,-17.21989,-8.187858
id_vp197e2iq48j.wav,-50.12158,12.013487
id_afskpoko8ea8.wav,-22.028051,18.323261
id_5cb9ftsyyili.wav,-10.730792,-18.735626
id_27mtulsaca9g.wav,-36.824898,-9.071187
id_bov9nyxpvo3d.wav,9.125523,-2.4799514
id_4ziolasny1wq.wav,28.911556,1.8705578
id_v4ilg1oxc11z.wav,-12.802076,-31.235073
id_belprd1sdela.wav,-15.955406,-4.7463436
id_pvn92l073fv7.wav,-5.1348886,3.8022654
id_zm930btj4pw0.wav,52.90332,-5.1977544
id_yc3x5rwpzq3m.wav,27.747246,3.5541403
id_2z35cs0s6z8p.wav,19.375439,2.021806
id_afngbfy2bd1q.wav,-27.378109,-18.777185
id_vv0w6du5o2s4.wav,-0.024091994,27.10871
id_nnouhkspdeuv.wav,55.103626,0.9757691
id_6ych2xotb7wb.wav,14.485319,1.0538217
id_qg6p4zhexyrs.wav,-26.369774,10.47984
id_hjzezzou5ghi.wav,52.906906,-4.6120205
id_3yym80t1sb53.wav,8.714696,-12.343034
id_d70n2ic961re.wav,-2.6296306,-1.910914
id_aqoaqk7hcbq1.wav,-40.02076,11.068663
id_ta8l6focakvr.wav,5.1486506,29.009674
id_kalci7a2x4xl.wav,17.998608,-5.4386396
id_b7354yonq4qg.wav,-47.309937,12.408988
id_x3c05ax2lwp1.wav,29.74606,-10.972293
id_lfh3kueok74t.wav,16.170288,-24.242311
id_tsumlqgjrphf.wav,-29.48156,4.655157
id_osuw83d5ud1r.wav,9.747925,-3.8783007
id_p7e7s8evjdzq.wav,62.21865,0.9697116
id_16kqhay4iooq.wav,-24.415215,-34.825375
id_52lvcoiercqe.wav,-7.248457,-18.66956
id_slpwkzjay0w9.wav,-38.319477,-5.8552923
id_clg37pla3snz.wav,-7.311351,14.458081
id_y0l7vc5uhs8x.wav,9.536658,-0.1808964
id_ghwdq6uh77yw.wav,15.358972,-2.9377737
id_f88l231shy8k.wav,35.12095,-1.8838676
id_05g7is2vj1sh.wav,30.642334,4.0480103
id_3sbzf7fgk62n.wav,-48.49851,7.335837
id_h33jm6xcym59.wav,59.06664,3.2431712
id_9ygxihr3rr5d.wav,-28.748337,0.92818415
id_p2xfdx15n1uu.wav,-33.149033,-12.059524
id_w0xtgg7qmz6h.wav,17.56345,11.60896
id_qwasoo54axj5.wav,-34.63009,13.406923
id_h57ucmv86cmm.wav,4.245516,30.536879
id_5f97oz7530f8.wav,45.80174,8.328521
id_on6o0lutuoea.wav,12.110324,17.755587
id_w45c80rkvi2h.wav,23.67801,-10.458839
id_37rxy8ilejyd.wav,-44.889084,-1.0721533
id_e82jojic8yrp.wav,29.272827,0.6772917
id_0n1wd4oqtij5.wav,5.3025217,-17.250273
id_805zhkhgxqwh.wav,-13.297749,28.442047
id_o45bknrzkqsm.wav,-45.813744,8.4863
id_kwcbtws099ob.wav,-29.029364,18.704653
id_sqqigqvscapg.wav,14.702697,35.330605
id_z5k49ldh7prl.wav,-13.4933815,-30.77067
id_zxdsbyl606e7.wav,51.959618,1.1356655
id_jns9cgq769x9.wav,-41.166634,5.3401427
id_l1vys4o6s8g7.wav,2.214359,12.630505
id_2jujmlh69tsv.wav,-24.682459,7.7267513
id_015rhcvf0g0y.wav,-50.161797,6.7661653
id_hiyh9v4mxn77.wav,51.970192,14.812006
id_fsfd0db509v3.wav,-2.5376358,3.0325067
id_occvnmu342oh.wav,1.329927,22.442814
id_mpkun7ncjpq5.wav,-26.461903,-0.17768943
id_zuk6d5c6tp8x.wav,60.830566,5.214412
id_e5ze0nyd4xx2.wav,8.961923,-7.7726817
id_hnut1k8m3r8k.wav,-2.6391263,-14.292071
id_kr078ru2ybae.wav,-2.9380078,24.959839
id_swgxdt14inp8.wav,55.53544,-7.4702873
id_8v2e2gh9deo2.wav,9.2639065,24.591572
id_5nmq6jrdza4q.wav,27.939161,-0.69522446
id_hr9b0lyhjqdk.wav,13.978663,25.399025
id_4alah5ssbd6n.wav,44.065006,16.469328
id_r0z95xxbfbku.wav,12.233261,38.914093
id_u2nwo5hc15gg.wav,8.89066,-25.381458
id_nxaluujop0qk.wav,-18.378733,1.123739
id_o9qs0yr20nqp.wav,-33.370106,7.7557473
id_87dixw9e219y.wav,16.128601,-24.733803
id_hyw8injv42y0.wav,-7.620339,-10.1614065
id_j5uwtvg8j5ei.wav,4.9871516,17.342615
id_ifj709a7zw00.wav,-53.556793,6.2497315
id_irhwvn34bo0y.wav,-30.675203,-12.773574
id_5rxlckyyuv9l.wav,21.797733,-23.346245
id_ztpo6dwg14eh.wav,-40.323715,0.97708935
id_xxqjj52m5ebm.wav,-26.123884,-36.180943
id_817eba49vneb.wav,-22.691156,15.818644
id_5fqeifq0m583.wav,-3.0697896,-4.442775
id_m3itsl1xo8rj.wav,-54.517166,6.516828
id_a7o2b7trerdy.wav,-27.449524,-18.789997
id_qjau1yqiw50z.wav,-33.78284,-2.6299376
id_1p2hi8wt0qpo.wav,-52.041546,5.871806
id_pgxuuk17xpwr.wav,37.046406,-16.501505
id_ujuve8nxxtxf.wav,-13.225288,-29.83331
id_2obi1z15e2mg.wav,31.827036,2.2763638
id_ny3yaiw9k30b.wav,-11.383274,8.945879
id_c212wiqpm06r.wav,-12.417707,-36.130486
id_86yhgs8rxfnd.wav,19.158245,-28.28026
id_t3kfs6wdmlgf.wav,33.83193,-13.764871
id_0j43xndx0wqg.wav,33.284737,-6.349596
id_xsh3vh9wqre7.wav,-38.804363,-6.4105153
id_2vqv9u33zan3.wav,27.383377,9.53677
id_ht7nqabyx1fo.wav,-10.300219,-3.3990123
id_wlcjddfyz1ky.wav,-28.8257,8.33242
id_kilth8oc8fgf.wav,25.28643,-1.5346334
id_q7uoc9lbv49g.wav,10.851114,-25.202864
id_kt4wzpw4p4k3.wav,4.302373,-27.698393
id_rc8tc3vr3528.wav,-30.925774,11.851204
id_wtquvo9fejk6.wav,-46.775486,11.619555
id_9qtimmbivvr9.wav,-2.339725,15.468832
id_v4hhr7mgflj9.wav,40.845734,-0.16626784
id_ra6xbk0e6wo0.wav,5.1576195,15.918974
id_r1tztdd3nx0w.wav,9.812892,2.2519064
id_gdcykjk52ifs.wav,-20.19453,0.46742207
id_h0piuph5nfft.wav,-4.8363843,-15.288348
id_usvqedq3aguw.wav,-16.818655,8.667993
id_tksk8vjw5ck7.wav,-10.408348,26.983955
id_rutlmifnna08.wav,13.642917,-19.92426
id_nfcim4gb6j2i.wav,11.653712,-11.707694
id_hz5i2qubwtii.wav,5.081017,14.451922
id_wsxf4dvewzac.wav,16.676582,-1.375084
id_luv5sii15cuw.wav,35.85858,4.8293915
id_jyxzwy6hqpz1.wav,31.636429,9.4560995
id_t06cia8cn32n.wav,-35.809143,1.5917976
id_k0wh7jtx84js.wav,33.03516,5.192183
id_p0oigtbidzfe.wav,-24.283,2.3759148
id_ft9cmucoefyl.wav,1.2573622,-21.703062
id_kthw5ut3g0de.wav,-12.857235,14.860364
id_14q9d3iqj19u.wav,-39.598362,-4.5577507
id_qu639jrlyovk.wav,-10.782503,19.608315
id_7kalzf8g2hq5.wav,21.771914,-27.127409
id_hba8rrxzcbya.wav,-31.317871,15.899024
id_c07vhos3x6bi.wav,0.4924688,17.839376
id_1nq31kkysp7o.wav,-46.87743,10.185984
id_4byd70k92kjl.wav,11.945144,26.272388
id_gp1uov4vusjg.wav,-43.37393,21.767406
id_vzb3kk3c2xth.wav,16.558578,-17.12556
id_m6scw04qi4lx.wav,0.7016897,-15.404584
id_rl9ze8laoz49.wav,-6.008859,7.8551545
id_lcb8snwbhsfp.wav,-3.5200593,-15.681056
id_yd5ohcfe3mam.wav,-19.40264,11.124371
id_44jsl0vpt5b2.wav,39.49926,-14.088285
id_n1fcerruuwhq.wav,-12.9653425,-28.417234
id_dgjhqldd2su6.wav,4.1506934,31.136019
id_xzr6m3xtfs61.wav,-31.6738,1.8362819
id_lwccwuu7b49c.wav,-12.5566025,-37.464325
id_p2o83qzep1c9.wav,-0.55195373,31.976004
id_o97vo4l5b94c.wav,12.309554,23.23507
id_sevjnb1kbt3d.wav,6.85134,-24.993979
id_ixb9ds8r35uo.wav,25.222464,-26.768303
id_w4v4hsy9dg45.wav,20.924004,-29.08552
id_takq9h1rg4m3.wav,-3.2470264,20.148964
id_1025345v7gry.wav,-45.10774,7.8316917
id_z8qufmxahxi3.wav,0.43291202,19.643969
id_ffwdefh486ns.wav,-10.087631,29.227558
id_44xwi67zevlr.wav,-27.414303,-37.12696
id_cjr4iqlhz49g.wav,-29.131544,-6.202357
id_6ys2o4y3a80r.wav,-27.757267,-10.363668
id_3tu6zpdx3yz6.wav,9.359078,12.154272
id_0wny30qmrtxb.wav,-9.377358,26.964443
id_4h4rs31429ji.wav,60.686573,4.003226
id_ecpb17kbtpar.wav,13.014097,12.421111
id_zg9h0mf51y1c.wav,12.422994,-4.449711
id_qxufg7e8qfj8.wav,-15.625425,2.7708352
id_qabftx74t6nn.wav,-28.476564,-34.755997
id_a50ah4b3103n.wav,29.377764,-7.2905393
id_sm8hu9hx958c.wav,-48.267246,9.130662
id_xr5iyzzzanrh.wav,11.168264,0.4451405
id_9nguicptn9zc.wav,28.916628,-5.3852835
id_ore1uncoocjo.wav,-44.24085,3.9345677
id_n0kf4fj14xz3.wav,-24.97439,14.241174
id_gqpfoayeryxp.wav,13.458458,-7.166454
id_70ngul6vqxa7.wav,39.601852,8.020136
id_pkzcetb1qkps.wav,-31.449411,-1.7192794
id_jv6j42bjy72h.wav,-33.995983,2.3945475
id_0bubpvvlqhpc.wav,10.141761,-15.663518
id_ab7djeuvgxii.wav,2.980538,20.392128
id_ck0f7jjzrb62.wav,24.953377,-8.750891
id_hc4ufhoqigbe.wav,-45.073383,9.606227
id_1otefnp108jd.wav,-44.938858,-4.657349
id_d7kymwur14nx.wav,38.45209,-6.631504
id_6u1u98kkw0wf.wav,-48.560966,13.148855
id_hst0uacjhv0z.wav,12.206852,41.147884
id_j947u7n424ah.wav,-29.84153,-8.874332
id_lltzs8fhbxem.wav,-38.489086,2.54198
id_f4h29mga0lga.wav,-29.842203,23.339785
id_vdabkaxbjinv.wav,-21.991009,8.6926155
id_gbthfnt4w0ty.wav,29.527155,3.1646001
id_d54a90jvy2of.wav,20.16109,-28.370304
id_bk8ulcpnh9qr.wav,-44.673306,12.935296
id_l00e9q3r0tlm.wav,-0.06136701,26.30533
id_m8fqgasaalrx.wav,-14.080076,-11.5524
id_qxduad839ssf.wav,8.725578,25.996897
id_1maaphk2zo6r.wav,-29.467604,-2.4684465
id_kubwxnuuy6mi.wav,-43.725807,14.872413
id_idbws40cm1jq.wav,13.109035,21.648718
id_3a72ey2pydnd.wav,13.178658,-24.989305
id_9jxwbn315bsj.wav,41.851246,4.6507554
id_iay9ew99uvq5.wav,54.20285,6.059502
id_8kriy4cqm8kf.wav,1.474183,7.3263025
id_bceebr77n82u.wav,30.012688,-0.5464217
id_pccow9n7eze1.wav,-14.13389,14.410412
id_k90fespenih0.wav,-38.02248,19.264437
id_fuxrc1hn1cms.wav,23.52465,-1.2212542
id_u6qe47vvnf0n.wav,52.491142,14.551467
id_ta8zpg2e2ctb.wav,-26.998287,-37.183937
id_vqne1h665p7b.wav,-25.726156,-37.32012
id_ryuy2r9dn4ah.wav,-5.7163067,11.558401
id_ungzelxpo587.wav,-20.838106,2.2492049
id_t9jt7x4qm8o6.wav,39.455616,-9.911336
id_swj9qdwxdan2.wav,-26.703985,22.436453
id_i92vyz2o5wqr.wav,-32.200268,-7.9237213
id_on0ucruv0rqt.wav,12.978246,29.42028
id_m63s0kvn3fo7.wav,14.552119,3.0802197
id_yo31p2exwbft.wav,-9.496818,-12.308671
id_4ky1ipdbnp3y.wav,-44.157307,-0.6592508
id_zcv69j7ro6ec.wav,40.081665,9.951973
id_a7dlo0ek2q8r.wav,-10.137444,0.43162602
id_34tesyac293p.wav,33.73119,-6.5878167
id_xetl9327j5mz.wav,-40.382072,13.790739
id_0t2w98zu53z3.wav,10.073837,-12.646557
id_f67d7ky8vysb.wav,41.35009,2.4500544
id_zyekklg3fk4d.wav,4.986845,-14.375092
id_b1nefsjg0fw3.wav,31.121943,19.243473
id_fele9uv6zxj8.wav,-37.352745,3.407736
id_xxct1hhne0p0.wav,-33.229202,21.44561
id_yyum1ouoy9e3.wav,-25.94242,-34.861565
id_2rzmb06d9eq5.wav,-12.847245,18.778095
id_xdpytxi6ok5l.wav,10.409274,16.395021
id_kh8rv76n4j5w.wav,-12.319724,15.671097
id_4w2kcae9ppr2.wav,-1.8963732,11.061011
id_zvs2k33iy4i0.wav,21.068298,-7.9710183
id_24cr50pvhf8o.wav,-38.19471,13.570619
id_mc9o31oe6q7u.wav,23.974749,2.423201
id_50v96vxlekxs.wav,60.826088,5.157751
id_jb0mbuarsash.wav,-21.942053,0.53961617
id_mwk5b4xpfmm5.wav,-48.21049,11.80704
id_jb7u1xdatwa4.wav,-38.21779,-0.21211496
id_5ko1fllrs0fr.wav,47.285618,0.7544016
id_76btewrp7l5p.wav,-23.051012,-12.203908
id_11zmo0d4aw2g.wav,-20.393732,12.29017
id_mljjb5fvar0t.wav,-8.272165,25.273926
id_zrke864qaqoy.wav,38.411232,7.264863
id_p5vb0zpateyu.wav,-30.733341,19.02962
id_c6kwfo9ll39r.wav,-14.63811,9.045791
id_qbkjs5jaji4s.wav,39.2879,-7.373757
id_rsvwrgx6lcb6.wav,58.09034,0.10136018
id_vely75enbkc2.wav,29.358303,-11.0896015
id_mxzyh3l56qs0.wav,4.688808,27.70635
id_kh70vqs8jxo5.wav,3.265766,-2.1373525
id_s7n6b45986zb.wav,-33.298412,-1.2419411
id_5mfo78ikelk7.wav,-37.37215,8.84211
id_u4mhsn66okrk.wav,-14.717988,-6.3753157
id_z757b81ys2hn.wav,20.420498,-5.5997844
id_ir2a4c48dytv.wav,13.501956,-27.965694
id_pxms69ats3ff.wav,18.409073,10.653368
id_t8o7gfkclnlo.wav,10.975393,-1.873559
id_5m2yibfhn7ss.wav,14.689687,-29.408068
id_dkx40zcxwf33.wav,30.891876,14.558945
id_74k4b2h66tms.wav,36.32067,-9.662679
id_ylweythnc8xi.wav,24.26892,-30.30025
id_64t9bbodqif3.wav,-51.092808,4.787286
id_vhgy8w3uceeq.wav,-5.6997795,17.91213
id_1pkxdu6vecda.wav,-16.424313,6.1067996
id_vid07p1r3n3b.wav,-7.0398364,3.1851435
id_m4h70hpvqkae.wav,39.213303,-16.886414
id_epor36n7bdh3.wav,10.785089,19.596794
id_dyck5493haas.wav,-25.037811,15.87094
id_h4v4dpiy7l4y.wav,-10.012304,-4.3124933
id_sdmmoy0lo2r6.wav,6.7805266,27.70074
id_cw0zwcnsoftg.wav,2.078373,33.985237
id_v5xwsh9nmhn3.wav,-4.4518356,20.437103
id_4nn0ijj9up0r.wav,13.402025,-23.049303
id_amitsets343k.wav,-25.443531,29.684488
id_9ak07reekdi3.wav,-45.17455,3.2443352
id_qt4n88i1um33.wav,-38.59561,-10.30131
id_hdbai2wdkrdw.wav,-5.9136157,1.0096688
id_fxl4og7ptjod.wav,13.036951,-3.5046146
id_07ppov73yl2q.wav,12.298271,4.603697
id_a55sm8i3xinu.wav,7.3330736,-17.284676
id_rmdm5j2kienf.wav,49.71542,1.3099414
id_7yq99yz8tc3u.wav,7.3719316,16.78749
id_px2ztm1zqb0h.wav,15.275211,-23.833162
id_q25kg7tdgd6h.wav,16.549994,-5.461021
id_zf3zp667phpo.wav,15.526927,12.73392
id_8axwwjj8jfl3.wav,20.05942,24.15085
id_zaax3uv4292f.wav,7.7469473,-6.792818
id_frsxid5gjsb8.wav,1.0977548,-16.334467
id_orbg7n1flnkt.wav,-48.852795,9.110146
id_aljl02x08d0h.wav,7.423415,2.0069273
id_u2ngp2f94ssc.wav,18.258455,-26.823467
id_er9s20bsjg34.wav,-12.4016485,7.802882
id_q3nrqe7jhjyx.wav,-2.9737766,21.886692
id_arpzxwhl3714.wav,16.328796,16.885715
id_5ui2niq5yll9.wav,-11.859714,13.099185
id_b0090s60q5mo.wav,-14.624138,-13.115433
id_2hc592b81qap.wav,9.483269,34.1666
id_ea88by7h1ri9.wav,46.077965,-5.6974096
id_m4yhk99zpkip.wav,56.808388,0.29000127
id_akrt06xniwwt.wav,12.293015,-13.592046
id_xs89y9axegw2.wav,49.822845,0.41879952
id_ynada2n1kspe.wav,38.165302,-9.770068
id_gjlvxjnawqpy.wav,0.8687275,-15.838845
id_o5lzo8ncu7rh.wav,-11.23095,10.607458
id_jmd85tj1tfdo.wav,17.889877,-24.045261
id_qnf38q1ang7o.wav,-8.300818,-33.802227
id_79tto8fjfwiw.wav,-14.144802,24.386126
id_idsj0gubpvyr.wav,-46.638615,8.135383
id_399n3njaduqv.wav,-26.383059,13.427408
id_5prc3lwxgzl1.wav,41.17405,2.647731
id_ngxzr6iphsxm.wav,20.691784,-5.121103
id_uj7x4wwjcoe5.wav,-7.8720675,-6.485242
id_yqedtsvm6rj9.wav,46.217888,0.7609528
id_4aozzgfhs6og.wav,-37.87021,6.847455
id_xrjhw4ixl9ux.wav,-10.218456,-35.37549
id_1ij74vcnen10.wav,17.84887,-23.050152
id_a0b8t62walsy.wav,18.638206,9.840722
id_xdj1emjyd65v.wav,-45.660484,5.103027
id_a7j8s6x5y9o1.wav,-41.217358,-11.329989
id_lojj33t5aqfj.wav,-12.750576,-4.323999
id_ctcdcixhf4nl.wav,-32.08756,-10.113358
id_rlb6qeqtobq3.wav,56.238632,8.926825
id_b5ez857boyhx.wav,53.400105,-9.435119
id_7sqz1ssggfgc.wav,-39.531483,-7.9087577
id_nz0f4r22knyc.wav,34.3837,-10.503942
id_uh8wrfd6an09.wav,-25.439232,29.736013
id_8c3z26adlmsq.wav,-22.99836,-13.041392
id_jo8wl47wss2k.wav,8.549285,-14.529299
id_9av7kxwofkic.wav,-0.95935553,-12.051822
id_s1rtusftdneh.wav,-11.193761,-15.057315
id_5kozr25crq9w.wav,-38.777176,-6.1258326
id_4huet176wevp.wav,-7.798162,-8.083787
id_i9omy4ouobmr.wav,35.800453,-6.548708
id_2aoxj1d8wvqw.wav,-21.843382,20.883162
id_767106k9h94j.wav,15.307056,-29.49512
id_j0lpay3n0mlv.wav,35.02398,-18.517706
id_g6hsdfwl8kga.wav,26.926062,8.538483
id_hd3lumujpdpd.wav,51.786118,-13.371856
id_idydxrpcbqgz.wav,31.88175,3.2994266
id_rdfw0uf5gpdm.wav,52.901653,14.0324545
id_g9i17jyb5x53.wav,43.164665,2.3650093
id_3p4b7mcsyovz.wav,12.409745,35.253174
id_14a888rxubfn.wav,17.755192,13.402264
id_g7dbo1ck5lur.wav,-11.299394,18.35366
id_ku7c3ou8a6cb.wav,1.6433525,0.6673967
id_05s8qatxqcps.wav,25.913769,-19.38372
id_prc1roplyctc.wav,-25.906279,9.112792
id_2wknh4vuposk.wav,10.47768,4.1391973
id_c70hyu9apoag.wav,25.496967,-18.600462
id_0plej5f4lbcg.wav,-31.060276,-12.411953
id_vy1i8brgjw3o.wav,19.372078,1.0709002
id_j9spcvqf7sn2.wav,-2.2424557,22.580814
id_gvdolfou4xhp.wav,-29.39758,5.6133595
id_rirgxj6qi733.wav,20.030504,-20.94602
id_zlfcanji96h7.wav,-27.440859,17.398691
id_7suuhahiad8e.wav,-10.535071,21.188892
id_i7b3yx89edij.wav,30.016676,5.9258595
id_lduvyw6ck4ea.wav,11.921509,-26.589384
id_q4rwb6udjhj2.wav,55.09034,-8.490575
id_xjggoacrog77.wav,-51.425022,10.48067
id_pglcrdaf3m07.wav,-27.81416,-10.281093
id_zrexdynyesaw.wav,11.174058,13.741137
id_zsy4euj6cage.wav,-10.27584,2.4767804
id_lrduy4kd0l9m.wav,11.475377,-22.834131
id_m0qlwegzlw4f.wav,-43.753525,18.040731
id_3rrcfnee8j5k.wav,-20.915218,2.6868768
id_sjs8y8ck7fpa.wav,24.907366,5.0877643
id_t68f3zo98m7z.wav,9.773329,36.06995
id_lmhc9qnp4llj.wav,-26.454775,-8.792911
id_ughsq2qhi6b1.wav,4.970961,-19.10141
id_1pt4ceg6frfw.wav,-48.554813,6.749241
id_ibvuxstppqpx.wav,0.492259,-5.6932464
id_n1nd14u7u848.wav,35.703304,-0.2408937
id_5i7hzoouny3f.wav,-26.932682,-32.977978
id_6090xr24pzrl.wav,-33.31084,-1.1677439
id_1i067ck161fg.wav,-38.728138,-6.28768
id_tqioixaz6zap.wav,-6.852142,17.81003
id_ij4ykjf2lu6z.wav,20.318426,6.688221
id_iatzadf2xl3h.wav,-10.628655,-34.14034
id_gc1gsrlo0m5w.wav,52.6427,-13.417188
id_w4rcv3550arz.wav,-30.712748,-0.21531624
id_114ti264bsme.wav,-26.088223,2.873038
id_ue9g7804ztlw.wav,-11.23659,-29.450344
id_0209jfho3h3c.wav,-12.043063,-1.4901773
id_niumeh5x3fcz.wav,-10.348036,-38.738228
id_hvdq6hy01dfp.wav,41.647175,-6.836019
id_mpllng5tdj7q.wav,-14.848581,28.744888
id_e6ry5490ucu6.wav,-8.44542,-6.753254
id_3c93skhlwx4r.wav,14.015887,-12.526244
id_xmicfkcwsx3y.wav,16.142132,18.139673
id_f4itqyv6ztb3.wav,-8.9725,9.494995
id_iihfba01m6c4.wav,34.62494,-17.776518
id_9sm2j7k0cqv2.wav,10.275399,-24.741037
id_634gu2bx6dx7.wav,18.01541,-29.865797
id_2m4vb3toz6oy.wav,11.068769,10.057978
id_o2d2ykoyq88l.wav,50.24074,2.284041
id_cbhrhkedajb0.wav,24.52149,-8.637277
id_1zkeysfsoncf.wav,41.88476,-10.489939
id_h03z2rj1k2ti.wav,0.87098646,-12.752244
id_pwexletl4g7y.wav,13.87454,5.938808
id_0lurju3a5cuo.wav,28.974203,-16.922861
id_6gpltzvgxm3h.wav,-16.35154,-8.8701
id_ifdbnlzhtzqo.wav,39.96159,11.451957
id_p21c4arem1k4.wav,35.867577,10.93387
id_3s0lrjmjxcz6.wav,-6.7805204,0.3385671
id_zsw6dt03c4oy.wav,-33.79735,-12.155894
id_phfkrqfvd2va.wav,-24.599308,17.214062
id_qa3bdn0hl4au.wav,-2.1573858,-14.456545
id_o8gqo553qcr7.wav,45.24437,7.0460095
id_ppmuayh78q4r.wav,37.67574,-11.448811
id_k52jtroaa8cx.wav,31.46644,5.186063
id_bkbq9rsmuq8j.wav,16.732534,-27.228392
id_t5ns7s8gocv1.wav,21.796633,17.732922
id_6imavdniztys.wav,-48.16156,9.838274
id_54ryxrykpgmk.wav,-11.224715,16.593739
id_0fh08ayr6x92.wav,-17.185387,18.918024
id_zdy9iw7f5c6t.wav,-19.280445,-12.792466
id_olbt6h56jhrd.wav,-21.84338,-6.007028
id_9a8av82hzwt5.wav,-4.3470845,31.146183
id_6o4gyb9ybzrp.wav,-48.199455,14.075694
id_vk7rcglyfm35.wav,-8.923518,-15.9944515
id_fqk0h15nlb40.wav,36.21349,10.834715
id_5wt0vrzlrwgh.wav,-14.909319,-34.03786
id_myu1h7kpqmr5.wav,-43.119514,6.753773
id_fgtxguvptih7.wav,-26.912537,-17.046564
id_nnwkroqumwrc.wav,-4.1246,35.140556
id_1ztxm5ucc5hg.wav,41.222725,8.169864
id_bvwygbnjfpqk.wav,-12.737842,13.901721
id_qp2exgpeewvo.wav,-27.471247,15.278915
id_5y0elsyvrb1y.wav,32.789783,-13.518292
id_eiwivdxt39jd.wav,62.86864,1.5737925
id_ftem57sjc89t.wav,27.530863,23.41338
id_ln6f7kkqi1ph.wav,-8.841616,-9.583375
id_dnwj0h38577y.wav,-20.20925,-1.2546498
id_9bbz7alxy9wb.wav,12.699991,34.350395
id_nzgf25xd4cy8.wav,-48.963604,9.025561
id_nz096zt4us7t.wav,9.495047,14.909597
id_3lhkgf9dqr4c.wav,-52.012814,7.6508994
id_vf4w9creqbrm.wav,-10.559202,4.9440618
id_3oz0vfuf7xw6.wav,-33.516968,-13.228163
id_gmx8tkpiumij.wav,15.326698,19.07291
id_olwvq70pc4gw.wav,-7.4479566,11.579776
id_3mnqaj2ux725.wav,30.82549,-2.5729208
id_a2zkgtgmao8f.wav,58.515873,1.2562922
id_u4fwyx3l8010.wav,5.541027,19.060585
id_lpxte4vh977s.wav,-27.25768,4.8504753
id_w88o3s1h3t8w.wav,-30.16718,-3.4765468
id_5qkh1q6nvexh.wav,-49.538593,2.5036838
id_gkzjupd1gsr7.wav,-24.898714,-12.210702
id_nmityofqhi3n.wav,-40.692085,-11.704808
id_xj5mat84juyh.wav,-49.753227,2.606279
id_oiqvisx2vorl.wav,7.295199,19.433825
id_ny179ruihwtb.wav,10.110757,-15.235771
id_cd8cgm64i4z4.wav,20.215752,14.81669
id_x7pkadmez53t.wav,-21.129076,17.09714
id_kpbmq5sg0jp0.wav,3.2101007,-3.7496765
id_e2fxgexd97xy.wav,0.4171997,11.106745
id_jdftla65eogw.wav,4.8521657,-21.946781
id_ilkmfbcv2rq6.wav,-28.734522,14.193392
id_xr9apuvtb35i.wav,9.6079035,41.807873
id_0adsbalxnhp2.wav,-39.61326,-12.587629
id_icma48soboev.wav,27.813353,-15.048358
id_4j3e8cswgk3w.wav,14.676171,-8.837315
id_mxd8e0qaffwf.wav,41.56117,12.555286
id_ng6ypw5ey2yy.wav,45.251064,-5.768332
id_r9lsj1i4qk7n.wav,-25.483957,-36.108723
id_l1zr6f6repht.wav,-31.324465,-12.022591
id_yogqeztnbkld.wav,-2.4330115,10.418191
id_bhrr2rp2xep9.wav,-10.622269,-7.2743382
id_v6bdbupic4sa.wav,4.2168417,21.191002
id_9lwqho2wr3v5.wav,-8.965101,20.256783
id_mikph0xgpq7e.wav,-41.5745,12.853406
id_9al9p94omqq1.wav,4.462494,-4.0321674
id_dsz0cj011114.wav,16.723948,-3.3887703
id_j7obvau6r5lc.wav,-20.05554,12.769729
id_e0zjft3pbce2.wav,-49.8778,8.680597
id_xkm0zav0dwxh.wav,-12.760866,-13.515719
id_3ly3rgl0hkel.wav,-32.041862,0.06745383
id_srqxr3dsnexg.wav,40.934406,-8.009243
id_ltunajhgq8zt.wav,-32.63783,1.5211778
id_njasco7rx7m8.wav,-17.579214,20.484505
id_6ivjnyhwrhvg.wav,-19.880362,7.929055
id_g3ur6kbf4u3o.wav,8.782014,42.391544
id_3sq66j3fuo4l.wav,-30.292067,-6.3902707
id_v9qot8npf1hr.wav,-41.23117,-1.8525478
id_rsf7nlh1xnq3.wav,-19.397776,10.294814
id_grz7vwra2oh2.wav,52.709324,-7.83013
id_wesg73e90shx.wav,-11.462816,3.788154
id_f3we2hleis4b.wav,36.02867,7.7192564
id_no8u2tvobi1m.wav,-37.042976,0.8646181
id_jx7mbvyds5pm.wav,-27.64196,16.289343
id_fsmbvj2a9li0.wav,13.278759,-22.440563
id_sx9c63jaui0k.wav,-29.305489,-6.2208652
id_qr3s66u459b9.wav,49.27515,-10.612435
id_j4u9jxt3qows.wav,30.168953,-13.379734
id_svr4u969sv4s.wav,-19.815512,18.292255
id_c71ebac7m7b2.wav,-34.827477,10.446625
id_lkqjkdrv4t2g.wav,5.6757116,-6.971461
id_59s6kxdzbxcw.wav,21.05953,1.4073879
id_y9f2c398543q.wav,32.246796,-15.484815
id_0zmmsigc8qay.wav,-11.423678,-1.0293119
id_33xt09xh6sn5.wav,-36.00167,6.3667436
id_dav1mwm5d382.wav,3.185808,8.977836
id_zj21n1bb8z2a.wav,-11.9988,-18.85303
id_tj4g0fqiu2c8.wav,7.650985,-28.07261
id_gh31vxgncxgs.wav,-3.2066195,-15.475272
id_yw98ixv6h17e.wav,3.896064,18.027872
id_hbjvmj0cdpob.wav,16.587194,-6.9193125
id_7rwtj7s4zl7v.wav,-29.246649,10.566982
id_t8ey9zv3pa4f.wav,8.080497,7.0116563
id_sn4rzxvo7kbx.wav,27.266996,-2.8459222
id_nb4bvwqu32f6.wav,-2.9887388,16.926508
id_vau0wkebslsc.wav,25.326315,-13.532288
id_tyiiy8q1d9n7.wav,-49.18392,11.120434
id_sapxs2qc6pm5.wav,18.299173,-26.9085
id_otzzy6j70pof.wav,-0.6140493,12.937141
id_j6i8e20mrdad.wav,14.995579,-28.247145
id_r09h8q2w6pup.wav,-13.875029,-5.2175627
id_64obgqr6qss6.wav,-3.3260531,11.522905
id_0itjjnswiixc.wav,-43.265842,12.216013
id_jlg45p65eems.wav,-52.88302,9.690488
id_mpv7dgpnejfe.wav,-24.666077,-3.3458042
id_g6ui4xctk8hu.wav,-1.3992336,26.378923
id_vr4lnksn9gep.wav,-38.308735,16.033222
id_zayrunyhdyn4.wav,-1.102948,5.6158576
id_j4ep3uymicbg.wav,39.044025,4.408667
id_90e66gxmks82.wav,24.624548,-20.80024
id_x9oxwwxkb96i.wav,-31.323822,22.734787
id_9fcqw2gfolqw.wav,-19.694784,-5.32986
id_q71c9xumgucq.wav,22.26135,-5.891878
id_3gopniagk4ms.wav,-42.221645,16.884922
id_6w23l98c6r70.wav,-11.133749,-35.466244
id_rmt3z39kqt2a.wav,8.095122,9.079114
id_k07b4nf1idae.wav,-5.5734677,-34.055965
id_c52t02j4lqgm.wav,24.723085,7.357278
id_vc6kbety3bjt.wav,-12.279286,-10.678699
id_i2m6jf1xtwol.wav,-44.7892,5.70429
id_mn67jkfzp4yh.wav,56.23156,8.853333
id_b5xxavk54wvk.wav,-44.501453,7.149081
id_i9trh96vpuwj.wav,-35.329857,18.363392
id_a72xaeqdggbp.wav,30.284517,-15.001832
id_4pu66fizcyax.wav,-35.949577,21.703377
id_cvlpyf4xfmkz.wav,-23.53614,12.894394
id_z5idkrwyr29q.wav,13.300433,19.259129
id_c8577dgo3x1z.wav,-43.49817,-0.7262667
id_7d33xzzvd9ml.wav,-1.7105283,21.841074
id_lobeorpo1d2o.wav,16.445208,-28.641344
id_6bhvp8yjes2q.wav,-30.046736,9.296643
id_cr1sanzd3hfy.wav,-34.196503,11.603436
id_y2srjhqtou6c.wav,51.312748,4.5210032
id_05okk5z91k29.wav,14.6189785,35.848675
id_r5qb1ao6cpzb.wav,-2.0038998,29.689735
id_uht0pv4wmeq5.wav,-9.8144655,30.389666
id_s6cm9xfaxt1v.wav,7.9226103,-22.98966
id_uly4rk9xqb1b.wav,-42.10295,2.892817
id_wbha58xz7c3c.wav,43.168957,-4.416208
id_v18edoedvr25.wav,12.456365,-2.8784633
id_zz1foovk32zg.wav,43.840397,-6.5424705
id_aaowqeym43w2.wav,9.924369,41.79138
id_2hbi2ir8bed1.wav,-4.541574,19.154966
id_qlqkj5dhp9eq.wav,-12.448262,-39.258102
id_57qq31tiel2m.wav,-10.067275,7.178059
id_wlqjfqzlc7jk.wav,-29.724594,-3.5211794
id_gwbud7tglcla.wav,49.134,-8.335952
id_us0uoqhr84f9.wav,3.6509125,15.072048
id_5dyvyhupwyil.wav,-1.1931834,16.92025
id_dlm39v4g4ffn.wav,62.092365,0.61792606
id_bqmj9uwsjutm.wav,13.122344,-17.716099
id_c05et01nrbao.wav,-26.527338,-37.613914
id_qkobkik9qrzq.wav,-9.118461,14.054809
id_busyekledsq4.wav,-43.094975,6.7531176
id_l5k5b7lorja6.wav,-21.513945,27.378147
id_tklp027cg45a.wav,6.296646,20.234758
id_9qzp3nund7u2.wav,-30.630383,6.641964
id_9fh4blwgddx8.wav,23.705473,4.8334193
id_73xl9aes0rgo.wav,38.526226,-17.772438
id_pp4ttrnkdkgf.wav,-0.114370264,4.86166
id_r3gbwz4mxiy9.wav,-37.911186,24.989296
id_pi5c6xbrm8gf.wav,24.807695,7.8477435
id_xdmrc926jjzo.wav,-18.635288,14.474776
id_enrkelzb1agh.wav,-20.763655,4.8027024
id_vfjmaux1unfj.wav,-9.321903,13.813343
id_klpvhcq4438c.wav,-6.4297395,-1.3992912
id_jn38bc9wftor.wav,12.267536,41.554493
id_faok7enuu1ne.wav,32.5218,-8.566821
id_qjom5yjc5lv8.wav,-3.297698,-18.614841
id_6ybt2whk30bw.wav,-5.067118,9.006955
id_k87n1732iu56.wav,2.0751045,10.4404335
id_3k3kl3r96mou.wav,6.0231433,12.571998
id_9la5u1m1chsr.wav,-23.108927,3.2568226
id_mzgeu8maaaih.wav,-5.8505516,16.077942
id_c0r9a35792to.wav,-12.368574,14.536542
id_brwf24pwgl9f.wav,-34.998253,10.9974165
id_s7s3e18pyphh.wav,-34.352585,5.3045216
id_otnyptopsdiw.wav,-11.514294,1.3630475
id_2pkkuc9wjxx1.wav,-29.3835,-23.276953
id_my7w7efc4eiz.wav,34.74282,-17.850433
id_pl4olos7kpgj.wav,4.6246977,29.110159
id_9trvhzl4pgtl.wav,45.87731,-3.0692446
id_gcxevd7mkmyk.wav,6.450006,10.617667
id_de8vpt1smqkr.wav,15.169971,-7.488857
id_gxac79scauyh.wav,-52.34488,12.129435
id_zcn6n6b4j6t7.wav,47.266563,2.6199083
id_icv7dc1m2lrs.wav,50.57792,-3.5957403
id_mwbzcltd42po.wav,-3.7941523,16.932072
id_5nyf2ux6j4t5.wav,12.325263,-2.8696322
id_21vze1ny7etu.wav,18.294682,0.15744983
id_pngamjz9e3ke.wav,21.183008,-12.071016
id_o5ps9a0gbeaa.wav,8.482712,23.209042
id_vp98dmnic44b.wav,9.767305,-24.386547
id_9276znj8ldma.wav,-10.161485,12.375503
id_56coxbl871c0.wav,18.185102,-10.5525675
id_smn1yoglyvhz.wav,44.614475,-8.889547
id_8jwehme77800.wav,-16.519651,10.570346
id_dkjcji4ofxp6.wav,-3.0958996,27.379772
id_wlgp1iwxdqah.wav,-27.093,-19.412476
id_5ir89fokml4w.wav,-54.141903,8.743411
id_x1at41lbsfe1.wav,28.536442,-14.841309
id_j1ds1oh516ff.wav,-4.429807,16.222893
id_7pgrxoubihpi.wav,2.7887692,-6.747413
id_qcht2vd1mc75.wav,-7.1669526,-34.222816
id_d4xfpn6axao4.wav,-21.055513,5.2397695
id_so1c9vym5lo2.wav,42.66894,10.878749
id_i9k0a3o4w7db.wav,-42.327976,16.959011
id_3xhdq222r507.wav,5.2116337,21.089052
id_nkdzdhkud9tr.wav,47.164757,-3.9512339
id_sge0guasg3q3.wav,-23.977715,9.60749
id_izn1krl8uf63.wav,24.63614,-26.930262
id_lyglgngppfk5.wav,-42.12506,5.5985975
id_j6lakqgqa6r2.wav,22.361473,-25.13731
id_94hkg1n8q9ys.wav,0.6381275,-6.048041
id_3daxnv0sox8u.wav,-54.1324,1.451833
id_xor6zrapgca9.wav,39.280346,4.505734
id_ojou06d0zosy.wav,-6.4807673,-5.3259535
id_w1ynpw586mjj.wav,-34.00357,2.2268097
id_p1f54zu5mnga.wav,-17.052105,-2.569938
id_tos5mfzs0el5.wav,6.4574184,16.752064
id_5rgtd8djrdjf.wav,20.642317,-21.095903
id_n66o1vbwtm4o.wav,-19.039055,-2.1116066
id_elyf5s47mwml.wav,30.228207,-22.195242
id_1y45241c0xdg.wav,-28.078533,20.993256
id_998drlacm150.wav,-46.35617,7.114683
id_uiqhmh1pv8ik.wav,31.081833,0.9672267
id_pk54wchc7mk7.wav,-32.483635,-5.0835047
id_ixvuyrjedz0p.wav,-6.8650613,4.540886
id_it2qqayqa7ic.wav,9.748662,-19.143797
id_qg33rgusly8w.wav,47.796124,2.633966
id_2g1b9imw4uwr.wav,-32.31066,-5.185315
id_y9kg3r1ph6vl.wav,-21.986135,-9.193881
id_3fz0wezf35yu.wav,-51.956474,6.255905
id_iavnk56925o1.wav,-21.17404,26.560848
id_j3s83zi70oht.wav,14.610327,-7.306941
id_7yoeziq1rp1o.wav,49.51291,0.41848052
id_c3jqk60v84jb.wav,-24.020397,1.0923082
id_bhug3onllgti.wav,46.601913,-5.0983424
id_b2x765r7ybf5.wav,-8.06927,5.926534
id_pe9t8thefxbf.wav,46.000706,0.95352817
id_ewep8eeci0t3.wav,43.58543,0.4167203
id_xhe0zysz6ctj.wav,-6.61162,-36.08915
id_796790yhcbsf.wav,-48.434185,16.761389
id_6j8ocos8wr2v.wav,61.170666,0.4342471
id_tjgfktz61l8h.wav,-19.598179,32.547115
id_7oywkfu3rls4.wav,0.9649131,27.140936
id_4rj5wq4v206t.wav,-6.735473,-20.527454
id_wgwri94sgyy1.wav,-6.323155,-17.096052
id_jy8t0gqkbsdr.wav,60.78636,2.340359
id_8y6fgf8mqo4r.wav,-44.036682,11.746228
id_4bw97g4jnt2r.wav,-19.298048,-1.3441628
id_rccn48xbdm4t.wav,56.996216,4.7497582
id_4izq1cxeamkh.wav,11.31833,-17.635635
id_7mnr01di9okg.wav,3.1221023,-10.7249155
id_wco8qwdflw2y.wav,41.54063,-11.512571
id_e41hkkvfrd1u.wav,-4.417097,-15.731265
id_64kk8s8b9uix.wav,-36.077534,-2.280398
id_p6lityojcczr.wav,-4.9169717,-10.273741
id_tc73jphd6nx7.wav,-13.231759,-32.12864
id_c2nyjorbv6i6.wav,-7.252361,-3.62185
id_snt2jkd6nl4q.wav,-6.6989665,-8.5988245
id_9cyou9zspfz0.wav,-7.76063,26.512335
id_2hb172lvpp6t.wav,-35.047115,10.8899555
id_zg5r8d3w0vls.wav,30.446175,-17.628557
id_79f6o7fw3qg6.wav,45.678898,2.321263
id_0kqntv93ikec.wav,-50.592533,13.857023
id_x94g6dvzz2y8.wav,12.966085,-25.406511
id_f0tw2c8p74r3.wav,3.474683,-17.58936
id_4jqzz1ekh1b9.wav,37.508926,7.1494884
id_zgq92vqafnnd.wav,-30.165852,-15.388299
id_xjqhwid1hgjz.wav,-32.063873,9.032927
id_wez0d5p7o7nw.wav,-13.971131,12.86562
id_9c9eelh4037f.wav,37.41164,-1.6244127
id_s1vdv2k7pzec.wav,23.011658,-15.943216
id_rv49f04idek5.wav,21.175108,-12.056004
id_5dw3ztj4spqg.wav,-17.859432,-11.557776
id_b0xkuhn8557f.wav,21.560047,5.2917576
id_x9r3i4q1ifx3.wav,0.12618648,35.618298
id_06poxcfxishj.wav,15.8113785,22.479383
id_0knj7xl1b47j.wav,-23.647987,6.2326975
id_mumde96dnvts.wav,23.651358,-17.195805
id_d8ns9mvfmets.wav,31.670053,-7.697136
id_e7wjk4tjr06l.wav,-4.294382,22.156502
id_issqtkgf50tl.wav,-27.571756,-34.871117
id_09yb6k6xebk5.wav,7.8749657,-10.977316
id_7smx4xwqrwhy.wav,-47.135395,-8.489694
id_n6vrd3lm3noi.wav,46.418312,-8.529652
id_ev8w65m741vk.wav,32.328457,-11.888864
id_rcfe9n4m6eqb.wav,59.05286,1.7592895
id_eocs2nc026xo.wav,16.533829,-7.3432436
id_2cknvcbcdkii.wav,34.622772,5.880767
id_sh5mqnmifto1.wav,-20.5369,19.444788
id_wjnh92p5i5a4.wav,-14.084859,16.87918
id_062gn6is0bgm.wav,47.204224,-7.211163
id_u89ydp3i4jw4.wav,7.521871,1.6528201
id_ry77kts8apn8.wav,-19.359201,15.839375
id_4jsf9oobwkew.wav,-43.81709,11.318878
id_q2drmnfcncwr.wav,0.47826642,22.681253
id_7ez4fyhevewi.wav,-44.95969,12.864927
id_xncvo0g3ocv3.wav,12.096212,36.305347
id_28n2eg9p3ed9.wav,40.300877,7.8703003
id_gu09mvqnzv18.wav,18.301203,-18.764908
id_gzig52ijr4yy.wav,-31.433886,22.599424
id_3pdbw37oyxo6.wav,-4.0315433,7.2698574
id_02yh4h2au53z.wav,43.31615,-4.7563148
id_e6zny2bnoclv.wav,33.985065,2.523967
id_8optasrl7z39.wav,58.157795,0.076497816
id_mwk9grio9q1i.wav,-7.317545,-33.088554
id_czwf1qyxy71g.wav,21.107859,-17.915768
id_svq0y3f26n4c.wav,50.8816,-6.0183287
id_e1g9u2cb1kdk.wav,38.677273,-3.7532349
id_4vmcphj7wzsx.wav,38.148766,5.927195
id_olcpgeoj3c2r.wav,-16.69788,10.651546
id_ei6057zwyga5.wav,35.885777,6.604924
id_ge8vvpceb4e1.wav,33.242046,-2.6356077
id_dsfplbpe1rki.wav,21.399466,12.922278
id_bo3q87mwjvo5.wav,-25.446106,-4.304289
id_zvtg1u5dtpuc.wav,13.781971,-9.477368
id_yrcl5gq18chk.wav,14.616384,-28.276463
id_rvxj30vyd4ve.wav,-8.365806,-9.719934
id_92fc5499d0yi.wav,5.931294,23.822454
id_vof3tq73pgg0.wav,17.699507,-9.3375435
id_i4gphn9vcdp7.wav,8.120178,24.905323
id_1qvgwc967jfk.wav,3.307994,-1.7066272
