id,f0_hz
id_nzul5mwfv6vm.wav,124.66219945592546
id_20aa99xgs0ed.wav,96.51288524850327
id_vhifg7bybgzp.wav,182.5838865916618
id_xgskggjqxeiv.wav,123.20686272156854
id_0efhgx6golxe.wav,156.39018134361442
id_byhwq1ziwftc.wav,105.15173802178231
id_clwxz0b9t8z7.wav,159.26710493279396
id_vixyzzbfnfnq.wav,154.63470610374958
id_bj6a3ttl4p95.wav,154.31988357537352
id_iarpqeld38os.wav,99.79297957938954
id_idavrfs27r6h.wav,233.80535922005043
id_ta1ytc871bx1.wav,111.27066494612279
id_ewy8yecuel5m.wav,234.6337276265302
id_fxyt250m8rc2.wav,140.1818014724957
id_lpsmeyuj2555.wav,217.45072642645198
id_71i5cqkkhqlj.wav,161.8647730101762
id_6owrqt6wtx5m.wav,152.2677566992313
id_3u4bhmvilf8t.wav,152.09242431015073
id_ilcnsba13as4.wav,194.42364593403718
id_wug5kndcavtv.wav,221.96634132270003
id_2dx95jkzoejz.wav,134.52431341758137
id_90pph43r621b.wav,122.8739177729223
id_kpqbnogotvbl.wav,137.04803292918115
id_eo2vt8ilokz2.wav,115.16285177135637
id_itkdpo9yhp1t.wav,101.55527898685689
id_8mshkuff9u9a.wav,149.74048337086998
id_yp4i2tgqlboh.wav,158.90525930567156
id_eq0bnl5o3cu4.wav,198.88519353811517
id_4u0208z7w6m1.wav,149.5552987982197
id_5ncegxts20gf.wav,94.26539038001383
id_cl4v1o8k7b49.wav,108.01844067496245
id_yi26mji51g4e.wav,100.35179435094855
id_mk2zy613b0vo.wav,244.38596539863997
id_7ag1n0tp90xa.wav,118.4015409188626
id_jr15effb0pir.wav,267.76669666023827
id_dorl5v6bse1l.wav,210.36036187219682
id_6tgm86i06e96.wav,125.66734339056254
id_qz4hcu0umoyh.wav,210.14978396054198
id_4newl040uzdm.wav,181.0537306759983
id_6gmf4f3o7aig.wav,121.05964745858915
id_obvyrc9fhll9.wav,196.56950740425856
id_jz3ucdvwramh.wav,220.0250932635957
id_lrm9r4zt8dx5.wav,108.45555322007198
id_mdn6aobr92pf.wav,105.83826458998634
id_7o8r82oylpat.wav,104.86119975007176
id_rd7yrzw43vsc.wav,208.69537345462322
id_d83yx79ccoy4.wav,108.91348467749994
id_y4hhckwhzn5t.wav,113.70341023918063
id_ldzwm2lmjvse.wav,132.07392233989486
id_5yvcgc9i5oso.wav,214.7894782288298
id_gqy5dodpb0st.wav,153.65250463075765
id_vvzxb1yx5gag.wav,124.23729068356946
id_87oaz9a8qkj2.wav,246.93501196028717
id_o0qmix19zxkc.wav,195.06064768342586
id_bwwe7ohdws5y.wav,238.6857148300781
id_ioegla3yee4k.wav,131.20161854232333
id_yy6y0jt40mff.wav,201.99400917503306
id_8adolbe9tsya.wav,137.29407418855
id_830ppu4qe9pb.wav,239.6548027334926
id_p8w11anz1gir.wav,131.6056995238033
id_yzhsrfdkl3kl.wav,193.682589581679
id_nnz4qlw3ezas.wav,195.98166143097944
id_t54rk0m5mwoa.wav,137.69608759600877
id_urbm5sfu6jm6.wav,145.97456899917034
id_037hi7s3a8la.wav,134.0211621236941
id_xr6h9mdb7ah8.wav,168.189789558702
id_brz6g95glswj.wav,400.0
id_cpue1ijxno8g.wav,140.62726887769145
id_6qznxlsgi7rh.wav,128.5959061740023
id_obekfv4lwcoy.wav,234.6591207187541
id_yk3xctzpsbkt.wav,144.69266070249682
id_waxbvtaoj8og.wav,225.96201248750089
id_44lznee8c9ez.wav,149.4845618386948
id_m5kd2w03t2lg.wav,243.76253342906028
id_yhkxoqnz30la.wav,147.65734573489942
id_xsyirfuip7hn.wav,96.54276625352807
id_k6x7ae632gsi.wav,134.14795571589613
id_c23nzio7o6sz.wav,123.98212904192928
id_sziahp5dpvtl.wav,198.95957423067182
id_12693x5drnl0.wav,175.3810703643498
id_jeqrmutlsp2d.wav,168.8294850542352
id_8m9ssztkpcbg.wav,100.05940473175413
id_48s5x8b6ihzo.wav,90.10690043755122
id_cy4a9ip6pbrj.wav,130.14872539347095
id_3lwko257r14u.wav,117.60435306989228
id_6m0z2hx369mx.wav,152.05885441625378
id_es5wqle6eb37.wav,179.9020459555763
id_hlk2jd7p534s.wav,201.76718999850624
id_iq28eqmnp014.wav,233.28041482992097
id_pmg89uvhzz7q.wav,107.11223597659854
id_4n81rytif4wy.wav,137.824485183736
id_dr6nwp236t8d.wav,242.02927471195557
id_zhi427kmyfjl.wav,157.54809460319473
id_f1qgh3chi7it.wav,118.38460251108766
id_byeu884y7kwo.wav,197.03974062168498
id_ecd39gerr49y.wav,116.58888953773146
id_m9i0ym7mrf44.wav,169.8641858894826
id_hzo72obgp7rb.wav,143.135500011711
id_fqoirx2zklbb.wav,79.47907302599724
id_w6a4a299a12e.wav,173.40389570414766
id_pll4vw1cdpa3.wav,175.14130314466104
id_0jakfzax43oe.wav,159.7589468514588
id_xzx56mpd91y7.wav,202.35214461062435
id_te7oyrse2zin.wav,94.34152970291119
id_ghykygteyi33.wav,88.8019357165226
id_rh60wbu37m4e.wav,115.96769903157649
id_33zb7jvlr24c.wav,184.23254714248654
id_v8szklm1m4ih.wav,119.52796390803707
id_a565oea8zt35.wav,92.03344015567306
id_2wm6sq5lzkfv.wav,151.6872277342983
id_gz425viwawqa.wav,112.42254493479142
id_385q2v9dcn68.wav,181.7712874307548
id_se33nx8ckzg8.wav,179.53778579482685
id_33uwj9eb5wcn.wav,110.0240959756127
id_xn860zqh17xw.wav,203.8675820438495
id_gbqpxxdrcg3y.wav,224.01977922169456
id_090vpkdgsp0f.wav,125.59518753471315
id_eh1ilyra2x00.wav,184.01235245937409
id_lpstklz51zpz.wav,157.75177839820114
id_i1dlon0nyll9.wav,238.22736224227535
id_7hzjjl1l3vjy.wav,226.12974945831525
id_90kxaeeie1mb.wav,117.41435764481258
id_q4wpcd1ulq9p.wav,98.11705692946552
id_710tsclefl7o.wav,104.91535330245354
id_1uh1rjrqhoxs.wav,206.63660397237862
id_xvz93ipnekwa.wav,131.82382305746617
id_1izzii125db0.wav,295.1292403480151
id_fyn1gia7pu9g.wav,113.24495617805825
id_pn3841u3rbpo.wav,181.60098452391807
id_dbfyn4wlu3qv.wav,198.82032229969582
id_d45stns0l9oj.wav,201.49696056903167
id_rud6460r35x5.wav,118.14682899243101
id_dpvx946ai9sq.wav,204.60069482755927
id_hrm17h8jh93t.wav,238.66626601126495
id_r4l5g4992pcl.wav,146.5197634398706
id_0as8zaj3f7e0.wav,219.76004948890568
id_sov7xl5lboq1.wav,227.64910610471992
id_it5behtmsfu8.wav,213.42253139508716
id_wrm3b40ymbne.wav,141.1299606468139
id_n3dz8s6yhizc.wav,94.48187996428312
id_qbqgmrgv66h7.wav,120.2635717644783
id_zqvhrxeqf9rn.wav,166.11854284357844
id_4jnpmmh4imwl.wav,128.64901477703503
id_58488x5vhql6.wav,205.68828360007706
id_0yn2o7jrnw1r.wav,170.75619349001772
id_fqdz384k2sd3.wav,255.81197694408993
id_sd3xkhisixog.wav,93.69572152742718
id_dtfpsmh1mwqz.wav,119.02867847364921
id_pyljq4h1dk06.wav,110.77897629138673
id_7oen5v0ao3ny.wav,221.02495307924124
id_glmx3wv0suxm.wav,213.83096308694792
id_53r0qxsng1dt.wav,99.08148517913381
id_5z31exr9urcf.wav,223.8736499874291
id_ud00lfsbo78q.wav,232.98001334230318
id_p1hsg76myrgj.wav,103.87255626408219
id_tronykwa6e8o.wav,250.98572218520493
id_hjxmk8dldnik.wav,125.3868002064981
id_0rpsvdfvbc18.wav,119.266210446556
id_w01qk78vteti.wav,152.53423134911304
id_f1zp5wzc8m9r.wav,112.28908428619637
id_syqjwrryqe4g.wav,104.43369671080059
id_nd7ol0aghiog.wav,111.88296505829598
id_fl5q50ap00zu.wav,124.4754399394752
id_pxqvkfr01tzv.wav,120.8577004801329
id_keo1hrr8cv7l.wav,195.19155469973006
id_1y15yyn3ymhp.wav,127.14441431624718
id_b77niqs9exzl.wav,154.60475559289787
id_wx9gvqmlk7pd.wav,175.1795762604935
id_c180vq2vofuy.wav,113.56733338524268
id_7h6ajat6m4yo.wav,108.80505065958405
id_91697eqiiex5.wav,95.22180096093224
id_vvpk26kq3l1z.wav,192.1477994361812
id_3ge0o9n759gr.wav,109.61355069826304
id_czg40sjj6nfi.wav,168.5501805313072
id_8oif8t8z45yy.wav,114.43374741181813
id_b6trhsu70slg.wav,193.1024938732803
id_4e8pojot18z8.wav,158.52343698936295
id_e8090oppcstp.wav,238.40748885983245
id_n5fe33qqvkvb.wav,243.05179497499134
id_f5gf37vkwdjr.wav,224.3444318115972
id_jniqqjpwdei5.wav,182.79636171803307
id_l9a53er9lgfc.wav,132.01138838375093
id_iw02z9hwz6k4.wav,104.51733479797431
id_0zn3oack6hyy.wav,217.372446498139
id_3nb0rzd5q4v1.wav,184.13404333589523
id_2m296j37x3t4.wav,104.24180491200032
id_cisussicd4d4.wav,97.59070961204408
id_xv0v9zzodpfn.wav,214.31885894065275
id_0r56x9samgcy.wav,252.05776156752754
id_m1om6m3lei2t.wav,223.15263911529726
id_rop08ud9jqo9.wav,94.21379432318726
id_1agr9423s1zz.wav,248.59722441937723
id_ci8wbxcjl7uk.wav,155.98073481178312
id_szpia3ltsrjk.wav,150.6665174111937
id_95op2xns4x7h.wav,366.96059439704663
id_pmh3psmwcjap.wav,257.6469233526229
id_rzeuxvglk56n.wav,98.17659655612786
id_ywaknrt9lzm3.wav,159.62329094226902
id_lceaoj1aylbg.wav,131.73031168978963
id_sgdthy18r5j9.wav,308.0663668886904
id_9veklpx04a0w.wav,206.5399467081019
id_c8xurp64t3ta.wav,190.07731340676625
id_da8mlgoov70o.wav,196.33871884017768
id_yqnrxkvuoirc.wav,102.26439625661092
id_0g8u1xbirlkn.wav,191.86600889206167
id_9myeo60xms76.wav,117.93925589519499
id_y0xonbl35of9.wav,246.0112181888614
id_loj3cao4ouob.wav,228.08645940154008
id_vouunsoc1ysl.wav,159.5248067691847
id_dcomrvno0sa8.wav,209.89352333291706
id_rkwu6ocdbsfw.wav,209.05173910297128
id_ks828kefydox.wav,198.43074439080434
id_vk8z1hxjrqpl.wav,209.31281898769942
id_v15kmy54n2d2.wav,215.00471273771439
id_rf0pt8feghep.wav,207.53358478684146
id_dls4ym4mjgu7.wav,167.01908527959162
id_9gpcweccf0ow.wav,114.21026461068891
id_y1okvof6z6mj.wav,122.21548039661559
id_b12sv0nhjhi8.wav,173.45473876008646
id_47bea09uwn6e.wav,110.19317585603731
id_dfosg9ga8wa0.wav,218.90880491773328
id_ayqxbhu3i9n9.wav,169.32229146921406
id_720ll1ijy7er.wav,165.73865375903347
id_fuyspzpeoekk.wav,152.73212892987854
id_wozp7sg0662c.wav,151.1905272993377
id_3o4tslbwf02d.wav,178.56779240514615
id_xf9oj7ebxx3g.wav,221.71147370764123
id_2cisrs45gr57.wav,127.2748923147966
id_4l2tt96kaaht.wav,218.9599752261774
id_8me3g3wgerd3.wav,156.94342160766178
id_se8q270y4mgg.wav,151.8213611528915
id_5pjdzorh1k40.wav,119.53281502033937
id_7byz1le3s8tn.wav,101.98006465140674
id_a4bjnljx52gs.wav,109.08669342591676
id_uhvgzpnpg0p5.wav,255.23112696717573
id_nj39pwaasl9u.wav,102.52407388558261
id_wa5aix9s91n9.wav,208.25755411846487
id_adnjdi2si5u4.wav,156.20057227151574
id_beukdhd0grnw.wav,202.02038639313574
id_1h6vo8fba8gz.wav,133.96443610733365
id_qs76a6w6dy4x.wav,194.80041862557266
id_09nethbsaeau.wav,149.41821167709645
id_0laj56mgm5h3.wav,176.4464121879637
id_fdsizrw8s6aw.wav,243.08896474103858
id_ismvn86we6rj.wav,185.8850570219352
id_evd7xby7fw8z.wav,193.24494486108307
id_uegn3hwrd2eo.wav,105.3742575148556
id_3esgnjkbzg35.wav,144.94512992483303
id_sgah2mvdos4g.wav,106.91556755435428
id_irmta5pf0hki.wav,218.4576846213237
id_gvhn186kwh3i.wav,130.04092650586313
id_0plh7lmm4xdv.wav,130.97003375961728
id_g5qhz1fuoax2.wav,238.9539805252804
id_ozmcxe61xnj2.wav,199.96016841211267
id_xwsb8xlusaaq.wav,326.8858624493729
id_x8zqgpd1hgxv.wav,106.22353172192757
id_t5a91uo9oetg.wav,144.0674091972624
id_hgbtddej63bs.wav,104.05885239540287
id_24u2mnvjarao.wav,156.55414675760034
id_6wkd8x8kb6y5.wav,229.88610090849457
id_vk5godl30rzc.wav,114.25447434938839
id_w5ffja120wyb.wav,191.85715512895797
id_30cs2stw0ei6.wav,218.3801314908265
id_80inn0wkzb05.wav,130.18235715290314
id_jesalmts95r8.wav,108.1503530976307
id_hl204k55hvuj.wav,98.15711834754796
id_u8zgolwmag70.wav,127.65029316263302
id_kdvvqhl70f34.wav,156.05762929036536
id_kvftz2zupp8d.wav,117.796636162073
id_r6fcvel443af.wav,119.1235676032525
id_9no3x3b6hu2c.wav,100.67084171531022
id_8925m3vtl0w7.wav,190.07558184128777
id_qg274aw5ymk3.wav,241.2843928290574
id_e0dnfv6ggbzh.wav,185.28721547563893
id_x04cqytn8h7x.wav,211.02916087990528
id_gc9tjh27qmkh.wav,108.17733560923014
id_maih0d0aw7s2.wav,148.01259413088195
id_7q3auqf46dp9.wav,181.82496719042973
id_cpl3c1bxg2u0.wav,128.6682044068384
id_rur4dgxmrs5t.wav,169.8077464931471
id_98qzlkoo78am.wav,112.79801255695673
id_n7bjha09a4tc.wav,289.033413752522
id_qbuogj3a8wv1.wav,113.74776209329231
id_fxywi03j4a6i.wav,201.5028077149009
id_nddoituuhfa8.wav,205.23716096400724
id_n9hutmr62qsa.wav,72.32790375053068
id_laun2ypbxy0j.wav,239.90949349229544
id_cza0t1pzjj1x.wav,189.6355575434184
id_l5pve4vshynv.wav,202.5762742150334
id_3ueye0th313i.wav,143.7689022896854
id_llyxwan6x9ib.wav,226.095432412138
id_stkl65535rlv.wav,196.5918898025617
id_2cm069q9psap.wav,164.92143633217637
id_e7cz4t8zp3bi.wav,86.06109533885981
id_5hqas66lf9gw.wav,99.99632268366153
id_3b3j18291km9.wav,162.48937046382972
id_9echjbql8ybw.wav,234.76027651477807
id_a2davyfjue9s.wav,142.78570461798216
id_tnbrn7mqurnb.wav,102.67646602961867
id_xuwmh29i7jf4.wav,136.90227562287245
id_ctamqssqlgnz.wav,190.91271039707567
id_i0vmezgoe8sp.wav,157.4844696513347
id_jud80yru7ozc.wav,146.62812756900465
id_yqsyxoy7jbn4.wav,218.20831324703158
id_mawvgiqkg5fu.wav,164.80591826132707
id_vcmfmh6bmz55.wav,222.604614144557
id_owym10jkb4rc.wav,125.5360814421012
id_9vqxiiue9my0.wav,205.87749435510148
id_ewaw96gd4srp.wav,282.65144265488163
id_f168xgix1zy2.wav,210.8823732009028
id_qibuogfz57oe.wav,113.39626737895648
id_91km4rrf8cde.wav,191.22054379866753
id_3c8pexd17hxw.wav,120.5497411636532
id_tgiav3vin4vn.wav,248.00454345954503
id_m4zh9xjilejy.wav,116.53887388292485
id_ms8zyeyy547b.wav,109.47785063002235
id_d86tt17ppv8q.wav,195.38460605163036
id_m81vludrfw3x.wav,274.90314819218673
id_2pemurklavcr.wav,207.22438110822185
id_x6ci9uzmk8jg.wav,230.1321168498828
id_pmsvitbxfq4x.wav,131.21457492434982
id_999i01g5vky9.wav,184.88331736175726
id_uo7uadcn2fvc.wav,137.05641534570978
id_zlqxorfrvppw.wav,130.0490527155041
id_ttoscaav1le9.wav,195.2005369397392
id_fs3xtdik8wjd.wav,238.3236673010963
id_amvqo5ytdzmu.wav,127.4339563640588
id_yk7atyg8eb05.wav,112.59041211257855
id_nspigpdvm6ts.wav,172.4689930543518
id_6ljcok2j07f9.wav,120.36485085847384
id_cobls5w8q948.wav,220.9869482268656
id_n5vyz0fatyit.wav,240.50186309759076
id_37wc2c4doc5l.wav,95.7952804912316
id_xox9ehp1pwnf.wav,139.63899779342051
id_93gfc4dud4du.wav,254.55865972785975
id_mg90v0mjpp8o.wav,154.6653968912084
id_1p06nl07alsj.wav,146.5900499985871
id_3vnmo4woeq3o.wav,127.92839289012436
id_jj60uf2fle0v.wav,78.51884882304982
id_ntbhqknas0ad.wav,133.5747773921318
id_7a737rg5h2io.wav,143.38152704531217
id_nibuyjvbt2fr.wav,109.56843087695637
id_npd8mjfjr44v.wav,244.41301891608123
id_0apfh5fz93v1.wav,262.7491442233702
id_p88p5a1vhzl2.wav,128.5793283673668
id_j48unplyz5xk.wav,215.59994883233077
id_40hja8nyywdd.wav,94.2736650436325
id_hckhccpfvzwa.wav,147.38536551408623
id_3cti04x488z7.wav,159.7671192805778
id_8iotg6c3yrvz.wav,149.73716123354208
id_ca1e1rlyiwa5.wav,177.83009524643967
id_cfkeh6x36kk1.wav,97.91468096185216
id_r7m2e44fptlo.wav,265.6820295016927
id_fvptzbxp6hjw.wav,230.66937363289315
id_k2c2un1wo124.wav,95.17023001636716
id_i4wm36h5jthm.wav,127.33087322718357
id_ifq54h8b42wa.wav,178.92325998748024
id_996icxksn4h2.wav,112.65591209820505
id_k8u4moha573y.wav,149.44050232842295
id_tsgy9tt0gzir.wav,105.20037320329028
id_zrlwcbfl34lw.wav,141.67624575628986
id_u1e98cjp47jb.wav,152.85691675369657
id_2ry6eauufzfd.wav,131.43752014412456
id_m67fbmpekvrm.wav,149.29757337900864
id_hidk630o4ecb.wav,137.18110172329884
id_17jlu6m2k0la.wav,118.68566307507663
id_tmlv501e4lwv.wav,128.97025037957184
id_wbq9ec6u2q00.wav,121.62554545763449
id_5aept469ixxv.wav,114.89212433403577
id_c84hg0o9hvmr.wav,130.247734925289
id_mrb5as033w4j.wav,171.55292567034428
id_1pca3ef7fyf6.wav,208.9073600383585
id_yj1mu48v0pe6.wav,189.7740542478963
id_lz1n81k5lao8.wav,118.16551735818845
id_uhr1078s9cro.wav,247.0615361437551
id_f9u0m1q7uh1t.wav,174.93748652642333
id_u417x7ecandv.wav,213.5741420376147
id_xa69aswwmi5f.wav,238.92254299516395
id_ttax9f0kpx0d.wav,249.6795803692275
id_fem35o39b8qv.wav,269.9881341749042
id_qrmjc2q53ifa.wav,160.71669715906214
id_mk7gl5456k76.wav,104.33850188774854
id_km6w1onj8u1y.wav,216.8060447735982
id_u6asbbej1msh.wav,252.3649045824039
id_dqpq10c6c6hm.wav,263.2888304738514
id_n7a9ge9ge95s.wav,114.79685200909682
id_mylx1tis59h9.wav,202.70796547061937
id_3q62kxbma49g.wav,112.64574526445902
id_suxomp6mhxk8.wav,102.86201966385573
id_z9zj3ypkrqb4.wav,112.2987936650531
id_9algfkobymge.wav,119.39201024941812
id_5z6efqnnbbhu.wav,241.5286870512681
id_9b7j5f1bx9h3.wav,142.92042413844706
id_98nea0yc6hj7.wav,139.89613752873808
id_ot22qlncnhwo.wav,290.48563092472375
id_nfh0tlk17jna.wav,127.39009067316708
id_zp6xupyvninu.wav,81.72810083330984
id_feumcmuoupeh.wav,175.86859829884037
id_r9lf1obkwslh.wav,147.3281308707773
id_wctjbg3g8ehv.wav,182.23062791297463
id_xdmxt237mne1.wav,186.5331330933133
id_82sqsmfamjmw.wav,291.4825175759679
id_lj5jy851eqik.wav,136.41988200855994
id_ukaqjv4y4t5b.wav,248.84218168529827
id_147wp83monha.wav,141.69423994912665
id_v5tmm90dgjgx.wav,94.75773827241889
id_rjlalb8r1r8f.wav,230.9978276425452
id_e2sehuac48lq.wav,249.75110549278196
id_id2aaha81obf.wav,244.23633796769246
id_yqn812fljnu9.wav,178.68805757889257
id_tr8wep93h1go.wav,235.26048080213243
id_sc7fyp1thu2x.wav,172.58605347350365
id_y6dfegje2hr9.wav,103.81604435360249
id_byn3xzfnsy3r.wav,112.85211454329021
id_q9q0wovsxcum.wav,194.66387310071576
id_z6hnmu664s27.wav,114.77457546482597
id_qux9rzi96eeu.wav,133.85393849589337
id_zo4qx0w92lr2.wav,237.8565946262608
id_zyjkvxony41m.wav,232.089619619323
id_rnd6owwk8mfv.wav,163.3454540632024
id_3xx4pol9dbpn.wav,133.81439823542985
id_e27kxvgw6h0o.wav,234.0731910559039
id_emdmuce9klz0.wav,296.631665598171
id_8nubxuowynl2.wav,122.38937921329423
id_qp8wte1v4if1.wav,140.90652176310297
id_jo6f1ef6uoqf.wav,190.4988242035502
id_uxl1j3j54y0d.wav,91.33377330990317
id_70bh729tyncq.wav,229.21406723929175
id_ewtwnduwce0d.wav,110.26754241781478
id_yty5uhlw4i7r.wav,234.09368807797034
id_wxug71xacx49.wav,197.53158257809233
id_wlu4pd772elr.wav,146.71826685067498
id_akchazsbgsvf.wav,133.80218226532932
id_pvaegwba4i1n.wav,212.1284294780926
id_jlmxp80dttyz.wav,177.28409667469305
id_rx4x4kbpowd8.wav,101.98236749538518
id_5jqz43oi87uv.wav,85.24501332195958
id_g8niq1662n07.wav,192.66699431322843
id_f78cls1lk3x9.wav,221.83382682013746
id_69xkivr12erg.wav,252.54744308118293
id_ksqxnkp4pdac.wav,183.78385427993263
id_exincp2hp1hk.wav,111.84225465659397
id_puh6xvv68eo3.wav,115.50965926064077
id_mwamzw2c6i3j.wav,137.37947972126636
id_qruwwpigk99v.wav,129.72065811781744
id_2xejronlc160.wav,231.0439413609962
id_ngup57bbw6q2.wav,197.04307686918176
id_cu7i49j6ilrl.wav,125.82666847981051
id_xf02grhew135.wav,143.03289115002417
id_nlwhtp8hfxeq.wav,219.64182337783782
id_he0ob6dogs97.wav,115.34721864287494
id_ypyewm9khlq6.wav,131.12002898368405
id_t05pnvk9qq7f.wav,175.70707367496794
id_f8ipidfmi08p.wav,148.26474479994556
id_t1da9qa75ij7.wav,111.66735116063147
id_dzqiug5bh3ga.wav,192.78276214015318
id_0ktq3i2jpy2w.wav,105.25327802306933
id_ih8l87227ioj.wav,230.4405171781144
id_8h2qqnmzu34w.wav,166.92813264078907
id_xi8w5woehel0.wav,142.6152295746108
id_4birzk2y5nqm.wav,97.61015532901608
id_gmaozh4gx3tj.wav,133.78659649483873
id_43hskuczqt8f.wav,105.96736775532014
id_nswg7mk7va9r.wav,154.1658967442669
id_azb266350h50.wav,175.99796280333337
id_c7dw6shdeixa.wav,111.38604274432319
id_pub7jdwi5as0.wav,114.15761292793043
id_oxr2xgxjwdof.wav,111.8903893221187
id_6znz10z453pe.wav,140.29569766371696
id_vzpm6dzyyzwo.wav,150.9577048631454
id_q84q2q7bq4bw.wav,254.25327119707637
id_x4z0rpfac3p5.wav,137.86322924592866
id_i30i9o7kvbrx.wav,80.75010656388241
id_e6ymg5ire7dl.wav,229.50546254986955
id_ov8y90pzeu2a.wav,153.81619955677857
id_tiiqh6uq6s2f.wav,255.90404964658416
id_21kh3svcm4pe.wav,142.79676721495468
id_t80o7sz4xdp8.wav,267.3199099377969
id_0tohz5ikljpv.wav,144.33056829456496
id_nu53u7qq2eqq.wav,105.2852431662079
id_n0b19o814lva.wav,221.16328541521924
id_rbs4t6u17ptu.wav,197.02300838122767
id_qtrotyfmkb31.wav,161.4077162627455
id_zlisv15so550.wav,101.90437220854875
id_814fhho3sn0f.wav,202.3157907306806
id_x6tdn33uk9yo.wav,201.8098121873171
id_k7l8oc4xyki9.wav,157.74821387522326
id_yz6kpzaolg5w.wav,178.0508463582861
id_zioknmlje2mb.wav,196.53150713226432
id_a03er93r6nbq.wav,128.29173153427428
id_qhlxzool2zt7.wav,107.1521517798379
id_yuh8kg7eqwii.wav,164.5279968710068
id_rzobe4929vva.wav,171.94101057916924
id_l3qrdjozytly.wav,104.2384559417027
id_xxn9im3phodn.wav,140.75938375780564
id_dhl5kxzw5h4f.wav,91.7263461534329
id_7sanlvwvwtc5.wav,115.16080805566656
id_i7bhjngq0udn.wav,199.35674034597577
id_9dco88ww4u9l.wav,297.4595932502713
id_gjkontl43qo2.wav,189.5083299506002
id_kgy2lz5md9dr.wav,199.60962118218885
id_ckiqpghhkvfc.wav,165.22452391525576
id_xki2dk89yptn.wav,219.71179360897503
id_ipweb3j00wz4.wav,191.79935954257652
id_w4gf0et7lk6i.wav,208.67504036464518
id_ghrgzuhl8mbj.wav,172.42670035985864
id_fofhuqacfuwg.wav,164.50864020366757
id_tev1xagtrqgm.wav,97.27638907609364
id_zcelebrc88yo.wav,125.35254389927067
id_1z5um2jl4b7m.wav,262.3236085518023
id_aj6vlplkwue4.wav,135.332816212708
id_6d1mgmzblv9z.wav,246.44355469788908
id_yvotvkq12670.wav,155.25171360509015
id_mk29z4c8atn3.wav,101.85611586328845
id_co06qtb6zwyp.wav,166.5672181391289
id_nxjsea2t8y02.wav,218.00612737580568
id_50livgpkivvz.wav,239.07949856892716
id_41xea6fn8t1c.wav,146.92209466025184
id_tl1iphni82w6.wav,161.9585822169738
id_fu28r8oo9v13.wav,213.75848846677354
id_6ya7d8qx6r46.wav,112.24510071723175
id_lgr966u3pebb.wav,120.26422589249793
id_3cw194u32c0b.wav,232.40949446839417
id_vsl52wjsq41j.wav,248.3177279910824
id_ggxbrl6mikyu.wav,188.32823168351524
id_vzq0eb74bq4y.wav,236.7362872929907
id_i62hbq2pw2ya.wav,187.91908194742922
id_5gs9hjwf0nlc.wav,100.2994814147751
id_3opl9t97kb8b.wav,135.1473608822556
id_adx0ht2hzyk5.wav,122.14128164840179
id_w0ii9epsol9d.wav,196.63383488702132
id_9a1akumeinco.wav,107.28977971934954
id_rv7mss7eff3w.wav,178.48058205278136
id_h9y09ew0ur5p.wav,129.14774740760942
id_gwiokuy33zhv.wav,234.97405791577813
id_o8mcyt7x8r91.wav,191.27957058838564
id_ug62m8m2bhwz.wav,133.36712985228422
id_xixoot3gzbug.wav,140.875436927782
id_345mh52fjket.wav,108.42170795932385
id_0mnfgv0d5pdt.wav,131.04362354153517
id_fwtshp5pwegd.wav,208.8910762505297
id_20ky0ddmrc3g.wav,161.9004986209971
id_9ur53br1onh6.wav,207.40667045230938
id_hs38evfn32te.wav,124.42813133514163
id_syxtdgknf2me.wav,222.75493782067102
id_vcc1uosd2ifq.wav,104.10243517887284
id_5riqzs5g5g5r.wav,157.3589669431649
id_iw13i7v50p4w.wav,139.42750237632637
id_de0jab6r8t7c.wav,111.36120254673875
id_4ycyr4jpvbs1.wav,230.95340677846073
id_mq9a0kmgtec9.wav,110.05519580914766
id_i73xsvg81glx.wav,222.13471731666826
id_3kgcbbc0iujy.wav,183.12293182577756
id_a8suqbtwhysh.wav,200.51191039789305
id_yjb9rb0t14zh.wav,201.60676482797288
id_1225z4zxeq84.wav,114.78299132470407
id_oiy2ogpk040t.wav,191.87942818103738
id_tfm8c5hzwzfb.wav,212.3302624063229
id_bs8swae5544j.wav,233.08792775427736
id_91p3i9pqe9hy.wav,218.2973209739668
id_vzlk6benugxk.wav,181.27165029823303
id_0ht9cbvfkpsi.wav,222.9849219068603
id_4aqkjof6trnz.wav,217.80588962066366
id_rzgxhzd9xcbk.wav,117.31240761946273
id_9nulh7pemzeg.wav,168.81829403162558
id_nirrcao72424.wav,116.88567190342185
id_4mozo4mixmgt.wav,135.68371906896797
id_1u8nswfbpcgc.wav,137.04935571571096
id_wndyeolegfxh.wav,128.7965126490112
id_51rwvuwscd6t.wav,172.7524383133585
id_6xgbwz7xb29x.wav,186.10730934518847
id_riz8n3zgu5nc.wav,140.60232844721722
id_s0l2eqc0e522.wav,188.79177466720063
id_m7mth6eiulae.wav,190.7855818994835
id_2mp42y9eolei.wav,149.67152743053396
id_y292nl3x6duc.wav,131.81964931120257
id_ena9f14dzgws.wav,152.42503695234302
id_eo443xz6dvrv.wav,148.13389560177225
id_zfsva8itxhyl.wav,128.77719356803098
id_vtdtoem9lcbh.wav,222.73993957166618
id_8lifroyelt05.wav,122.64456476713494
id_zho37lfbspm4.wav,182.014237673013
id_piba0aw4b8e5.wav,87.4288570415903
id_x8d7cnlq6vv7.wav,232.4877180110816
id_4xvr6mnh173e.wav,243.6779289368828
id_d6xmsr50qx6z.wav,180.05124506867307
id_yuxmgr2iktdd.wav,165.52502886043555
id_cc8vxfipo0xl.wav,203.14232800939743
id_zoz8ybdijbx2.wav,126.68092029419891
id_cdq0rupm70rh.wav,146.36812735638284
id_dop3zy41jru9.wav,100.58397885405779
id_lrf0h0g1mj25.wav,172.4533495074549
id_583akl40fz8w.wav,221.09202740376844
id_fk10kj62cdhb.wav,189.0010649344141
id_blovoxmwftrc.wav,78.45470493209575
id_6uhocblb2f13.wav,110.30644050039288
id_i4h4403hmxza.wav,161.74870932488096
id_50detx17vfnl.wav,168.76361883293995
id_u37s6o9yqmbi.wav,129.18524523352056
id_o0zfl0p4z3zi.wav,251.1678670226235
id_1ql8dauqjt9h.wav,130.53671806285124
id_83cvn96lvva4.wav,108.20088422896337
id_c0ka8r2msnny.wav,151.57142399390125
id_kn21halmjk27.wav,207.21816631014258
id_im1q04zeyt3q.wav,207.40462000257142
id_pefhp826n70s.wav,95.92925524610735
id_yo0fjz1tsib4.wav,172.14896803518752
id_9tru1lc6krfs.wav,118.98077562712986
id_6ieub8u26ta7.wav,195.3594167449952
id_eir4zy1xw023.wav,228.107894999854
id_rjweuxpntwsk.wav,152.7369555117558
id_f44ovneaoaqi.wav,117.32121351381846
id_v52asgqtlu7q.wav,116.14178452927966
id_5htphtiy5uac.wav,97.73565241114903
id_85e06krywulo.wav,126.04493682452772
id_t4k4vmxpvwjx.wav,148.5938164277735
id_um8apj5nb2dd.wav,199.39447916660384
id_qms4q15m1iz9.wav,111.80767482516718
id_2f202evzhjwk.wav,219.48584306366874
id_zr0xk1egf1gr.wav,230.75830697465645
id_5csagw7engwe.wav,207.36981181413216
id_aa4rfxdldxt1.wav,182.14538614400266
id_qfw5p9ufsrvf.wav,161.54359443879147
id_z2wzpoehg6wd.wav,147.33228297848436
id_q021be5oa4kg.wav,112.69684104710196
id_vlncix0q7p3z.wav,212.09112700410935
id_lie6717iixch.wav,175.15271113407863
id_hnsywr8cukwq.wav,235.1454523671004
id_12kj458pm4wm.wav,198.8246292765311
id_kcbxg1tpsoez.wav,194.39165977506585
id_l6w1d92pnboe.wav,99.3311006869694
id_aymt8v1bq9ln.wav,105.52102329755695
id_5i0jv5c3sgov.wav,133.93245107070263
id_i4ct5vw7d8i3.wav,340.17274441753705
id_pk2jhicvhx6l.wav,222.12184562974866
id_4kj20r8dgbcl.wav,78.36865639483565
id_syqthfv83eu2.wav,117.65286320794661
id_a3y5q4eouq14.wav,112.01980091969725
id_viqggpkqt62k.wav,119.31513616456266
id_7izpg0ych4rw.wav,175.79793468389005
id_nfjcckzsbq7l.wav,136.49407188650778
id_cjhhxujadkd1.wav,173.25998234374947
id_y4vdh5mfrwey.wav,119.75632446492267
id_gzdbwu53bs8p.wav,124.48295433423039
id_6cx0xnon41r7.wav,213.29061668875968
id_2ktye9zaa2ib.wav,136.4396200615002
id_8k6crundu3kp.wav,169.2532802824606
id_r4fdw6zey6h5.wav,210.37783105591376
id_32ljffjeq9hv.wav,109.15118590307287
id_fodcl1jx4lqe.wav,120.02934324672005
id_8o9d6pv0d83x.wav,155.5326539970922
id_02gnxhol6cek.wav,191.33926188314098
id_tzm32rr48n5w.wav,143.04354407704434
id_w33nxjq309ps.wav,111.44345916186565
id_8asieqiabxry.wav,99.47770270142094
id_489h1yy8isqf.wav,166.07521650489423
id_mohxcpritor5.wav,190.43719590032654
id_chgafchv9ekb.wav,126.8186004281198
id_hfzkutnntkry.wav,189.13830230032343
id_cl5uflpzrbdh.wav,150.26550409457207
id_ogfqucldczdi.wav,254.1361338354003
id_gtevr057d2aw.wav,198.6117680186568
id_uy2jhz3invwn.wav,237.67781985511408
id_g6hsce7h537v.wav,102.30140934172684
id_t9bpu4nrntbp.wav,183.26798605371974
id_r7ikno16olyy.wav,257.025103941437
id_p7a9mnxtqs1h.wav,133.09701359645135
id_9w77hksiehjz.wav,184.15607458377872
id_dho7rffjkerr.wav,181.6286515082979
id_bb66y0viihas.wav,130.0774642361387
id_cqmqhjphla61.wav,237.99402140680274
id_j1x6uhu3n2we.wav,118.73110415114637
id_culi97ofngzy.wav,203.72021710733486
id_nbrsx68e9jr9.wav,162.14851606575974
id_tr4hymlcrara.wav,180.23955232029255
id_kxbr3dytq5dx.wav,165.32822881773637
id_titz229joj6r.wav,249.66085447281068
id_p5mczc3rv2wk.wav,195.81161252039604
id_0rldcyf1apsr.wav,205.21588983304858
id_3f0f1a4qhqfl.wav,234.64964241484714
id_4ekokjn22blu.wav,226.3195045717278
id_4kl16xjhh58q.wav,64.69596291389777
id_tdq5nsp5nqkd.wav,146.74094044968462
id_g1jm3297ckjs.wav,199.5641554845307
id_1w90rczhccbe.wav,173.37123414968127
id_h0l8v1nrftff.wav,100.06619057011616
id_dym9btiw9dfw.wav,249.63414533906592
id_umbuepm9uafo.wav,120.06889451898563
id_3qdd657p8dwb.wav,165.78485138825548
id_bn2k6z1gdom4.wav,131.72962340809198
id_6raxm4w4urxk.wav,168.3984909232264
id_tmpjxehuvwg8.wav,105.14392371623606
id_dkx6g782c0tp.wav,108.14620311039698
id_algcdtnmm5au.wav,104.06103945997802
id_e861ybwel9u4.wav,184.50320193438046
id_l1ht58cf4nxm.wav,158.08611746584265
id_gdwvn4v9f7cg.wav,159.64241041389818
id_p0w83k2cxaq7.wav,129.56772551472372
id_chsfjkns5u2h.wav,170.98291055271702
id_ozem1c492o55.wav,113.99055074086638
id_74hva2szczp1.wav,125.74772612895856
id_ow5408yh3eu1.wav,123.29020537662778
id_80lp58kkl2cc.wav,166.32625077736822
id_5juf26o9qcz4.wav,104.18829517433268
id_i0zjjjmcqt2a.wav,124.57911058776394
id_lmyx3cuoiqzs.wav,143.53599572862217
id_c3g4ixlgnh1o.wav,193.54427766416748
id_j5bzocizvzla.wav,159.49688985734505
id_w68wu2f2zwhq.wav,347.4548248272132
id_lm7y433y5fro.wav,111.35646153696483
id_ebes3dbgts2q.wav,102.87213242227662
id_iy9zvv7c5y1i.wav,204.8496756209992
id_ib4ndc7xtk72.wav,144.5843634680427
id_k14al3oi3dsl.wav,144.09568998652628
id_ozee4bloecx8.wav,201.99188507569667
id_m1iypein5x8n.wav,120.55983040082891
id_5t6wkc7o4hi5.wav,128.0423603680302
id_c5akmij62nz0.wav,124.33899031255118
id_70x85j2o35xj.wav,140.12867295918338
id_d1p2uli2mlo5.wav,128.44076429378907
id_8fwvvf7u24na.wav,113.42067599368319
id_uvbdgvnau6er.wav,115.67302111595225
id_w05e2rk21cqt.wav,201.12548882419856
id_eydugsi8wn17.wav,239.0744781229947
id_mgfvj28nqnik.wav,181.2402072340219
id_sp7tx5oxcxql.wav,135.2798263171532
id_lzcvvvxziuwk.wav,107.8732788716938
id_cnipb0z114p7.wav,178.36951945318185
id_f4mlh4tc7xiw.wav,114.08000843329883
id_3j5b8bzzx396.wav,113.70092797284151
id_hcjfssfdr83v.wav,169.21497212987688
id_rmm820ra2v8a.wav,219.80216927582205
id_1u32l9k3uojd.wav,145.84158968025466
id_i5kvd5jsyho3.wav,147.72494979981704
id_3he1kbmy8v2n.wav,173.37596346535048
id_ah2z92quev25.wav,112.38940818177821
id_wtooo8h1x7sb.wav,145.93902377852115
id_7qrf44z4j9gq.wav,141.589573914614
id_9t3i4nc9z2yw.wav,122.09154380785223
id_g36hjyb1uu6h.wav,178.42219897508855
id_31m0c8tnocr2.wav,114.10411376865167
id_ghw5t3ugn304.wav,163.10857606951996
id_y574jwj1h78s.wav,142.84827103619665
id_5azm8ertofsk.wav,279.31307909158073
id_zlyza31qc146.wav,245.18581305662204
id_7jka4xxh9dej.wav,116.47118167196953
id_auwsldpmtnqx.wav,118.15715116586108
id_j6dlsx3s0fuv.wav,166.2619056767973
id_cwwrk7afoax5.wav,181.3178268974759
id_n0zgfcigfg9v.wav,95.52116790713868
id_de3k2kxeck4z.wav,109.84149866074056
id_awz3j52c0na0.wav,108.41630708314028
id_zzkwbl3d8s9e.wav,284.1933082643809
id_nayv0kax33pq.wav,124.16090645546043
id_pdhx7cy4tkq8.wav,135.50087759290983
id_o0cg6uj5d83k.wav,123.46478150921749
id_zy9s7sdnhb8n.wav,219.95396884900606
id_ca6qn7p95089.wav,176.83125414508999
id_7dixb1qay2no.wav,207.32842378982352
id_wtg9k9a3o3ni.wav,131.98532494117254
id_ajws25c9xwdk.wav,261.62680848356626
id_61a4qi5zhlnw.wav,178.47207543794616
id_7nahw1stqite.wav,235.63504772729252
id_q8ublattuf6h.wav,109.01527216252258
id_2aucnzkz9eli.wav,179.70756274127825
id_wg69s96v2760.wav,207.8338411553016
id_rm5wd41xf707.wav,238.31073141218855
id_edw0zopujz1g.wav,231.71418426024928
id_wascz07tt9id.wav,114.73888424548656
id_y0ofpylebult.wav,138.78525349329712
id_nkfcrj8g548l.wav,113.32853845616255
id_3yeiwg6otoyt.wav,273.5932970945184
id_5tg718rzbvjo.wav,133.15943232779284
id_okczaxna9cbv.wav,92.44628092374732
id_16hjj117dhj3.wav,186.11216628978025
id_q9ddicx8lij9.wav,155.37403602408622
id_7p69sna3ha9y.wav,243.27038502542456
id_nnrg7lf4fygf.wav,160.5478524555611
id_prbj5dx74jru.wav,128.90640589046671
id_iws4cs9wbc4r.wav,133.71841042387308
id_cmlxsufpks9i.wav,150.5383048904398
id_iqmv6ej4um5w.wav,129.6790485182501
id_nt2tl73rh373.wav,93.78666506489346
id_bmrbdqm6h5bh.wav,115.91303958531009
id_js3zqqy5ly15.wav,110.66753827656422
id_tegnxuaw6ema.wav,122.07560492448454
id_kb1536xxb8rn.wav,171.89347289785502
id_o3j2z464q2rj.wav,244.5674224856244
id_f34ewbljuj9s.wav,214.9802548537367
id_m8en5npqnjpa.wav,167.10629214936833
id_ks2c2rgu4o2r.wav,178.46677512702934
id_i3jn0w8fr1d2.wav,200.665410300414
id_pp2axmpwh7e0.wav,176.50780720883475
id_stuxqpizcpab.wav,207.62604548000115
id_ty32bi0251ku.wav,102.27792843706536
id_isfckkm13lko.wav,146.61855783434396
id_xuqymciajqqz.wav,234.51027830143676
id_rkmz3jwfq6iv.wav,182.79297515132583
id_k6lbyqxkplur.wav,192.2978380260144
id_t9i8wbdlrz1n.wav,214.04163070980798
id_1qkemzht1yxy.wav,220.44818618605797
id_h6rd3p7tzhsg.wav,145.45701670001222
id_n2jq6ofn1gjk.wav,194.23925048102802
id_wl1a6217cpmz.wav,210.77934302275665
id_j1wpyjh99p63.wav,163.979047878506
id_j2ea0mf7gqox.wav,176.42428600977348
id_xnpxkrv8hmk1.wav,167.88664857113415
id_m0i66e7t1ksd.wav,142.77233488148516
id_frn36y98us5h.wav,138.7421239660791
id_0so8tqf9upru.wav,132.23744722987175
id_1v9r4aaiby42.wav,123.39243666442101
id_xt313vl14byj.wav,136.69366721074275
id_yznjry4c146v.wav,110.99789641144847
id_9038uajavqlf.wav,240.88986521012967
id_dqmq2w2ngry0.wav,178.6845040292177
id_wx67mfwgl01s.wav,226.6348537684538
id_r2xle0g56kgy.wav,110.20576116666386
id_rbe7r0qswata.wav,191.9113915929346
id_4sxj37cp6d9k.wav,161.47220986109457
id_xjqiv525rt55.wav,185.7820913448341
id_axp3m6ck0zn2.wav,116.7951661517455
id_6jnhwr379tgz.wav,154.81083886974906
id_9vw7pywnhtgg.wav,187.08734246410847
id_ejg9julgwcxl.wav,216.9154101018179
id_awvtf007cadg.wav,145.203032579742
id_fmtxcqrzkgx9.wav,255.6642451378912
id_ok4d5ylt5i4c.wav,231.78632474043323
id_uu29npp28lkg.wav,127.08731720937604
id_7us8kaz1736o.wav,108.87218533423783
id_224grqydiy3t.wav,118.25984640298968
id_1jdrhgqxib7t.wav,85.51947947516473
id_w413bdux579q.wav,221.1431476489816
id_rxwvus43l68w.wav,146.0511058957761
id_p4vqooko1k3n.wav,112.96839271145028
id_tgngyxhsdqb0.wav,107.2127792797416
id_upptook8ny0m.wav,120.09257439755604
id_wf5ue13h9my7.wav,186.3182001296396
id_u74t5kxb3kww.wav,181.886952374244
id_gy8ohvh72rm7.wav,192.3779083485062
id_4lvnuy8t8tfs.wav,98.26424808500275
id_g7up2a6v5cwi.wav,212.10043032070968
id_4l6r9gu5n95q.wav,138.76044212294417
id_2ylectoxtr8n.wav,132.88956332607194
id_quh4ibm7i84o.wav,110.21581725069083
id_cp7zw1pep2zj.wav,140.95602913489267
id_hmz7xmwoikdc.wav,169.7851786305052
id_01dntd19l4a8.wav,132.9728398842567
id_bru5qqvk4pk6.wav,114.3807851764541
id_ga0d2b6a06an.wav,263.09793413659855
id_a98aatad896m.wav,195.2188787332209
id_jdew6x7qyanc.wav,186.83957682219815
id_gauk1cjctnd3.wav,123.232295804231
id_te0qxia3npv6.wav,198.59141352174063
id_8z60pkg3baky.wav,245.1778484660155
id_8mn0mera5yjd.wav,116.74108319188514
id_u312weuxd9df.wav,92.82750263324228
id_4pr1papm4jrp.wav,109.56904376936764
id_jzbjxbq3pqa7.wav,127.01830942658145
id_ytf30g86rzs0.wav,134.4707640825764
id_n044urnv2zuh.wav,142.17412950139976
id_rjndzm7uw8oo.wav,146.99650316189076
id_xybg1e3runiu.wav,216.1203847293074
id_onab1gn9vyfo.wav,107.24553158372971
id_ajss1tkmdd7z.wav,184.3247662512705
id_3c9kgshkpw5z.wav,192.15039806380375
id_jdyxgqi86r7x.wav,208.55115222315217
id_t12fcrhkpbm9.wav,239.1953401602187
id_0ehxqtmcqrao.wav,207.9157644652276
id_28k805vrmada.wav,123.2108455351923
id_map1upesnwzy.wav,108.64641524668014
id_iibctj967t32.wav,149.03896847616105
id_c8edn39igqou.wav,128.0917016455678
id_cry6i22xj446.wav,207.8596943691033
id_nl0kptzpgf66.wav,205.9898731369709
id_n4zfnu0182ji.wav,122.24167211822964
id_3k77zd22abns.wav,113.92703367480925
id_zpxa3uuoe0q7.wav,81.30078857709412
id_9pza28p8eet3.wav,129.6297592307132
id_fjrk0qgzz3z1.wav,108.94703324656396
id_cvy3mgkj4fci.wav,152.02050663614096
id_uoxfh9q2v0fk.wav,146.80799566392267
id_36yv5tnmda47.wav,188.89463041590565
id_02rc7u12zorg.wav,97.44008299572579
id_nlowltxafnw9.wav,323.4071540131821
id_krnj764xu7yx.wav,119.19530626680587
id_imvxo1g1dh5m.wav,228.77989237741593
id_n7szgr5esy13.wav,75.11834533597974
id_wzr55t1o2foz.wav,279.44312879621754
id_ahq37fnh9yjn.wav,114.13143373170422
id_8qd1c7jidopb.wav,189.71690355647863
id_2b5hydw7ouoi.wav,173.87405235370417
id_wp1gxi9viwil.wav,159.09324551239382
id_rd39hay6u7le.wav,116.07523779939014
id_2un0jtpxujn1.wav,104.78299432605804
id_dhbq2q0i3ihj.wav,136.68960732992718
id_597j4jnuuqjy.wav,267.8723289096759
id_yavpwcuodpu9.wav,118.4946960749132
id_qwc4jx9g002x.wav,125.6827877355981
id_fci2f40qtjxu.wav,233.03020986697874
id_3ezd31cok7yj.wav,108.59384658967456
id_1ea2yuhr58qg.wav,270.51168100775726
id_72cxuos1ylzd.wav,244.61765503337983
id_wvylssogi6hf.wav,129.73844306972518
id_6zjkbmw0ia9u.wav,224.1758104011314
id_6mep8u7jcl6c.wav,102.03393706871846
id_y4aj1oi5vlhq.wav,235.42668813629797
id_iozm8o4cy8l6.wav,107.80476665633057
id_g08vgum8kvrr.wav,127.35015781417694
id_5ux5nzox3dhj.wav,242.73160076336225
id_bzxj7tl9uqdk.wav,126.92361466715342
id_56m81volv0bp.wav,230.98459647621536
id_gx5n7d4z6p3n.wav,136.49561462687768
id_6cp1m2j1hygz.wav,196.76707079839383
id_vcr1v5ff5ytr.wav,120.4849720504655
id_g9ehlqzxcb9p.wav,112.13658379049883
id_uaiuoie3u6sq.wav,117.5542585051561
id_9p4bhutnxoaz.wav,152.84279469801643
id_ndbf7xm50qjl.wav,108.86512169832453
id_uecf96dsep92.wav,264.8861565838335
id_nwe4kmfdp6iv.wav,272.5552928162041
id_v18ec9lsogn0.wav,202.9703681596279
id_kplvg13li7pf.wav,80.67596061041338
id_9p3calymljrq.wav,166.64214421238552
id_ode62ax9rxm7.wav,176.3223711773545
id_vagr998f6v11.wav,202.06659629014376
id_ivrdzdabiw5u.wav,127.99753415893925
id_wztyx3ykba9f.wav,174.219177037281
id_wz30p6o753i7.wav,116.37391382466605
id_6olx5am2ffs1.wav,173.1913307723714
id_x62ww6s3iw7y.wav,231.06482336020167
id_hh0ubh21vg5d.wav,110.47525219926479
id_mcyfw04niq80.wav,192.91382429439088
id_8gjngqln3d3i.wav,80.67217131917623
id_e7ztggp8fxo1.wav,199.57858220326577
id_7rs86tc1t0mh.wav,141.7521226244304
id_gjma0aokd92t.wav,215.9162943509099
id_oybx7sw06823.wav,106.85155075699751
id_6gp0bmu6zssm.wav,129.4384125570358
id_23ee9p738uak.wav,128.05076822311796
id_kh4dx5b6vh1k.wav,215.10976603916015
id_s9ndj6swpjho.wav,115.83372607241995
id_pwrz9smho7in.wav,107.67698573945408
id_13i0bo3bohuf.wav,113.58038115667946
id_1cs2y9oxnt2h.wav,296.69760479575905
id_8fr4njq9pm3n.wav,97.18547543430398
id_m4ff7onw3fms.wav,188.35187485994862
id_5ptm51eulhnr.wav,168.2992873687403
id_nmnbyj27ubt0.wav,128.18006635272937
id_uavbgcprucnb.wav,184.18730368881995
id_aq52afthtxkf.wav,117.36689550900158
id_8kcyhec4kfvb.wav,119.97031357772053
id_9492e87ffbmc.wav,171.12930502397157
id_yfpfy4zjylht.wav,174.0196632698199
id_llfpfcgu2tqq.wav,189.0200651349969
id_uf254b33d0pu.wav,126.52976359605195
id_qig21eszzha3.wav,156.73331898015584
id_nwqnch5368u8.wav,107.44226062578323
id_ez7y2qpd2s03.wav,115.10275220450983
id_mly26efw104n.wav,106.44757543075133
id_g99sykosd3kc.wav,236.21172455189168
id_itgbd4u4jq1d.wav,257.0268509563399
id_w01nihjvhlbp.wav,107.10773842412084
id_pjjo0i3k6os0.wav,204.0801025027626
id_bmnmlf2e7u8c.wav,189.29122078022306
id_p22oyx200wge.wav,208.1558359984238
id_yxmwfph9izk9.wav,117.10128937874606
id_szek25ganjxa.wav,121.08014942351858
id_2tx4vs7n9buq.wav,135.97562403247483
id_h6bon83fm46q.wav,160.60311427790327
id_3rfffdoekhtr.wav,149.24320517356554
id_g99i9r72boxs.wav,133.34194398138436
id_0kxhzqwpppwk.wav,116.20442985328722
id_9ul25izv4e3j.wav,134.4598251090831
id_gqg8zirklplc.wav,121.77234960753802
id_p5t8c0p0zs9g.wav,231.5270032380614
id_2jn14xf83r98.wav,85.12998394976529
id_lalpzfgnpm80.wav,100.61095888385995
id_rni1z58czazz.wav,105.01012555428441
id_a77kprea72hs.wav,128.48230774563953
id_ahxkhjyzp5oq.wav,147.14438523158464
id_7o1717m49s67.wav,139.06138265328573
id_lgt649tjg0gr.wav,140.26681387147053
id_ib12s0icx5qz.wav,133.88155761892193
id_vgwwhudzd01w.wav,112.16075928674543
id_a2bwc07dbmcc.wav,192.34640450250686
id_azdmpe6u6nxj.wav,107.47080426636342
id_sgz8eoa01u5d.wav,207.14945785694016
id_p7tuke75432u.wav,142.1110553229982
id_18n2b0l57nsp.wav,136.22369385822364
id_5f8yctjj7al9.wav,102.2071601137566
id_jkb7ol8fhe2g.wav,115.39180846183218
id_zmyo57zfha6s.wav,149.19149250786356
id_qyaegx8ippy1.wav,122.47791793462905
id_uqy43vftmgn6.wav,129.30408140293568
id_ennsxt4prxmu.wav,183.41246550097904
id_ae1z3omv3z2i.wav,111.42370254584094
id_71gyc0g9yl6d.wav,103.1999073401434
id_i2xuwmee0vqw.wav,236.05235114516904
id_wr0elj62q13i.wav,154.2546858546849
id_u1j2dt03w7ya.wav,192.7768485320059
id_ko76wwl6qw5b.wav,202.16178744666354
id_a7r1w5zoa4on.wav,121.10949442371414
id_pe8lfzdp0dk7.wav,181.36546734997793
id_d04ud4dzx8tw.wav,138.8237970675358
id_bm777l8hq9ex.wav,145.63046234992456
id_3lfht0x3r0j7.wav,149.34347884944808
id_2wcr47rru7uf.wav,185.83351472918048
id_bd7i6m10vkbb.wav,197.42251554811259
id_4puthqwodn36.wav,99.98249649930312
id_q8pawbfbipzz.wav,153.89748670357196
id_84ej9ape6585.wav,145.5569454435141
id_3v9vnj4ey1ks.wav,151.22112126019533
id_1ojj7pyd271b.wav,128.5890287262066
id_couamyqxb9gw.wav,156.85314751976415
id_cepshfarm82r.wav,243.60022400848501
id_vblalo9yt6kg.wav,198.74649222130705
id_1dkpnb2vcbs7.wav,117.90126006943366
id_39eqo7zuhrw5.wav,121.67195396535698
id_cabxws6ngycr.wav,107.6670356180143
id_6fdpysbf72mw.wav,232.74797307196002
id_ljf0h73ggt7p.wav,133.29387183853157
id_g6x3b2q1hmrc.wav,115.85487811645537
id_uvijab3h4pfp.wav,254.26560645014024
id_xei6xr623kx6.wav,121.6034756742172
id_de058dza34vu.wav,248.78425427571182
id_1lrlnjt5yat0.wav,182.72100231207787
id_ettvq7khrcrl.wav,88.76844129572189
id_x57y1tayyhhf.wav,257.479686614326
id_mcmfpml75fxs.wav,340.27595993032406
id_hdkh86n6y47o.wav,228.65085726833098
id_756zyn35i0aq.wav,206.88109341441026
id_htxhsuv9r31s.wav,242.85497242614622
id_sd4w5u0eh272.wav,194.8535029619673
id_s46d8g93t7w4.wav,227.48010537460542
id_tdvbek9ztwfd.wav,218.4086249350591
id_sj8179j9i6nw.wav,109.25031629978209
id_ktbqzoshl7sa.wav,98.72229632738643
id_7sya9ne05lmc.wav,135.22296421153777
id_qe2bmybhllbb.wav,240.09630172781482
id_m9784h87c2ce.wav,99.42487279988926
id_njrdl87q56ko.wav,171.8709362724543
id_vmbwicdpfn68.wav,99.510381107232
id_r62xen76u4e6.wav,122.11731815219963
id_8xoz8dm0mqcl.wav,152.99158438074974
id_8jyadbv3c4jd.wav,219.39437659829215
id_q65izqe31eoq.wav,147.49935941777105
id_u7734w0wzh4b.wav,177.23086368136882
id_gd5h7t7bvsmp.wav,224.56268190528087
id_y9gsfsua1ca1.wav,141.6051877291846
id_dfkjpqbr1p7z.wav,119.83330241561167
id_xmv3v7rtixle.wav,115.51130038322901
id_at0vgpe3z8h7.wav,149.11121577792827
id_798ixpgenmb2.wav,118.91763722680065
id_u02jty16yn6s.wav,251.426954799706
id_wfmdskugj480.wav,212.25154521879165
id_wrzb7o3szwls.wav,119.80543795095656
id_foh6ysweha61.wav,120.3091450642161
id_wpertb70txre.wav,183.46419344643314
id_8yew1mu95say.wav,114.4951337356906
id_b5q127tpbhia.wav,178.19425867139074
id_rr1qabm1x27p.wav,128.55535165931798
id_r5olf0tucpg0.wav,133.98433626042453
id_dhizjualnvo8.wav,154.66937454567238
id_pzq10tdm03z6.wav,111.20247928103882
id_mjzp90gyx144.wav,113.6901189553499
id_jjsm4qee2ezh.wav,156.25439387813972
id_sdwq1fnaqvdz.wav,212.2634840625058
id_ar1cbaaq2kw6.wav,128.21727870844947
id_xxqyzf12fhip.wav,101.45416058280833
id_54acpxzvh5dm.wav,209.01834440203032
id_148urbd8geyv.wav,107.678752587512
id_brjz2juc6iy7.wav,129.8760832509389
id_2ei1g4i35afh.wav,109.29819977405396
id_rd4kz34yhlmd.wav,89.79164348679474
id_eldlv1h67tj6.wav,152.81053184534997
id_gxock9bcfzkc.wav,192.00436446604144
id_qiy1b23g1epr.wav,175.04617602063504
id_v52azydqljby.wav,154.75104897444425
id_02rt0p2zqm6s.wav,141.8732065785489
id_h2rwzq6wgp00.wav,114.71884099642915
id_n39l4uejrf9x.wav,231.3458806792157
id_6ir859hvk961.wav,212.87223739525513
id_04qv4abenujq.wav,228.167970534613
id_3vhme6rkljk8.wav,122.98172344384616
id_5enu5fefig4g.wav,120.64102532249922
id_p28wynywbb5x.wav,172.318706914173
id_c3peoiq1t3ft.wav,140.37341965522472
id_w0mmdjwwj5fm.wav,126.74892611556314
id_pwe22n5gqj0i.wav,200.05184810294006
id_tcn0lf1ijnx3.wav,130.41990035787472
id_gd93ufw6b2bk.wav,113.39663125177924
id_7wbumizqe5uq.wav,145.5925722365044
id_r0fw2xtim0cq.wav,140.24703005223458
id_7mw802r5vbqh.wav,151.59373140724568
id_aso285bikqia.wav,227.00676438147784
id_av016vr7g5uv.wav,150.92705453927982
id_5zk0h58qb0w5.wav,250.67603305105013
id_u5ebh6mnci7y.wav,250.29531833731528
id_mgq2mjzeujvd.wav,89.6494798343006
id_4p3iqfi8wcht.wav,140.03811629672558
id_dbhyt6c8sg9z.wav,98.92938793264075
id_5jnqlg9ydxwi.wav,192.0555089076762
id_kfv0m2g0edvq.wav,177.8897257905272
id_qanj7xspevy0.wav,114.52480063386412
id_4yce0h71hp98.wav,110.50034313675121
id_1o9ol53exqhv.wav,125.20045910001737
id_u9yd2fuutjxq.wav,145.34217417216632
id_fglh1nuu2fyn.wav,228.441491609338
id_svwbs6og58bd.wav,111.3944641889195
id_kw9tj53fucj2.wav,151.0081062938528
id_zt8g7h15360k.wav,135.89012989171914
id_2h93m6fykfgm.wav,138.83903216701242
id_nkr21kxvq3k9.wav,191.32491093167428
id_vy4zqgbfe67l.wav,137.18093974532286
id_n18aro100dmq.wav,213.60908037003364
id_auvi9ux6aats.wav,136.66862771797577
id_rwvl01jw5prq.wav,196.9385203572461
id_29euu0fxmw5j.wav,140.07192571477952
id_mgxlww2b1yc9.wav,101.11775248671199
id_ozaso8tnv6l0.wav,122.37693591390116
id_db6irdplascn.wav,111.79587420955882
id_k4cxz85lpmvw.wav,123.90037064712108
id_3wrw0hik9l07.wav,121.38460808025316
id_rsyd6inzcj33.wav,89.5351122676398
id_simgekq82lsp.wav,190.92556321368323
id_5qagomuwe6iy.wav,114.34063283566402
id_and08mbfx80v.wav,134.09868219842554
id_9fwf3aocioyf.wav,178.63452578696678
id_h31plco0flme.wav,100.30911229766922
id_8ouy9rigwala.wav,113.46769929535898
id_03gbgoj40xmf.wav,209.30730751086745
id_z2d86p8r4i82.wav,102.82213419876328
id_4gbdthllm11n.wav,103.35173214333123
id_n8er949u5qwr.wav,116.7033809223947
id_qi5e6fbf32o9.wav,221.7832505428375
id_ydisvxf627g5.wav,150.06362868107485
id_4v4m9q50zgne.wav,135.39394502248027
id_nwfq4z8zcz9r.wav,110.12031021658834
id_smtkiilr4v28.wav,262.0321712788982
id_169bu2n1892k.wav,179.60472264185998
id_oa35enkla6y6.wav,111.42674635725056
id_73n755ivrko2.wav,232.10133817606606
id_fz05q7xhg5p2.wav,110.78834489657066
id_5qobln00kf5a.wav,177.64706039904777
id_xec3x2oeoefw.wav,216.87980928632857
id_7olo9np5y7lz.wav,136.58241613402927
id_dwpscsrrv9t3.wav,203.40044627423808
id_2rsigmjls3mf.wav,138.60478160960884
id_2gv46gzuig5m.wav,225.4475176306256
id_9ykopnerqn9g.wav,173.6179094145592
id_fkt1qmz90evv.wav,124.16722244298549
id_usbe24qaq2zj.wav,151.27103981798558
id_drm9nxn63d44.wav,259.6838024998044
id_lk9l4v4n8oto.wav,184.48149943974568
id_sbc61ne4a7ys.wav,180.84110572904532
id_ydxyx1phm70t.wav,144.64184764935405
id_i8onf09fupa0.wav,109.85967640817783
id_cgc2ycqq0lok.wav,204.86268393856207
id_1lfqvu0tzm17.wav,150.03342555990065
id_fzkznja8frvg.wav,170.31531098870107
id_gt761nff5ef4.wav,163.09993135541905
id_rbeojr4a0uf7.wav,144.82632643772155
id_hojx06ejprq1.wav,112.49492454652781
id_cze9fkz5avjz.wav,245.5577231467602
id_5vzy773cgpr2.wav,141.47908684739465
id_d6k42wlqexub.wav,210.72282103813032
id_pu1lxkz6ie43.wav,140.76581266429142
id_snlc878z8yxm.wav,172.48160564450092
id_1kwmypt6w7ns.wav,132.37370982633337
id_801xij8qyrxx.wav,182.71702024204546
id_zfcfcxzpb39a.wav,166.50920179590054
id_j4ekrzmqnvze.wav,111.53069807553152
id_oj93e49jcb9y.wav,214.96821650374437
id_6agex7khfq2c.wav,267.2264452113189
id_5yfyfzf0g1c8.wav,217.8323621823801
id_syfemfprvnb6.wav,116.64480647054228
id_0nnt1c1jb0ww.wav,132.8031563751325
id_9a75rmdtjge4.wav,147.25219835270104
id_jau8lr8cqqko.wav,126.6406345674026
id_c8klybca8kzh.wav,111.36327516216875
id_if8t1w94pan7.wav,258.8531442727415
id_o55alyxhdzou.wav,223.7975541829133
id_v0h1esms6sgt.wav,153.6433302925152
id_5ym7luykk2xy.wav,236.27516655185576
id_ux7wyqip0oeo.wav,236.19109847319123
id_qlil9t1q7x9r.wav,204.33961882542513
id_gfhus61l6300.wav,131.7743167508652
id_8ws5x61egevg.wav,152.30441384264924
id_p8z4fj1xzuz9.wav,199.77848017371576
id_37zj1oo556h6.wav,183.9242930357163
id_m3q0uzr8ge1w.wav,246.4206065967954
id_a3pmmgmca8pv.wav,225.2380592683483
id_32p1el13bwqx.wav,109.48543554911886
id_beqpnbstt014.wav,149.62458080411264
id_09yk1xlz73wm.wav,146.88977982404515
id_m4voy66nxi6l.wav,231.29642142207825
id_d2i3waa34xwr.wav,246.96549244351286
id_kkx07jsz7nr5.wav,203.11796396635927
id_n2k9f4nciumy.wav,105.08115486832848
id_tbbzxy9n6e72.wav,179.11552026465358
id_hirkpckdk7b2.wav,194.07311602577096
id_rov4dfpgzdxq.wav,224.70661666070976
id_8z0bmxw2dpd4.wav,165.4724911045601
id_2h0h7uny06df.wav,135.75805513587466
id_o8x2ahsyfcuf.wav,227.08486043059207
id_8ip0h60imnkt.wav,241.00274847985293
id_clwgq3est1zy.wav,191.45926077284116
id_taki0ypga2mi.wav,136.8410549161724
id_xtwjbcibizfz.wav,152.77064681788414
id_vvpcrv23uege.wav,190.77516782345282
id_f5yzh0otn33t.wav,214.96357207131325
id_ojq0on1hiugb.wav,101.84742982117501
id_gdq23p6xgzya.wav,108.66394722413223
id_heskmq5sn9f6.wav,251.20480561887894
id_zi44b1tsl0mv.wav,100.38471932875086
id_3oj2j7dal77u.wav,228.10745062772543
id_pk7poaz80pyu.wav,200.45176959639227
id_u1k3uiq2cijc.wav,118.26085661712398
id_eui48zuwdrrj.wav,87.19459624837584
id_s6oqpdks8id9.wav,101.62242494668368
id_gpndyj9dnq5q.wav,161.78472668373317
id_ay9zcb9a737m.wav,93.52446631416619
id_xun1a85y1t9i.wav,73.20243225366362
id_rpmuer21zuyy.wav,102.05022351181194
id_ikqrhb9zku8j.wav,119.05177302510091
id_73ry0uvspsbk.wav,176.99861218279494
id_y808coxysvse.wav,269.0329898302483
id_5aly5y4f0ihq.wav,116.04871697705701
id_w0zjbgevmybk.wav,155.4996930833202
id_amtbp2zrdt2v.wav,113.50349657687147
id_xkz8z5pvctcd.wav,113.65268085198232
id_86fusq09iz8g.wav,139.18112561859533
id_tbouclvrl4cd.wav,136.56516412828105
id_esewddw9abqg.wav,135.5435523182346
id_ntuwsldb6506.wav,217.55705137022272
id_w7oynmmdjbo1.wav,107.65627760248745
id_9hem52dsvmdh.wav,222.16157611325292
id_2uuqs2pwdcrg.wav,123.31513191938191
id_sve7dkb8mptj.wav,115.14996637383268
id_v2okjqke4zmb.wav,97.86006750596475
id_k2duz51ikjrg.wav,187.9434676419669
id_l9bm3ad5oe0l.wav,214.61656545202464
id_66s905f25psf.wav,202.05241686154812
id_ymnaarms2nvd.wav,114.83488185619521
id_j0uu2dx8i4qr.wav,113.36672106071799
id_dwmc7pfey5xa.wav,117.21078249753646
id_4u9ga349wjbo.wav,124.70975315451989
id_aj9j98m4uz9q.wav,205.6242230856646
id_g09dylquxayk.wav,179.26276049510741
id_igdyf7ms42ul.wav,204.61761351445682
id_b90xbcdf9dqj.wav,173.28218084237966
id_q022n07kg3sn.wav,232.96036139626733
id_peqjyodkns0r.wav,178.6185196709902
id_rjl6li44m21s.wav,116.35830041866096
id_n33f4gyld7hk.wav,148.85067967969633
id_yj6qzu7vgcj6.wav,133.33453916404432
id_fjstah7pnc0g.wav,320.7339032589318
id_r4pi37axnl8w.wav,183.98943795693916
id_66a5bv4weyig.wav,205.58605613971096
id_7zr5lsaahcdu.wav,243.86847778395455
id_n5n7rv0y1ar0.wav,97.70238588711757
id_s5sfzeb06yrv.wav,163.1586987003562
id_zyrztnzd2qul.wav,228.80126456326178
id_h3bzrmh0w9ws.wav,104.63822831472547
id_7jp0zhso80hw.wav,122.55576961157149
id_r6mmzdb838cr.wav,110.80117293912774
id_piouf4mayjp6.wav,99.97377050217061
id_6ii1zps6z1un.wav,220.55057134344085
id_d4aggzm19xp1.wav,230.56445408524473
id_ztxj0zaafvgd.wav,229.02227169261465
id_wjro813xbn2h.wav,190.34018839757073
id_6zky32f2bj0a.wav,162.80067630595397
id_hngtb77ftgwa.wav,143.652802233102
id_h4539oe0nhuj.wav,237.34315375658514
id_pewfkx63ta4i.wav,250.99596007683328
id_b2u2cogk1h6v.wav,167.54595301426465
id_446qmiipkifh.wav,126.03582426988362
id_3oeoe9r3pign.wav,201.2612765589438
id_qpcnmbq9dhzw.wav,103.59325237140288
id_njas808bf0z4.wav,142.692230231211
id_hzzzpsqwoq3o.wav,158.22435565682002
id_map4q70pjdgb.wav,171.5814962587024
id_ovvb2wnclkuc.wav,98.41089477046937
id_5ta18s11zpg5.wav,236.3370527276419
id_jtdryobm1anq.wav,140.14609442756674
id_ycj5r0yz4nzl.wav,179.38857023302327
id_wkk0bpbw9do9.wav,221.02071563438514
id_z3q4ayf8otdd.wav,180.43549907632297
id_cipds94oxrla.wav,193.91629476228684
id_n8i2i9rknf3j.wav,100.24322181930627
id_7h0407ve2v0a.wav,107.30015104992617
id_a73vfn22twdm.wav,73.60992817716195
id_n1si61ujqiis.wav,195.41774876277745
id_9kysooszd258.wav,198.84040697459264
id_flddeq4k3v5m.wav,168.32978059968792
id_vo9nfsx311w2.wav,134.8870233241488
id_0uvjq0t8k5r3.wav,252.87666862496548
id_ni9z4dj1rkch.wav,118.60951894645578
id_cglmmworvjz3.wav,236.57683264179528
id_8d48a00flo5q.wav,108.97527285885991
id_t4bve9r0rq8b.wav,126.17067185082868
id_nhz8baiq0d4e.wav,210.43809466580092
id_jtznh406l2zi.wav,127.78282580388722
id_gzvbct8ttp7j.wav,136.23843103812644
id_wj17bv5a18i2.wav,145.32043342643735
id_f1lfk227oqto.wav,341.84976447715337
id_x2d89240nf7p.wav,150.62984492853238
id_pbw5m68y94kn.wav,215.28103339276902
id_dbfvqtr8ffnt.wav,136.2333671774689
id_fi1pmqpe24na.wav,184.3257945341552
id_c4vzosdjy3g0.wav,183.50308146784658
id_xkxu2i1s1o02.wav,200.97093813335792
id_9an73fv3g83d.wav,213.05920644071585
id_tbg1vd2edtvr.wav,158.96828993676613
id_9h37alvag1li.wav,122.59539973996444
id_dcweohgz4tsu.wav,140.1067020865352
id_i517xze5v36a.wav,221.99047959571925
id_9mvo2k0n97bv.wav,107.96067334863531
id_injlouhxg1hg.wav,185.1170413430755
id_hk16q6vbxr6p.wav,117.63392971603673
id_tewe3iyfhpji.wav,293.44220371003235
id_w5bdg02qe8b5.wav,128.1512477304608
id_dur7cf37zndn.wav,254.60888087393585
id_71hm75cdbak4.wav,201.51201427694463
id_zrcaxt5exauo.wav,105.05763945735987
id_m7p6eekewgfi.wav,89.11821392126895
id_6kjj6t5dz4s4.wav,180.33584944274818
id_hgbysxeasumw.wav,185.20229282837704
id_ycpc7jwr5lpo.wav,154.3510441333682
id_ahn6oa0gxis5.wav,158.45443218031414
id_1fgmsufxpkdg.wav,210.92360521405794
id_5dbep6fghf0d.wav,241.87391597151026
id_r7081y0xtos0.wav,185.50458897992473
id_5s5ihian5fva.wav,154.5993022405283
id_51uefqfmx9rz.wav,98.66235868328829
id_ue1lgt7wsjgh.wav,123.61663841672043
id_tpudx7rnt5y4.wav,112.40400226333934
id_9dtqvzepwb63.wav,159.59032686769555
id_s4gpgrtb6a1g.wav,120.33997326109426
id_hgxk47sqmr8w.wav,201.88277359890154
id_59b4wvq3t6e2.wav,172.45432784790088
id_hb6qwucth9b2.wav,124.10672605867431
id_10hv6wfhhz7g.wav,115.6282966828342
id_x47gshlfcoy9.wav,137.35462338966275
id_weqnc6puafu7.wav,125.52149550530902
id_qsuimon7ntvh.wav,184.40335399955106
id_5wajviimzv7f.wav,221.05376522457018
id_uzfvl2gmux6m.wav,154.6098058854231
id_3amwqazbl4y9.wav,101.15968049542562
id_edwy74cljdl3.wav,116.04935819684968
id_tw7ylhb8un5p.wav,88.17904671552806
id_rj977o1rxrue.wav,180.43557035055917
id_aagtkxubkqpf.wav,184.37555895298732
id_n3gc4h5v81c2.wav,97.44943453949752
id_xlks99i50b3r.wav,186.6669673035207
id_7nfgp5a7fwp3.wav,222.12918375746244
id_9admbsm917ox.wav,118.03739893987058
id_k18jsiu2wqz4.wav,225.4824740905073
id_dlnxuz5z61cg.wav,134.20181653178935
id_usxah42fmi35.wav,111.76040529981427
id_9w9iuirwru6o.wav,132.5342172032327
id_jiz09p5ucmlu.wav,147.77954721677276
id_4v8ap7315sx9.wav,112.12013644026374
id_ogeqaemr3bg3.wav,207.26318365430853
id_z8spxgllon1a.wav,140.99143486884992
id_6mxwx62c6tni.wav,228.7674852628985
id_84dub5txii70.wav,122.81692740694342
id_f8utjemtmc6n.wav,180.58804490884964
id_pm8pa4ahiyn4.wav,171.06491021412518
id_7yuo96qvplv9.wav,270.98953648258606
id_1hry8typiri8.wav,301.5647796620363
id_p89x5f8f11av.wav,261.34516005816545
id_ml99btoy9xt3.wav,146.65936166828044
id_s56xvoran4l2.wav,176.4684643750141
id_2crn2mrqxico.wav,166.6940303580535
id_1kmsyljii35i.wav,122.94387190372572
id_pfoykf8qs1jc.wav,155.64848313268615
id_7f91xbvh8spl.wav,198.37903113280012
id_xnqyexcjtczz.wav,174.18639143584258
id_21l10o79qvdg.wav,247.84481185042063
id_et2erv26gg2g.wav,168.18344475257328
id_hycb5tfa3b9r.wav,202.82555122791334
id_b07vxoz6xdqd.wav,111.65118081158431
id_7d4dms25gv7a.wav,140.64373431737735
id_gqg3mbipo36l.wav,131.01488012525544
id_urmnukvuuzu7.wav,222.82160330089192
id_lu72023pt7tw.wav,127.9843977955491
id_s4w8cvq8m5r9.wav,156.31542980777743
id_jzn83vlm09jg.wav,167.81354677003947
id_tf3fx45dvhf3.wav,129.30785028620983
id_833b0varkgv9.wav,122.49783017009207
id_94z1rxtn5eex.wav,148.63266455079608
id_0g5sc48b7r8w.wav,159.81831825167424
id_zu7epoy0q31e.wav,169.34981931337126
id_uwdxt01nijrd.wav,294.23387097856244
id_jr5jb638ithv.wav,163.77843267041658
id_edmgvsrdtu3r.wav,197.71759811308027
id_4is67z1txumv.wav,138.20564893074078
id_ut0mcm0gym19.wav,149.73221237628223
id_0rds13cppi5m.wav,114.26046513104968
id_f222q7qtvsjc.wav,179.50140480648923
id_jeubabq2oi9o.wav,242.59881061521543
id_n3hyjqutup8w.wav,199.62916776249776
id_4zbyi2wmmdql.wav,184.67487967716966
id_cs4w6oqhdi9v.wav,188.48695537072243
id_5bv65bcd3vce.wav,76.17854084108932
id_g563fif4zhu5.wav,98.29161054215975
id_9o62ubv16j2p.wav,134.274235498533
id_kxbic8yrn4g7.wav,145.79163235067261
id_a13dy9i8zncc.wav,112.26769894565828
id_vwpuz4i9vgkx.wav,143.01679502335435
id_ljdlz01pnbbh.wav,172.61617703136594
id_vkb3gx764p71.wav,107.91926566144157
id_e12cioljm5fg.wav,127.77256217293504
id_jhvjm9plbiut.wav,89.82513492263377
id_00cn4kcmk98r.wav,122.13884560960688
id_3txe9ba7hdse.wav,139.39428074300542
id_15k8lkc7x9vj.wav,126.12979002610878
id_mfup5yifi6b5.wav,122.75376493526394
id_ytmbth2ezy9r.wav,188.97666773010482
id_ji9hhxlfd0ms.wav,110.20255955789521
id_wga77chh1o10.wav,173.86226648216015
id_i6hk34wzwakn.wav,173.03752287427392
id_dr3c8w8h664t.wav,110.72537620092908
id_bcerjjn64bw8.wav,240.3525855127761
id_4j93jbtsx7ll.wav,131.01893751789805
id_zeoywzbp0qbd.wav,128.1417482551685
id_u13r6ir6sbsa.wav,205.293542807802
id_yiiunjzt7k88.wav,147.7241836483056
id_84ldvfqkl16q.wav,153.77450491114024
id_hqxf01pc53ur.wav,223.887405170941
id_q2nz2lah0a2w.wav,261.555070001319
id_e4qje03mbvp8.wav,187.7830984182533
id_9m9azhmysge8.wav,116.63080224905397
id_r6vvyabasdhf.wav,118.15471180530471
id_jjpei2u6l2nx.wav,237.80945983893355
id_2mgapraafo2t.wav,246.4165231675426
id_i6ps7d05do3h.wav,119.74886844162457
id_ojxa8071i1n5.wav,141.32139092258444
id_wyx32zqvfzl1.wav,156.4970474839083
id_epqgtyozs0rg.wav,124.84514951226268
id_3njxhyz4ieuh.wav,126.77236971950417
id_n6n3ejhrfrnu.wav,192.28748043264184
id_xzo5lt3ssdpd.wav,244.56941292432893
id_ylehl0vdhpcd.wav,286.73915793098604
id_8qybemrkfb39.wav,156.88846495769542
id_7yuqcx130wjr.wav,227.61200158751947
id_sn5zf3bb8ca5.wav,177.9257698302057
id_0jyz56np458l.wav,119.21456427796578
id_oe8353w2xjb6.wav,235.4491319790872
id_c11698pwq9j9.wav,131.4757966708426
id_61k9l4k2fue7.wav,100.64630044765289
id_78yaxftj59df.wav,126.00935381826433
id_mg0q6mk6ph61.wav,111.86763723000779
id_6khyytl5tcja.wav,168.95789397253372
id_efkmat6yqp5e.wav,210.11118130228695
id_6xg9gy9i8036.wav,135.5348109441859
id_4semjrxvrfrd.wav,196.46979493428455
id_3xv3kz7gtlqk.wav,197.4523982624175
id_f1bhdqs5pr2n.wav,141.16251220830353
id_53w7q7thuvt3.wav,107.77495693406098
id_gt45539c55n6.wav,220.7458524823991
id_fetpuy1tyujk.wav,167.13730975878158
id_bzvlih2xjnsy.wav,90.24289282034684
id_i8vsdb2mvclz.wav,220.72423290555338
id_2toxc1ee6ven.wav,174.6761020657131
id_0j7ud1pgj5e2.wav,170.39527923580016
id_xhayxumxyll9.wav,247.2146689081019
id_c48r08b67dj0.wav,95.7421020024788
id_znz7qcu084sm.wav,102.73711225482708
id_sc6zsndp9k36.wav,100.13007274626437
id_bsnarmple4cd.wav,235.30221998769517
id_yhab5phwm4kv.wav,158.57284601421736
id_wh9s08lh9wnh.wav,87.2032051922782
id_4z4n9sg2cmwl.wav,139.89363450646974
id_uwkm64jhtagn.wav,199.46416925567192
id_54d0c5chzq2v.wav,170.4142556375507
id_1d72bz0ncmmv.wav,172.9555470693092
id_rlau1qiqnvm2.wav,105.91839646657586
id_hslf9h2g3c31.wav,223.01322228293833
id_5dodej20jg5h.wav,109.17187128668422
id_w9asari5e86y.wav,112.12477033554488
id_jhtfc5dfc2m8.wav,172.3320711496342
id_vg6gcad53l67.wav,195.4156433811922
id_a0j6pmpx9oa9.wav,227.93374713624567
id_bln3iqc57vrx.wav,91.89455368365556
id_sgaub2w8qc7m.wav,141.4828202092283
id_mquvxgotnzi6.wav,249.76605075898556
id_93agssyzshlu.wav,128.5507538404828
id_ls3ghmvdjn18.wav,252.96250937480733
id_zok499oi2fr9.wav,132.7435630019614
id_lwlx3d7p65k7.wav,199.08903302606984
id_xt2pjfnyonml.wav,228.00993462726598
id_1xzoumfn0oj6.wav,256.8815436107529
id_vt5z9rq4oy5o.wav,136.1620668768379
id_gqb2lp0fznf2.wav,66.65723533362241
id_yt42jv5i5xcd.wav,118.68087852470252
id_2occ7idp9d4l.wav,208.73794264442643
id_htc6xgkh7j3w.wav,205.69791812815677
id_nxn37xuppti3.wav,134.25016701982005
id_35mkfss6bmju.wav,128.90246173212563
id_rx7vw6cjk520.wav,96.79893932512712
id_deshokjwh4v0.wav,111.06996577718283
id_vz7xfmgmk31d.wav,195.26228056571676
id_mxfuhffl8tjk.wav,93.94475733592236
id_t5erw5g91ahs.wav,91.9324635362922
id_ar27vy5b3pv7.wav,160.84552544812027
id_reiv0xlxylj1.wav,149.63045617705995
id_2f2gdmzajibc.wav,101.64262740978515
id_q6v2cje7qrql.wav,148.06607558217138
id_doaeojk98xc7.wav,285.71926239994923
id_3b08magdq64p.wav,95.11772483345993
id_lpckfn0jmlp3.wav,257.9655058518995
id_y9yx6hxz4jfn.wav,258.1762274532834
id_y0yr1wzqrnc1.wav,105.82906940818155
id_1hz6e5tmm3k6.wav,175.93939019475178
id_bw0sf4ipjtte.wav,202.06791874384817
id_4i56pnwxol3b.wav,119.53566446404348
id_66heh9ihea4l.wav,347.02316097898733
id_qrk3zkhbygxi.wav,133.86775274253299
id_je2xwkn85diw.wav,219.25516728893587
id_90cs3gcrbvdm.wav,119.89526138974227
id_ob68wxulbssc.wav,210.7116589643224
id_ahfbx52nwlbb.wav,141.44418342822036
id_nflxbdqlkxqb.wav,174.87928584520307
id_dekjzvqx2muu.wav,135.55804944153422
id_k8jsyqs9zjh8.wav,141.35348809679263
id_f0sv0jhwp84l.wav,141.7979006671851
id_6udcu00kwjsd.wav,221.87349354936111
id_ebwouc9dh9ai.wav,113.89512150530209
id_97duco365yv4.wav,130.63782865721353
id_c3vpgwyk9z57.wav,249.82419734639126
id_ioa8q5xzq8yr.wav,116.61319376028158
id_rnwc1i7zfsch.wav,235.79632210566024
id_wlqsrpjcgyo8.wav,162.11420417844522
id_exbhpn5dqcf5.wav,120.34638441444201
id_m4vbzdct7411.wav,187.29110938085796
id_heixq4g34eho.wav,170.15265018949952
id_oe2wu2kfrp9p.wav,90.77474962493744
id_in82kcbokkrh.wav,103.78002762187649
id_0r3yinjho1sp.wav,104.76707555526468
id_l8qou4tdc9qr.wav,125.48070712987256
id_px1vfsokq0uu.wav,112.0175541241012
id_5ro1uwe9bxk7.wav,111.40162154616516
id_rvw33itc95fy.wav,190.59872568879317
id_1o6v1puynom8.wav,161.0121840338089
id_xzw7r82igr3e.wav,240.19400321558635
id_rnq8tbt3tzvr.wav,238.6862289491277
id_f3l2kf7yvqap.wav,144.84709526504014
id_xyuak5kp2zw0.wav,159.5506389294286
id_tjugwmr0744u.wav,109.6121631272483
id_03j13ry5yo13.wav,208.78536907951565
id_a942p72yyue2.wav,152.30738672613703
id_07mte6awbnfq.wav,113.86596024475399
id_o8aid9a6gs42.wav,210.10073999105185
id_xlzbiirsq295.wav,85.74223178150865
id_se9q72rmdnmu.wav,132.35476007879765
id_8vtppid9fytg.wav,244.52803989377225
id_lcsg6a1tmg5o.wav,139.60536481306698
id_8jht0664lv0p.wav,207.92726966385075
id_ngq0ou23j8ft.wav,201.80528424990442
id_i85nebhcujvq.wav,240.32177476940006
id_5x0ht0zjmu3l.wav,133.29732191679204
id_6wkhgl8a8f8a.wav,161.19160915303848
id_9wy5h07fvdfr.wav,168.5592539429951
id_kmsqrdwia7t5.wav,170.6807101041291
id_ll43h9imb92l.wav,170.10324799475075
id_yqrg05qt73gq.wav,115.99204332788544
id_i26ny0vtfqmx.wav,116.18710978431307
id_qf5k58s3z7z1.wav,144.9233574596007
id_ivnkpymzfw0i.wav,102.65444651693633
id_ad1jndvfsvr4.wav,131.233038882789
id_heuu73wv6tls.wav,171.6974327722731
id_sl3dc1niqpww.wav,205.2942344838161
id_47iplmbhbbx2.wav,321.55379875449125
id_de4wa6s62hzd.wav,98.27697569331424
id_7so7re7zmheg.wav,112.61286555765089
id_hhghk6yhg7zs.wav,105.15835776890894
id_tb68okcyj5se.wav,182.57912150293876
id_b1zeupufy644.wav,259.6376216788139
id_172scgpa6j7j.wav,152.502997364978
id_lqwx4emx15sv.wav,142.08793201564234
id_jq3sz5mk031i.wav,248.7022661334559
id_1rd1valqahgw.wav,129.6925431593399
id_t22q3pi1hoc5.wav,132.23471473998137
id_avbc4jwxzbg6.wav,128.40982151824383
id_yq956kgwu5ha.wav,113.56116159843836
id_5dqj1ld511kg.wav,205.355772243258
id_7okeviz8z41u.wav,131.1661217030651
id_3l6pjwqwtsdm.wav,197.89718263024162
id_jzraxxsjwwkx.wav,204.50989105687194
id_z4bsgktw3vgy.wav,144.57453319339254
id_5sxyk63i99cb.wav,194.77184885752862
id_5diofx211fbs.wav,136.3880135468235
id_z3jesip9h54w.wav,172.47078710698094
id_svoeowfdue9c.wav,108.58423711207101
id_h63r8immvqee.wav,104.65448672857515
id_1a7ortjxaqj4.wav,243.87676462218167
id_u7sfsi9q6wiq.wav,73.20738116349284
id_etdaz15o5x3q.wav,147.00037745025926
id_bhq93sbm8xah.wav,160.5183472365406
id_7rpk9tzzpuny.wav,152.49990118731006
id_tvrksbsbsh7i.wav,115.10763636399263
id_wcp86nwig4he.wav,120.68900642389725
id_1b2chm7m97ca.wav,108.1159875874479
id_r1gi5ay1vqxf.wav,176.2208778647841
id_8jv85kpf6al4.wav,112.22723083653065
id_m8cyooxvaqew.wav,131.81815007043062
id_ke9iku0q76f1.wav,212.5212095310187
id_1w5i2g7yiqim.wav,198.01729729452333
id_m8g61cx1u4ha.wav,124.95933124715455
id_6wjuiq6qytv0.wav,110.15614038566436
id_qt5v8yhobk5k.wav,256.2982656917735
id_byp380m199nh.wav,149.2320921154109
id_frj8pren0uqv.wav,347.3070224202672
id_fbe9wuv0fxz5.wav,193.43159941294454
id_gt1bu8ij6cpr.wav,191.27108072941678
id_8781n53tyz7z.wav,126.16547725882427
id_crt6lnkcg3wn.wav,205.5613102419244
id_3wit13cyxzlk.wav,221.94828092245717
id_2eggz0p188zu.wav,100.52479955922142
id_5vt34u7zlel3.wav,206.23762724818894
id_tzb2yh12h4xe.wav,135.37319024367048
id_wbzqm829h2ir.wav,126.95584313514854
id_9nz95vww3z65.wav,198.70616999139517
id_kbja27bq84kq.wav,215.7451990308827
id_xhbm0qskmrt6.wav,209.5987486822387
id_31ogk5zt8c4g.wav,89.97737282387362
id_0sorl8u4tk8o.wav,192.30455700666732
id_egxt8u8bv38p.wav,239.9112227376259
id_vjza0y38lsuk.wav,216.48248269517597
id_4fcclwvlqpyz.wav,100.78206781822826
id_lq1kvpagzhwg.wav,122.85519984879815
id_6onfy14u6ztv.wav,127.70190560069264
id_nv9tg427jl4g.wav,147.66960387594227
id_9v64xxdbzlwd.wav,106.98082494299325
id_wpe6o56wyyqj.wav,153.7096423516541
id_tqsjx3c518rc.wav,130.82850869733636
id_fekehmbnshy8.wav,115.05962250008616
id_yx7tuduyno4e.wav,129.56910104847532
id_djzo2b30e952.wav,158.45347766855795
id_a5n934nl7sny.wav,163.79131544150565
id_1ju7bqqkby5n.wav,240.28878109943665
id_w2mhvbd2mwjm.wav,130.85699301220302
id_jdxutbgdkgrk.wav,119.46484181457764
id_x3wrnl45czbd.wav,146.35256632851784
id_ugg18wx1r3h0.wav,303.6922842181696
id_ezsn58igbhih.wav,102.06118687474931
id_7t9x52klwwnk.wav,122.87977377339129
id_cdb5n9ghvf92.wav,250.74005411701108
id_yabo4lfuotsz.wav,105.81588368032232
id_cpumxfmailyh.wav,218.29937865982654
id_ox5wkhuv0kzj.wav,147.82117993376056
id_qhr6re0ujlqs.wav,142.11026069154107
id_2cx3w18g1j9x.wav,158.54360181832405
id_pwvzavl2dl6q.wav,132.85889740470108
id_gqybbcl52nc3.wav,141.62077473138538
id_3nr04cfzog15.wav,140.91841359162413
id_azgef1qd82i3.wav,142.85246453624097
id_lfw2u2ej7wpz.wav,120.23810625486155
id_fnwq0rai52go.wav,108.19329570743152
id_n0c3xzruos2u.wav,106.56770873910747
id_9ss628ewkgot.wav,128.9149759830703
id_0q98zb6cicse.wav,154.36477242073312
id_e1lwnbrrqmzc.wav,193.48926394250637
id_b5wzl170se21.wav,181.93524489369852
id_5y7q286af79p.wav,335.94650456561675
id_506h959df0ro.wav,195.7195758179549
id_e1vmvfrgrcvs.wav,195.96763010108896
id_z8v854nqamwz.wav,304.7499269191891
id_fcm4kllovl4p.wav,178.09390925285467
id_9f8x4e6upstk.wav,185.06044026281356
id_terje6kzc7hk.wav,245.72021885816005
id_01v7ycmw6imm.wav,140.41703295466993
id_5rtbes1hrfg0.wav,175.63893637058945
id_c24q8fri3pgz.wav,96.34538708804006
id_m4ol1zenm2fs.wav,205.51419636180287
id_d2nufj5apxjg.wav,252.04019413802877
id_shwiw7ae6cou.wav,109.79044253820729
id_egaw9u9cr1qa.wav,134.0720995067349
id_depc4pxekzhp.wav,161.1945425313824
id_5rlc5o5n1s1b.wav,240.91670524243975
id_9s26ovhtcp7w.wav,110.3519519873773
id_jjoerv7cg916.wav,190.61460739003
id_e6igencrkmg2.wav,256.31600103415906
id_596447eup9oy.wav,102.47856696663519
id_h8clthbp98oo.wav,142.87191543394346
id_kr6daxzjinrs.wav,117.75132414446999
id_qzpivo6d0led.wav,140.74995448136582
id_t60tbp75oczg.wav,135.2321746073042
id_gjn2u3cvf2xz.wav,143.71518314458268
id_fu4oeu8yxagw.wav,89.62248517542051
id_0wf5s1o2w8ev.wav,204.64337836958364
id_xoiv2ceh5i9w.wav,146.81732471521414
id_gdhnpb9tk6ju.wav,77.4731868325604
id_nk62wcksti5e.wav,113.47056552266497
id_9fmy0zlgbxz4.wav,94.03997973290257
id_4nl29x8w67uo.wav,111.93484314379485
id_cw1r7kyuwj89.wav,190.48640912404747
id_sowf8poicxap.wav,168.80654601293628
id_cw0atars2ki2.wav,177.22670552001216
id_ltggexqidequ.wav,144.90269626503817
id_kfv40u5w74aq.wav,96.95697914858216
id_b0jyjadp4pkh.wav,199.20561083984458
id_s5mosdj9h487.wav,349.95129800869404
id_qdtuf1xl3a2z.wav,172.99555785131622
id_36qc0pvoftt5.wav,109.49418150964138
id_9kuvo7i5avm5.wav,227.5566910733141
id_88u561vjuxva.wav,184.927082067978
id_0hc8wdnn31eb.wav,193.59949707813158
id_zvdz9ufh315s.wav,131.71883677323905
id_yiyqobbrzr1v.wav,72.71772658955993
id_vso41n7b6iua.wav,178.377794714163
id_pwmqp1td6k8w.wav,251.90628238731165
id_xxe6pxbh1vih.wav,180.92448148921133
id_nr2agzca6wvr.wav,117.81267428874816
id_yjooce1llkg3.wav,91.89149762165238
id_iahtct4bqvcj.wav,218.25700625357328
id_kbgspb4u23am.wav,178.13083424528983
id_3c9v5jm1hmmz.wav,104.88942704358817
id_9nhsialypfu5.wav,188.48397855934368
id_wq174c4kxbox.wav,135.4520458339287
id_flehbkhti0eg.wav,183.47849672036324
id_rm4p939ggzty.wav,182.14797548806672
id_cypyyrqecb2l.wav,132.28577603883525
id_2ffw0em3f7no.wav,180.96543035141733
id_0pl250m9dm5j.wav,112.12635796800654
id_g419eeqs1bb0.wav,216.9836549046292
id_gbom56gclpu3.wav,214.8774725896962
id_6lcykyju2a1f.wav,131.89298263337105
id_25k1gx7xcp8k.wav,189.1427951204407
id_extihiuai0qz.wav,154.94017168045187
id_0a9r27bb48na.wav,110.54554067083266
id_a4bweeb779z3.wav,288.9353818785441
id_3de5isyfv5nd.wav,109.86248467954799
id_6evryhlr4q5k.wav,112.9647535929571
id_6n998o93irht.wav,156.770160670503
id_sdhl1scj68qk.wav,136.28235026409934
id_oi5ddptg1ckt.wav,208.21314348538584
id_ry7sq4bw46a1.wav,146.47739979084076
id_8mhalkwwm05w.wav,165.04316367126003
id_qoa7f8xeu9a6.wav,191.96967791261216
id_xbjdbsm8osvx.wav,186.45137642278235
id_obmy94ur8o5d.wav,180.22304592287378
id_fh59uuyenm99.wav,191.39307559640133
id_3q28g0rrl79t.wav,110.41162935800071
id_6lnhwl1tseen.wav,105.68174616455943
id_9jhh5qilicjv.wav,129.2708406923104
id_unnf244qewjs.wav,113.17734068898181
id_mwrywe1rjt4g.wav,113.6038987144158
id_oox89jn1a9zr.wav,223.68098489492286
id_g7gt7q60x9fx.wav,129.511866506604
id_qv6a9xq2r6vz.wav,157.36720484694698
id_b5a3vsmkz70l.wav,122.150451824839
id_cvoe2wd90f0s.wav,113.63644555485178
id_forg8nanb628.wav,194.3233096670076
id_0wxcl0zehbjh.wav,106.81121939498297
id_0rwk70xuzujr.wav,244.09415667150233
id_i067jc4v2fxz.wav,151.05870204928976
id_c38093r5atk7.wav,127.88933225523063
id_jdn3dwxbeldt.wav,182.98863959988853
id_jhr81qgdnztn.wav,205.80940983345639
id_tj1zs66a1rmp.wav,108.31752182069347
id_a1x8mlwzetfo.wav,220.54865305223908
id_trb1i5i8633z.wav,266.7342802410215
id_p08md7qbnzlz.wav,180.29551888834854
id_t7zrm8kgebn2.wav,122.62809176670154
id_4phgwcyug8r0.wav,190.13472885743434
id_0yxi8s4d6f95.wav,221.1768929727453
id_4ghvrnt32pz4.wav,114.44606645602896
id_uwfvfv5644lr.wav,96.41858842389138
id_57h6eu6h111s.wav,194.9672798816772
id_kstrzx615274.wav,167.03299630103464
id_hy4bogigkb75.wav,121.61011318553109
id_2umc263t0mkj.wav,190.26309473575483
id_4zu9um5qtb5s.wav,142.04426427179763
id_vwnpqdg7xz7b.wav,200.5483612382001
id_ipurvwi8cujh.wav,182.30591081330263
id_lmh1r56kmqm1.wav,198.8117706561848
id_qyqj1jczxiji.wav,232.25438531415588
id_ih5tqogqzs88.wav,184.87182292254818
id_p3ica0wyw7cs.wav,104.42027493467113
id_9gkg1o4pjle1.wav,153.38758783567408
id_h70v1upj83zl.wav,204.2744428456832
id_2dd7jya7rdx4.wav,191.10861879889052
id_x7opmzd1zkyq.wav,180.31603087596991
id_iqglqsjaogo0.wav,199.96206457484982
id_3jan432i3dai.wav,136.83511355568024
id_led9ljp0mzx2.wav,115.68797523080791
id_861q3fyp9a6r.wav,191.47553273169524
id_1gt07oj1wsxw.wav,226.6980227360253
id_jctg4jaknwq9.wav,222.15978447453148
id_ohj7j97z85ec.wav,221.6472624550765
id_43eme1y1ckmj.wav,202.47794745319266
id_8lde9l9y724b.wav,201.77676626762997
id_3br9ywygak8i.wav,224.47372095287236
id_jq4oiu270xk1.wav,140.7757833071828
id_zf5ku6kbcgbu.wav,109.43202128642714
id_8a7i45e13z5d.wav,196.53782564773655
id_zaix54zrc9pz.wav,202.38614285354535
id_is255lu48czn.wav,115.95047762446879
id_yov0g91b2cto.wav,216.18578365774735
id_am3s54mtx10h.wav,136.6824883629177
id_fkp3ppeph4mi.wav,225.92605415634182
id_qbey3wog334x.wav,109.27206777097493
id_gg9sj8kaq94l.wav,182.52015322620645
id_j8uibxhonew9.wav,228.1257479601831
id_cwwsj03y1851.wav,275.5220688101342
id_ig3m0k08xzp9.wav,131.7696769843306
id_qd9wfzwggis2.wav,217.52674182420012
id_hdewz5eb9i8s.wav,94.34892861226649
id_iga1q821bc23.wav,235.46669386065594
id_mwutny9klu6u.wav,189.97056716464334
id_9n3k3cvsdv3m.wav,115.86161995621094
id_ahmrg3hf8ulz.wav,103.54463600049984
id_9f16lff24dbq.wav,126.65928185580965
id_cr5s0vt9yfyp.wav,171.78344096566144
id_kkorak0m9pwl.wav,85.85972857275907
id_b9lizvfhrdod.wav,180.92493489706527
id_81drplilq3k8.wav,243.33426597249658
id_1unj4avbv0ne.wav,205.78672473976988
id_7h4reqiwm3j9.wav,201.75603620317048
id_lv1repukn2id.wav,100.42685666904556
id_zjq7iuv99h7o.wav,216.2284443172574
id_hdpgh6aa1a8r.wav,177.4079406322037
id_61k1lxirgcov.wav,189.2742062958609
id_w04b3otq09mg.wav,117.92461281344146
id_wuwxoawstn3c.wav,93.14685366495759
id_4fvyo4mgaymm.wav,151.85056225533216
id_5k6vxs4aof26.wav,198.92239107151102
id_1hoz655dyxuo.wav,177.63233350853523
id_p2oau0luxhww.wav,189.73613400150137
id_i91g3zjsxsjp.wav,95.81414914818028
id_jp1tjxvnn19s.wav,111.29259853311305
id_mpx19t33vdie.wav,173.18496462966021
id_p01io1y0to7w.wav,184.08010660742474
id_otyapezu5vzc.wav,226.91735229115937
id_7yz9q65zmt7o.wav,186.54376933246684
id_9ze5g8403wcs.wav,186.82083976128425
id_0azqblnuutdw.wav,107.92491396668878
id_oal51gwn78qv.wav,130.64836451120078
id_403k3cg33626.wav,119.71728831539778
id_v23kn9by3fb7.wav,246.7747469568865
id_t1gxyt89ob1o.wav,123.12904966839186
id_krvca62bonfh.wav,119.28473704677107
id_20ivv7yv7o7e.wav,220.44134668168402
id_omg88ehokpqt.wav,124.72108621384814
id_renyw5n3ug73.wav,181.27484593805815
id_uqsbtcg0wpt1.wav,202.07994771426706
id_y7n01eh70mw8.wav,170.1785092017344
id_ogtly0k32akk.wav,136.94654858782178
id_ufvabyte3jbh.wav,240.55824380975443
id_onw3vqsg4s7v.wav,157.00396175594852
id_qbe85f3t4cav.wav,180.04571760753984
id_52bb55fdl38u.wav,161.48485396777508
id_g8uheoyxf3ql.wav,244.7998570161913
id_xhtboznshdvs.wav,108.33849761720897
id_052d2n084g6e.wav,227.91102537343752
id_imrgicntbqbr.wav,124.4802442487888
id_1ee5v6u6c9lw.wav,217.8557721067719
id_5qae75d6o7u2.wav,128.04237282639124
id_n0rjkpe8r2po.wav,175.81991943480455
id_0r7awrawc36d.wav,150.63571582119656
id_rrr3gn602kut.wav,105.99792208542105
id_oft79ndneun4.wav,163.83117579306003
id_ea5gvr56h0f2.wav,194.7321767985693
id_uz5fxtizfclq.wav,118.33664576578069
id_c60wpkfgs9k3.wav,113.24500431469747
id_h7d0gfx2wm73.wav,209.39288453857182
id_qcakejjknfsw.wav,123.20277493728477
id_jrfshnwdidqa.wav,147.62714680278162
id_jiomxrcxrpsc.wav,193.10685525125766
id_5yfzsgchpxf3.wav,106.51164096232857
id_1fn5d1sy5hoy.wav,234.22715213892985
id_c119s0f3per0.wav,121.48330526578165
id_onurzbrba3uv.wav,188.84554925649053
id_l1k9bpnin5bx.wav,184.41385661013732
id_1la687f3j5p3.wav,213.77223009285524
id_x02w4cpx9z0v.wav,101.76335632277781
id_3s4zv1noeplm.wav,121.23427087803702
id_6gcyp7hpqffg.wav,195.5734710858961
id_t3u7yaflc1ko.wav,149.9129282319689
id_cjz8yq10supd.wav,129.50455146943875
id_jupqp5k4cw4l.wav,207.29229581454166
id_mqtcnjq5fqfj.wav,158.54925317085753
id_xmvgyc0cguis.wav,204.97451637739834
id_96bdnvk7bxs4.wav,93.93633050443928
id_6q4s8cmk182z.wav,182.94954935958657
id_pp62hwv5vo46.wav,98.66531669923151
id_eerks9ydf157.wav,104.41496571582442
id_rk44p07348iv.wav,101.28524459957576
id_vwco2nbwlun5.wav,149.59095087010985
id_x0dhreogq9s8.wav,142.54447439918596
id_6b7vc2apvvhy.wav,169.78567695118244
id_wislj4l55j9k.wav,229.46457841487964
id_frq8ps54unm0.wav,98.17596871125346
id_ckbanly9aqvj.wav,109.63243436070007
id_1nnv73elkrvs.wav,181.41938502157677
id_e5a5b7wxosay.wav,221.08458152878706
id_kvcjraomtgxe.wav,215.35920304720764
id_e3upi7uuq9am.wav,120.37079294753096
id_0drn03ed7y9u.wav,279.3487569687676
id_hg4v37kwsa9g.wav,109.81720844089241
id_9pckacd0g3zj.wav,124.60120124824672
id_6zzq5seczqen.wav,281.7453167903146
id_wljrineqw66m.wav,252.07259556579905
id_5q3z2xkj477p.wav,162.93646790805806
id_rf3zvvvbnhq2.wav,173.62878115700184
id_wgpj1590jty7.wav,199.20320831280628
id_xctcd7rijtix.wav,195.94056841711335
id_0sc1qk8tga2l.wav,199.06195774193122
id_5wo3gxs4lve4.wav,120.97901009582955
id_gkn92tnobawz.wav,283.07222338386
id_hdaboo3yau2i.wav,113.1505520418489
id_s5r59no9yftr.wav,93.592233004489
id_igolh47fxnmz.wav,116.58644277601076
id_1tpz9rx2d27g.wav,232.54866870488203
id_qf6siymb8v1s.wav,201.00218628509032
id_132bh0mszjj1.wav,106.14515692603884
id_ysplfm575v5a.wav,241.8301482381094
id_v5j8y4lzz50f.wav,177.06908565797812
id_v296vn6dqina.wav,232.433266554707
id_bfxbq3aimwfz.wav,266.01469323256316
id_1qwsrg5xrwbt.wav,232.2630219277142
id_t1tahbt23m9y.wav,193.35253550564912
id_rb4lbdt9p5u5.wav,98.29710327943789
id_1q835ieht39j.wav,122.84164873474252
id_hwcylsded1zs.wav,258.0627794399298
id_nlenwbk65y7r.wav,120.18414346102327
id_sw6fkw0sgymm.wav,108.78772084682025
id_yfjk1oe3swu5.wav,158.55837541889963
id_lciadgf78ykn.wav,182.99697560212851
id_p4l05fylbeht.wav,121.01780066859911
id_hr94bh5q9wez.wav,207.8736978175379
id_lndygg9eh83h.wav,194.97690576518158
id_f6jh8j9k0fhl.wav,106.66994153375413
id_wpp02p120f5f.wav,164.37924879864627
id_hmdodllrirqj.wav,113.21689461032076
id_8ii3xrw5x671.wav,93.46011285381695
id_v16begrbsli1.wav,132.2510073211525
id_pvr6tmkoohxv.wav,176.19232744786893
id_uo3cuuwxufw0.wav,244.13124439525575
id_cjdee4mrvxeu.wav,209.7314926267536
id_i1v3sjf92ewc.wav,168.39621954992907
id_bh7qgquar3i1.wav,246.7116221338261
id_kxsilzue946l.wav,77.67883517850586
id_ju507ixw2fk1.wav,199.29864736453433
id_s6esnuneldyk.wav,217.61126626231336
id_wcku35q7x7hx.wav,113.50549906512363
id_1v5wfsshg1a7.wav,135.11293047864206
id_wdmv71x28qgb.wav,111.64428970359216
id_rt7r2e4s1du0.wav,131.12686337893922
id_c9et56rpzifb.wav,152.49212781654217
id_0n3dnzolbbde.wav,259.9545992030369
id_u5js6ytxfv3q.wav,137.71635443804576
id_4lyffxy4mtxg.wav,258.2884311415827
id_rzohz9x3f23o.wav,110.13829117613186
id_kggq783rb2ip.wav,119.36600296050777
id_n4q86rsq29hl.wav,202.45690204993724
id_4k7blv3zepva.wav,69.88865201287295
id_tp5t6eljpix9.wav,183.73194448718215
id_vufwpwiy82la.wav,137.37598831301838
id_izcg725mgo83.wav,105.24818388973232
id_79049ftc2bkz.wav,239.7526087828804
id_h0buv6cdax36.wav,124.3697681375628
id_lp7saki4becj.wav,261.43763213457873
id_1li2ku75j94g.wav,137.4587505503115
id_1hqdop8jr077.wav,104.58272204052733
id_xc8ub10i21q1.wav,217.88200817032495
id_5yjjx3ask638.wav,204.08092540808966
id_sucl0pu3d8fb.wav,179.49571360080432
id_4b92vxq55fwe.wav,214.27966826305408
id_spg3uty9rjv0.wav,123.97066014127574
id_u7yodv7rxvbo.wav,97.54252812164209
id_fpfx70rq0fua.wav,151.1296962437071
id_svvmrw52ryba.wav,175.52127511276055
id_g5v91dy97g9q.wav,134.95598276033218
id_r8u9y2vjn6zr.wav,129.50680980891366
id_hgwjqp04scsi.wav,169.82617783815107
id_5xep74er3b29.wav,128.37270412651768
id_7yasp4h37xt0.wav,245.52979890253025
id_t8gx0vs0w8k6.wav,184.2341188347703
id_gb24a3tmudm5.wav,161.53891833505634
id_p9h1hg9c7de5.wav,128.83590802232428
id_897k2sutr4qg.wav,109.13594280016679
id_x4e3npzd5tk4.wav,199.88546435109842
id_zx2mg0bsc57z.wav,131.11295966188675
id_3r10qw08vbbr.wav,167.41411963216285
id_xhq7jxdbjv9z.wav,205.8421378283076
id_bsngwdek5wsh.wav,154.6652295053595
id_oh6xpep9ubui.wav,130.4974956566042
id_q7h4uwfsz4fm.wav,80.97762213146467
id_jvrlydd3ubvx.wav,126.55657545023102
id_90pizlpc0t7o.wav,209.87726066624185
id_6ar5dj3ebsum.wav,159.8550228550857
id_i9t25g1mam0u.wav,182.61116247786396
id_kg7d9hl7uy6l.wav,155.94797988395067
id_9df08n46rdcy.wav,245.71415038568648
id_solcjuh0w6sn.wav,160.9759834689196
id_me2oldhjvjqo.wav,243.9897743386921
id_khr4zl9x8pek.wav,355.2511891620387
id_56a7xgljt2m0.wav,133.42855814297013
id_whm3uesc0w3z.wav,109.57563438042976
id_cl5ogexmcmx2.wav,178.31651152572869
id_10oyhhl4td1t.wav,252.2658555197308
id_w4zko8isocu7.wav,152.99112572955625
id_nfgdtfnaop6z.wav,96.93736303792544
id_rfx4zspwabnx.wav,185.69198861547233
id_vlqaszm3cf3j.wav,196.17880378849998
id_qe4yriwwemjb.wav,205.6020080189928
id_ktdrarg1nf58.wav,142.96052832221028
id_0sf6b4b7vsrg.wav,138.02642669108644
id_ie95geu63t66.wav,96.5617006987928
id_sjrh07s2ulh9.wav,111.02346535466403
id_uxrb246okbw1.wav,198.85470716828542
id_mj461jnd11rn.wav,141.42048018626986
id_ynr0q6778lyb.wav,249.1960050203193
id_3y2ejb6ohxxw.wav,201.829426328184
id_muq4ob47z6st.wav,136.94612087958149
id_5hp81dg8be5s.wav,244.48285019024712
id_xl69bckh7f6x.wav,175.54716533340383
id_uxdl7uao2hjz.wav,119.9725190090603
id_kdaqoapzc2tr.wav,201.3179389145856
id_w52t2zkrpgc5.wav,89.42192737994716
id_qr6w9rhla6oy.wav,172.92035218672012
id_o9mj3jigqu08.wav,130.26836374300265
id_33lnbo3s5afn.wav,137.93906002035473
id_qgkm1kzcigz7.wav,188.4318047275038
id_gwbhk86pkqgl.wav,216.9218761408368
id_8wx1jiwdu9cb.wav,194.88881360359883
id_d7htnheuy6wn.wav,214.06292510785406
id_36t5xwy2dgg2.wav,100.54829001460203
id_phhtvhnpqizc.wav,118.09788499055134
id_s4xxifgzr3io.wav,119.4495076792121
id_8upzf5d6ntze.wav,131.76792913350022
id_44do3yp9e6za.wav,167.64045048976226
id_htx9vb45vk8h.wav,142.62553639624394
id_s414mt0fagfz.wav,150.40352209291697
id_1pbophmb7y8l.wav,106.8225182070707
id_f73ny8khxphc.wav,144.47809945139224
id_s02sfvx1qo1d.wav,180.51239730806256
id_pszed6n3z61e.wav,199.67682731622756
id_mldsa0piqngd.wav,110.77414642880333
id_nx1rxa4vf5th.wav,109.30385798202504
id_npt7xn4c7e76.wav,189.6574552293783
id_qwmvhyhrw40w.wav,126.55029518004949
id_m9tmesm3zx7a.wav,176.346575671232
id_wwrl5i5rre61.wav,144.01945117273175
id_blg760fw1b03.wav,84.80135714671641
id_jsmbviiz2gcl.wav,117.61267280060548
id_zn4r49yv5zvh.wav,195.1957315044041
id_bfk9fp7ufjzw.wav,195.6945528739373
id_oqy9dhu0sdjd.wav,270.7830999299582
id_22w0lz0fa43k.wav,136.5754299619235
id_arnn0mn1gx2s.wav,113.72271144663554
id_m0e18colnz1i.wav,91.79193263672045
id_l6mo4vmkntse.wav,189.51333508721683
id_tgw14f3xv424.wav,132.91968498771226
id_x1lqwlty7xe4.wav,181.80487026996698
id_2wyqdsq0oajx.wav,88.09997491072363
id_2t4igu7tslf4.wav,222.4312386745691
id_obdqiyjvp9z6.wav,122.79427975393735
id_8vrsyogndaqu.wav,136.21775673477333
id_q78n1x8g08o3.wav,188.6434816629939
id_a4bpninzsj6m.wav,141.9313430602328
id_d6xi6uedc7ve.wav,130.0779365589467
id_tni2ofukv2em.wav,159.8249841651206
id_8b2fv4fqurr1.wav,159.00918083821682
id_pwovq4goavqf.wav,146.88118797737053
id_18qdpl0oqimu.wav,248.68018350320477
id_jfsvn2kv57dy.wav,190.42950026675823
id_m76fnilzrycc.wav,217.3873127992901
id_is89bp93hnla.wav,250.71798304381193
id_dxeoia0bfpg7.wav,151.1557360070461
id_xrcgclaw9g8a.wav,204.19929683127657
id_wdur6ms13l3m.wav,153.1494484480197
id_m5nue756elr8.wav,120.71651020771372
id_qlhz5x0mxumk.wav,123.98380510182584
id_rurd1t1e4tol.wav,149.27894485781968
id_x82dye5nonxa.wav,210.26602057170442
id_3wzazhlrpq5n.wav,145.27458583291138
id_4en2cojs0k5n.wav,105.04040863182585
id_vmpcaxq1yoic.wav,92.8320728956771
id_7e5vu6pd6lkm.wav,117.3769033907875
id_jblr6ktr6x48.wav,166.37219402511343
id_w5ikop6cxmj6.wav,138.16970259056183
id_hvzokke0mks8.wav,229.1934948502763
id_w2xk2kiuh85h.wav,183.16491950274008
id_pknnbdgqhze7.wav,187.77781639751615
id_5z9e2mmj0hmn.wav,140.30194573727744
id_gznb39fawkdt.wav,150.72395241874923
id_cebrzevrcrmw.wav,158.1308865745018
id_8sckzrnw2ti8.wav,146.00522208888364
id_xhqg0yh19lp6.wav,247.62784441079657
id_hliy67bxu5kh.wav,222.83187873105467
id_9jwsincsjqxb.wav,154.18885888632252
id_wgucy4dwh83t.wav,134.5509525612303
id_3fee2wtkma23.wav,201.42024330360957
id_dzkgw1jt5oxc.wav,128.43777195463053
id_hjg1xndevdf0.wav,145.5608619882198
id_6ib5ta59zs46.wav,217.8208585750796
id_i3iwkgjkme9x.wav,206.76720799542707
id_1wunkz2ebred.wav,132.2152686120777
id_9q1oxshrodwx.wav,228.2300025797336
id_si00lptmee4a.wav,207.4460366768787
id_zqoy2o0zve6t.wav,181.7484016211149
id_s9z00rs1tgwi.wav,93.94547386466543
id_iunhxpn24h7f.wav,179.52828061327435
id_gmqhus6vjx3e.wav,127.23985937774931
id_v235vddtg1sm.wav,184.3127720775115
id_e8eowdx49hg4.wav,209.4180324328657
id_uumlkzckx9q0.wav,113.50931016360349
id_m233xnl43q7r.wav,150.29114960736575
id_k14ze58z9vyt.wav,129.97018559764155
id_28kyrhue1oaq.wav,225.80383414864156
id_dmfx7cnlbfiu.wav,191.45033544752718
id_zbfnf75160ry.wav,235.9637185067745
id_abd481tgk9yn.wav,129.12441413083917
id_sw82slpwez0b.wav,226.2778548661194
id_ese5dxdwrtgt.wav,207.66182037364925
id_aqkrqidp0fa8.wav,263.0522565965589
id_l73lul19wbev.wav,209.67715709681065
id_x3ht55txdvph.wav,223.25740027707633
id_fbsm9iga61nc.wav,111.694069891113
id_tuqin1rw60cc.wav,141.69097866516373
id_ab4x9ik79fkq.wav,137.5526900327832
id_4rnwar4vznfx.wav,116.45293738817257
id_2n4gx84x0cl8.wav,95.17095588467238
id_znpcrtg23dcy.wav,184.56277003155458
id_fpnpzjpl5jrp.wav,223.29035746549266
id_08qmc49cjsdi.wav,97.22140153020194
id_ungdog8wgeaa.wav,325.00074046070534
id_r9cvrbhzd2hr.wav,174.07894874549953
id_q9fzvn0ie4qr.wav,154.7715512331601
id_oyq0w4nbmji0.wav,102.36411488355705
id_di9m2gmyyirj.wav,127.99529781027809
id_p3657su2xuif.wav,115.75142742382829
id_pwkm53rvdcs8.wav,177.79581355845025
id_f3w2kuqrjwng.wav,100.09486479250299
id_avt1uz28kpc2.wav,127.36712784639269
id_6v8zm9su8n01.wav,225.18666783983633
id_o6f09yplmou6.wav,186.03400860219756
id_rogb5vjxpgin.wav,106.97395941445804
id_may1gsj7sxac.wav,163.8645210366008
id_9sw4vjd4i5pf.wav,223.271662326626
id_op9ea23ln0xo.wav,98.58097338941512
id_6mvkne8ydfso.wav,211.37661888406535
id_6yd23ej5rwwt.wav,161.6057358864108
id_tesbm3el5o11.wav,164.88962869318306
id_f90oc1jnzbse.wav,219.7574106369751
id_4opne2cxrzu6.wav,124.03181028459159
id_zabkht2n4a2w.wav,141.1763014087962
id_7iszpismmext.wav,229.3571383139453
id_z2hbv4h38cb1.wav,182.84910771982868
id_dc5mxkwqf8l5.wav,164.8358270372609
id_2beg86f1n08p.wav,166.49759838283182
id_91kg5l7p9hnf.wav,175.2631037486456
id_ro7z5tntme08.wav,151.44515685102348
id_rt0twzidbywk.wav,198.87261580255836
id_91bmjlbx63wm.wav,171.9046946669962
id_az3ul0wqaxzy.wav,271.1551963569631
id_hp6sw9c20eaq.wav,124.74778426801751
id_aama005456q2.wav,111.20852654422262
id_0ob70n4arevf.wav,128.26601598081982
id_xrimnrnvd8wp.wav,193.926866660044
id_wc10x6oi4r6l.wav,207.00905661192851
id_3n8b95x59exw.wav,81.88942671689719
id_u9d8r4b9igf8.wav,156.53446396082848
id_5uzv1t5kzjj0.wav,141.87836688964174
id_a46pet3qlqj2.wav,297.9867157447329
id_3nyaznnpj0pd.wav,134.79604776427675
id_6yh7iggkchck.wav,167.2576728892202
id_p3drpi921xc4.wav,122.21894040888813
id_nc83ldehvx6k.wav,232.22000920613232
id_kx88wgu6tode.wav,249.5077859799702
id_uy4dyk2y8itg.wav,250.4771459919753
id_gbjoonl44e13.wav,115.50483591301243
id_j3uh8xdpwgm1.wav,191.70257324924788
id_95g921y5hk5l.wav,175.29428256314384
id_fzwlec9uy34d.wav,123.59741791662525
id_saampoboz3gc.wav,68.3786364645944
id_jendv356sait.wav,135.45661839067438
id_ar170bai82up.wav,178.09627002944592
id_rucidftsjcch.wav,266.13240320612766
id_j09p922to3cn.wav,111.01379463830375
id_tk22j6xdgxyv.wav,291.0713942553549
id_xzn25zledcgv.wav,120.02617400761558
id_uvyirc5e6tnm.wav,110.48109563088312
id_yjvonez9ka7g.wav,133.7325824668511
id_5k2dphlfec2k.wav,205.56866656822487
id_9n5hetpohwsp.wav,261.9649601743537
id_nixkamn8js4o.wav,95.81376981979692
id_5fz73bcfhvhi.wav,107.29787484492601
id_50i17ma6pfuw.wav,257.19171969728234
id_kvz6uqgtts23.wav,201.95866623801362
id_a7r3ztw3bvl7.wav,203.06181664918932
id_pxty0t2fqbyp.wav,221.2761270720057
id_jl5alrl7ep05.wav,104.7035215612339
id_yff6vyqjrs2a.wav,128.31591601013912
id_2u82olfn7vgv.wav,119.42938201825498
id_vp197e2iq48j.wav,112.01813159691855
id_afskpoko8ea8.wav,103.18706882602439
id_5cb9ftsyyili.wav,157.86774080863808
id_27mtulsaca9g.wav,200.01868787381125
id_bov9nyxpvo3d.wav,194.81071283265496
id_4ziolasny1wq.wav,230.5122905736541
id_v4ilg1oxc11z.wav,160.82862657837487
id_belprd1sdela.wav,142.78247375764352
id_pvn92l073fv7.wav,148.3506720417605
id_zm930btj4pw0.wav,232.00057919204596
id_yc3x5rwpzq3m.wav,222.50741790129752
id_2z35cs0s6z8p.wav,195.068149441031
id_afngbfy2bd1q.wav,110.58891904959104
id_vv0w6du5o2s4.wav,114.56035779365249
id_nnouhkspdeuv.wav,299.2087918883265
id_6ych2xotb7wb.wav,193.6513453900563
id_qg6p4zhexyrs.wav,102.03397424757257
id_hjzezzou5ghi.wav,265.9738027314933
id_3yym80t1sb53.wav,183.8987556468692
id_d70n2ic961re.wav,143.13231808437266
id_aqoaqk7hcbq1.wav,114.69202481626121
id_ta8l6focakvr.wav,106.5049768890803
id_kalci7a2x4xl.wav,190.08985647108454
id_b7354yonq4qg.wav,117.52727597885385
id_x3c05ax2lwp1.wav,232.31725536784003
id_lfh3kueok74t.wav,199.34461209120593
id_tsumlqgjrphf.wav,112.7331761345348
id_osuw83d5ud1r.wav,189.66471264155092
id_p7e7s8evjdzq.wav,294.3292277077114
id_16kqhay4iooq.wav,190.68698417439217
id_52lvcoiercqe.wav,164.66232109326876
id_slpwkzjay0w9.wav,118.22154556837756
id_clg37pla3snz.wav,116.15867264493214
id_y0l7vc5uhs8x.wav,204.71363821038315
id_ghwdq6uh77yw.wav,153.57662826393056
id_f88l231shy8k.wav,232.01084718746503
id_05g7is2vj1sh.wav,243.8663987747329
id_3sbzf7fgk62n.wav,92.03359584672135
id_h33jm6xcym59.wav,297.1367144092072
id_9ygxihr3rr5d.wav,110.42766596545144
id_p2xfdx15n1uu.wav,127.00390197697409
id_w0xtgg7qmz6h.wav,141.41956196915862
id_qwasoo54axj5.wav,129.13586112916434
id_h57ucmv86cmm.wav,120.35788063295985
id_5f97oz7530f8.wav,220.6054816234563
id_on6o0lutuoea.wav,152.9840197900399
id_w45c80rkvi2h.wav,207.9212607222008
id_37rxy8ilejyd.wav,160.58334158764902
id_e82jojic8yrp.wav,205.40695619058772
id_0n1wd4oqtij5.wav,182.65576302506804
id_805zhkhgxqwh.wav,110.33065212104268
id_o45bknrzkqsm.wav,137.13490097235643
id_kwcbtws099ob.wav,120.35645610192749
id_sqqigqvscapg.wav,148.9480851612014
id_z5k49ldh7prl.wav,156.76665023806123
id_zxdsbyl606e7.wav,276.4408090117066
id_jns9cgq769x9.wav,134.03913479264503
id_l1vys4o6s8g7.wav,138.1924308143133
id_2jujmlh69tsv.wav,135.77134558065936
id_015rhcvf0g0y.wav,98.60158611439569
id_hiyh9v4mxn77.wav,225.51121482704312
id_fsfd0db509v3.wav,160.85539929440512
id_occvnmu342oh.wav,118.51269375491538
id_mpkun7ncjpq5.wav,129.88870521089405
id_zuk6d5c6tp8x.wav,183.9561373769081
id_e5ze0nyd4xx2.wav,180.92923923750072
id_hnut1k8m3r8k.wav,165.38638137132023
id_kr078ru2ybae.wav,125.3475593066167
id_swgxdt14inp8.wav,268.3772796157039
id_8v2e2gh9deo2.wav,132.605488092446
id_5nmq6jrdza4q.wav,211.8175130160151
id_hr9b0lyhjqdk.wav,160.48794882105116
id_4alah5ssbd6n.wav,296.3967355616693
id_r0z95xxbfbku.wav,108.36391224794453
id_u2nwo5hc15gg.wav,182.10922463085967
id_nxaluujop0qk.wav,109.27441003536407
id_o9qs0yr20nqp.wav,106.27590720630687
id_87dixw9e219y.wav,200.56638213440442
id_hyw8injv42y0.wav,158.76705538246483
id_j5uwtvg8j5ei.wav,150.86823274836806
id_ifj709a7zw00.wav,95.07755181596322
id_irhwvn34bo0y.wav,175.5992758140639
id_5rxlckyyuv9l.wav,214.18768636260475
id_ztpo6dwg14eh.wav,131.7492153188993
id_xxqjj52m5ebm.wav,74.72081799680822
id_817eba49vneb.wav,155.2516354161371
id_5fqeifq0m583.wav,177.80715601203866
id_m3itsl1xo8rj.wav,91.23176631410693
id_a7o2b7trerdy.wav,187.52108370770802
id_qjau1yqiw50z.wav,119.9971783971933
id_1p2hi8wt0qpo.wav,96.47742858348195
id_pgxuuk17xpwr.wav,227.06032132281294
id_ujuve8nxxtxf.wav,91.45817526079418
id_2obi1z15e2mg.wav,227.60832703083236
id_ny3yaiw9k30b.wav,97.67058066606924
id_c212wiqpm06r.wav,190.03161979922888
id_86yhgs8rxfnd.wav,201.55909039927352
id_t3kfs6wdmlgf.wav,185.00115563199472
id_0j43xndx0wqg.wav,209.25819038480603
id_xsh3vh9wqre7.wav,120.75685955943051
id_2vqv9u33zan3.wav,228.2871154895713
id_ht7nqabyx1fo.wav,152.74030543086906
id_wlcjddfyz1ky.wav,99.22065010660103
id_kilth8oc8fgf.wav,194.84459200130868
id_q7uoc9lbv49g.wav,185.68840642610778
id_kt4wzpw4p4k3.wav,179.44946192490085
id_rc8tc3vr3528.wav,123.30222695549898
id_wtquvo9fejk6.wav,110.46016196155283
id_9qtimmbivvr9.wav,129.64677695548346
id_v4hhr7mgflj9.wav,247.20896786706413
id_ra6xbk0e6wo0.wav,117.30835721002654
id_r1tztdd3nx0w.wav,232.3132781642862
id_gdcykjk52ifs.wav,105.46922493248765
id_h0piuph5nfft.wav,177.2233055214296
id_usvqedq3aguw.wav,100.65956682959134
id_tksk8vjw5ck7.wav,121.85932735828521
id_rutlmifnna08.wav,181.95398092125518
id_nfcim4gb6j2i.wav,181.79795354604386
id_hz5i2qubwtii.wav,100.38730329709212
id_wsxf4dvewzac.wav,137.36488159807672
id_luv5sii15cuw.wav,244.72094705442024
id_jyxzwy6hqpz1.wav,240.5394418043105
id_t06cia8cn32n.wav,115.390088152915
id_k0wh7jtx84js.wav,242.32730263760433
id_p0oigtbidzfe.wav,121.2354800537809
id_ft9cmucoefyl.wav,176.2638918352345
id_kthw5ut3g0de.wav,107.30000693642114
id_14q9d3iqj19u.wav,110.92285331634308
id_qu639jrlyovk.wav,123.37249352716745
id_7kalzf8g2hq5.wav,207.55054482118547
id_hba8rrxzcbya.wav,110.47420949901664
id_c07vhos3x6bi.wav,225.1583568938308
id_1nq31kkysp7o.wav,143.96565975477006
id_4byd70k92kjl.wav,145.751344686335
id_gp1uov4vusjg.wav,88.80394276270587
id_vzb3kk3c2xth.wav,193.7701638662919
id_m6scw04qi4lx.wav,188.18908919053447
id_rl9ze8laoz49.wav,114.0649373391388
id_lcb8snwbhsfp.wav,164.7705572286285
id_yd5ohcfe3mam.wav,121.34088302975549
id_44jsl0vpt5b2.wav,162.28648458140225
id_n1fcerruuwhq.wav,159.96601612825157
id_dgjhqldd2su6.wav,110.52087049170072
id_xzr6m3xtfs61.wav,127.10779572213323
id_lwccwuu7b49c.wav,141.9408490417569
id_p2o83qzep1c9.wav,204.9087628936606
id_o97vo4l5b94c.wav,118.19184107219994
id_sevjnb1kbt3d.wav,188.31296213629915
id_ixb9ds8r35uo.wav,219.19532342117225
id_w4v4hsy9dg45.wav,230.80411224534947
id_takq9h1rg4m3.wav,100.12982592175771
id_1025345v7gry.wav,89.19282525317163
id_z8qufmxahxi3.wav,109.58565516273828
id_ffwdefh486ns.wav,112.9892453264661
id_44xwi67zevlr.wav,198.03631395078472
id_cjr4iqlhz49g.wav,117.58583602066754
id_6ys2o4y3a80r.wav,127.43405980987802
id_3tu6zpdx3yz6.wav,148.6445241657775
id_0wny30qmrtxb.wav,125.45558475797652
id_4h4rs31429ji.wav,244.11908616951808
id_ecpb17kbtpar.wav,145.95563454191085
id_zg9h0mf51y1c.wav,196.4012917365593
id_qxufg7e8qfj8.wav,101.03183647721002
id_qabftx74t6nn.wav,237.7805584145233
id_a50ah4b3103n.wav,237.63660437315815
id_sm8hu9hx958c.wav,100.4046805700909
id_xr5iyzzzanrh.wav,177.7821927478145
id_9nguicptn9zc.wav,241.00827670425338
id_ore1uncoocjo.wav,111.07280322196871
id_n0kf4fj14xz3.wav,109.49713590366738
id_gqpfoayeryxp.wav,170.6462093644386
id_70ngul6vqxa7.wav,257.2871983053331
id_pkzcetb1qkps.wav,90.7880013266567
id_jv6j42bjy72h.wav,105.04898392483106
id_0bubpvvlqhpc.wav,188.4366991203196
id_ab7djeuvgxii.wav,137.7600309635079
id_ck0f7jjzrb62.wav,186.63980609789692
id_hc4ufhoqigbe.wav,111.51249948622056
id_1otefnp108jd.wav,129.2737179648627
id_d7kymwur14nx.wav,216.11929657312797
id_6u1u98kkw0wf.wav,116.08719907274903
id_hst0uacjhv0z.wav,148.98528348354688
id_j947u7n424ah.wav,100.9480326188739
id_lltzs8fhbxem.wav,125.43132495707088
id_f4h29mga0lga.wav,104.85362019155764
id_vdabkaxbjinv.wav,143.81363137826668
id_gbthfnt4w0ty.wav,208.91975897297584
id_d54a90jvy2of.wav,230.57766290153967
id_bk8ulcpnh9qr.wav,113.55414085397626
id_l00e9q3r0tlm.wav,106.66235991320411
id_m8fqgasaalrx.wav,155.02721657667604
id_qxduad839ssf.wav,118.80050734660595
id_1maaphk2zo6r.wav,130.5372962449495
id_kubwxnuuy6mi.wav,132.7156076102864
id_idbws40cm1jq.wav,79.30340770930947
id_3a72ey2pydnd.wav,194.99549730437778
id_9jxwbn315bsj.wav,224.31029681065365
id_iay9ew99uvq5.wav,236.56796772219894
id_8kriy4cqm8kf.wav,141.1978927586784
id_bceebr77n82u.wav,235.37249816943427
id_pccow9n7eze1.wav,139.96469019896665
id_k90fespenih0.wav,109.13550437177284
id_fuxrc1hn1cms.wav,217.6243617749571
id_u6qe47vvnf0n.wav,232.1945897783881
id_ta8zpg2e2ctb.wav,129.7255912727112
id_vqne1h665p7b.wav,198.24568863709825
id_ryuy2r9dn4ah.wav,134.77783525704496
id_ungzelxpo587.wav,110.99909943275394
id_t9jt7x4qm8o6.wav,206.42017106219933
id_swj9qdwxdan2.wav,99.21061396050293
id_i92vyz2o5wqr.wav,132.0893968816352
id_on0ucruv0rqt.wav,110.22230315522268
id_m63s0kvn3fo7.wav,173.92484420286866
id_yo31p2exwbft.wav,161.5869626317335
id_4ky1ipdbnp3y.wav,160.78404001032558
id_zcv69j7ro6ec.wav,264.0047485003109
id_a7dlo0ek2q8r.wav,140.6531917807737
id_34tesyac293p.wav,193.7245872503912
id_xetl9327j5mz.wav,127.22288803703842
id_0t2w98zu53z3.wav,196.5386843891182
id_f67d7ky8vysb.wav,218.0699397032552
id_zyekklg3fk4d.wav,165.67135750696752
id_b1nefsjg0fw3.wav,346.01963784900363
id_fele9uv6zxj8.wav,110.83574019825687
id_xxct1hhne0p0.wav,93.23548666484879
id_yyum1ouoy9e3.wav,197.29679053132654
id_2rzmb06d9eq5.wav,120.77739972142473
id_xdpytxi6ok5l.wav,152.76530045267478
id_kh8rv76n4j5w.wav,101.70924818748418
id_4w2kcae9ppr2.wav,122.34994372432556
id_zvs2k33iy4i0.wav,179.29736235067259
id_24cr50pvhf8o.wav,136.85814562408783
id_mc9o31oe6q7u.wav,193.5662550106536
id_50v96vxlekxs.wav,244.05334661672106
id_jb0mbuarsash.wav,145.53097952256718
id_mwk5b4xpfmm5.wav,128.31535002860767
id_jb7u1xdatwa4.wav,124.99511068484424
id_5ko1fllrs0fr.wav,256.78121904299655
id_76btewrp7l5p.wav,131.5327858286185
id_11zmo0d4aw2g.wav,117.77589442422305
id_mljjb5fvar0t.wav,131.88033951094855
id_zrke864qaqoy.wav,222.4690384114034
id_p5vb0zpateyu.wav,98.24894698338278
id_c6kwfo9ll39r.wav,112.7999254740496
id_qbkjs5jaji4s.wav,229.5391021808625
id_rsvwrgx6lcb6.wav,259.5270331208722
id_vely75enbkc2.wav,219.0535223404055
id_mxzyh3l56qs0.wav,112.60687087581135
id_kh70vqs8jxo5.wav,163.7120807546571
id_s7n6b45986zb.wav,127.23188769153748
id_5mfo78ikelk7.wav,119.02208010757585
id_u4mhsn66okrk.wav,144.73970262235454
id_z757b81ys2hn.wav,178.40549375300628
id_ir2a4c48dytv.wav,107.75977132675045
id_pxms69ats3ff.wav,196.39861126485508
id_t8o7gfkclnlo.wav,207.13489954073444
id_5m2yibfhn7ss.wav,187.67115425746488
id_dkx40zcxwf33.wav,201.79667686968764
id_74k4b2h66tms.wav,246.32693937676996
id_ylweythnc8xi.wav,216.1591125687985
id_64t9bbodqif3.wav,124.4179130403884
id_vhgy8w3uceeq.wav,124.72260839403964
id_1pkxdu6vecda.wav,116.6264064129997
id_vid07p1r3n3b.wav,139.95842859324262
id_m4h70hpvqkae.wav,227.07271788930035
id_epor36n7bdh3.wav,125.74249076850732
id_dyck5493haas.wav,116.61413026841724
id_h4v4dpiy7l4y.wav,150.85391196945852
id_sdmmoy0lo2r6.wav,141.4217697761536
id_cw0zwcnsoftg.wav,115.34819787488541
id_v5xwsh9nmhn3.wav,151.38528203835378
id_4nn0ijj9up0r.wav,195.16425906432414
id_amitsets343k.wav,109.77470281890166
id_9ak07reekdi3.wav,124.36228027596596
id_qt4n88i1um33.wav,197.4292396707511
id_hdbai2wdkrdw.wav,133.38084014223423
id_fxl4og7ptjod.wav,198.08923435974702
id_07ppov73yl2q.wav,169.7713851615853
id_a55sm8i3xinu.wav,155.827400768888
id_rmdm5j2kienf.wav,217.43386338799093
id_7yq99yz8tc3u.wav,126.30425166309699
id_px2ztm1zqb0h.wav,206.71179932173322
id_q25kg7tdgd6h.wav,197.51505916743656
id_zf3zp667phpo.wav,203.4872497886209
id_8axwwjj8jfl3.wav,112.13209836959143
id_zaax3uv4292f.wav,177.0952774471233
id_frsxid5gjsb8.wav,178.64924868354214
id_orbg7n1flnkt.wav,104.12426976833967
id_aljl02x08d0h.wav,171.9048634251222
id_u2ngp2f94ssc.wav,221.92288719001186
id_er9s20bsjg34.wav,103.45586332924024
id_q3nrqe7jhjyx.wav,188.27162596219827
id_arpzxwhl3714.wav,124.9626179725964
id_5ui2niq5yll9.wav,177.75410434096202
id_b0090s60q5mo.wav,143.93417103230897
id_2hc592b81qap.wav,124.0678079939487
id_ea88by7h1ri9.wav,204.94453064523842
id_m4yhk99zpkip.wav,259.0464275358371
id_akrt06xniwwt.wav,189.35053155509937
id_xs89y9axegw2.wav,241.27412216430616
id_ynada2n1kspe.wav,224.18509047649422
id_gjlvxjnawqpy.wav,197.64312955338173
id_o5lzo8ncu7rh.wav,121.32727617340356
id_jmd85tj1tfdo.wav,189.03107414584434
id_qnf38q1ang7o.wav,177.5662559205922
id_79tto8fjfwiw.wav,136.19848983917393
id_idsj0gubpvyr.wav,103.77950505530356
id_399n3njaduqv.wav,126.03712077659222
id_5prc3lwxgzl1.wav,210.81798096241414
id_ngxzr6iphsxm.wav,185.3384071729644
id_uj7x4wwjcoe5.wav,138.18248645268534
id_yqedtsvm6rj9.wav,243.70369536247958
id_4aozzgfhs6og.wav,111.20010158405273
id_xrjhw4ixl9ux.wav,192.81916814954985
id_1ij74vcnen10.wav,194.17173565189304
id_a0b8t62walsy.wav,189.04527221087884
id_xdj1emjyd65v.wav,147.01079711152263
id_a7j8s6x5y9o1.wav,141.57295872727636
id_lojj33t5aqfj.wav,147.35423950766736
id_ctcdcixhf4nl.wav,119.32646981724095
id_rlb6qeqtobq3.wav,186.88716540253995
id_b5ez857boyhx.wav,206.23895070182635
id_7sqz1ssggfgc.wav,141.6585396790239
id_nz0f4r22knyc.wav,214.20963939194115
id_uh8wrfd6an09.wav,161.54234630785368
id_8c3z26adlmsq.wav,126.62618875624617
id_jo8wl47wss2k.wav,184.15913154422216
id_9av7kxwofkic.wav,176.45295070506253
id_s1rtusftdneh.wav,126.775649507259
id_5kozr25crq9w.wav,103.63802167056892
id_4huet176wevp.wav,150.26178146336716
id_i9omy4ouobmr.wav,224.40265420854638
id_2aoxj1d8wvqw.wav,180.52788997412154
id_767106k9h94j.wav,204.94786123788444
id_j0lpay3n0mlv.wav,188.75144281539465
id_g6hsdfwl8kga.wav,221.69134165740263
id_hd3lumujpdpd.wav,240.939876598297
id_idydxrpcbqgz.wav,218.2467332158687
id_rdfw0uf5gpdm.wav,243.60940905451457
id_g9i17jyb5x53.wav,253.5038815724991
id_3p4b7mcsyovz.wav,120.70798214423928
id_14a888rxubfn.wav,159.38570713473388
id_g7dbo1ck5lur.wav,129.61965030900302
id_ku7c3ou8a6cb.wav,177.6920120050312
id_05s8qatxqcps.wav,216.01342977421044
id_prc1roplyctc.wav,163.63593251696363
id_2wknh4vuposk.wav,183.88779856533168
id_c70hyu9apoag.wav,207.07060438678693
id_0plej5f4lbcg.wav,234.0619436340291
id_vy1i8brgjw3o.wav,195.6719936018455
id_j9spcvqf7sn2.wav,149.36575524715477
id_gvdolfou4xhp.wav,132.83997200921192
id_rirgxj6qi733.wav,191.6468777843466
id_zlfcanji96h7.wav,110.8318106609739
id_7suuhahiad8e.wav,109.0135806479562
id_i7b3yx89edij.wav,225.57943602437757
id_lduvyw6ck4ea.wav,101.31875077165961
id_q4rwb6udjhj2.wav,213.32286620341023
id_xjggoacrog77.wav,109.9528248552986
id_pglcrdaf3m07.wav,131.71814121733942
id_zrexdynyesaw.wav,152.85160008163436
id_zsy4euj6cage.wav,98.73507814184111
id_lrduy4kd0l9m.wav,199.68830589358723
id_m0qlwegzlw4f.wav,104.70237422667795
id_3rrcfnee8j5k.wav,96.43516900934455
id_sjs8y8ck7fpa.wav,186.7615891615864
id_t68f3zo98m7z.wav,136.66342190203517
id_lmhc9qnp4llj.wav,123.43605715952242
id_ughsq2qhi6b1.wav,108.35697679469538
id_1pt4ceg6frfw.wav,132.25110361694817
id_ibvuxstppqpx.wav,171.85229455188363
id_n1nd14u7u848.wav,231.4413224377216
id_5i7hzoouny3f.wav,139.66826783309602
id_6090xr24pzrl.wav,122.8449475044038
id_1i067ck161fg.wav,134.573216016304
id_tqioixaz6zap.wav,103.44511786443246
id_ij4ykjf2lu6z.wav,197.772565432886
id_iatzadf2xl3h.wav,166.4488102675236
id_gc1gsrlo0m5w.wav,275.5509386583049
id_w4rcv3550arz.wav,91.75365382483062
id_114ti264bsme.wav,128.57564528500092
id_ue9g7804ztlw.wav,127.1416229499403
id_0209jfho3h3c.wav,168.4079469629027
id_niumeh5x3fcz.wav,170.53854192752925
id_hvdq6hy01dfp.wav,183.29409273958927
id_mpllng5tdj7q.wav,142.7238125866812
id_e6ry5490ucu6.wav,138.8008024985343
id_3c93skhlwx4r.wav,186.74680563434498
id_xmicfkcwsx3y.wav,113.23268278528812
id_f4itqyv6ztb3.wav,136.23593873398073
id_iihfba01m6c4.wav,198.90449943258352
id_9sm2j7k0cqv2.wav,183.2690378733028
id_634gu2bx6dx7.wav,223.36973130374196
id_2m4vb3toz6oy.wav,152.13432143134608
id_o2d2ykoyq88l.wav,224.36571282563355
id_cbhrhkedajb0.wav,190.49949882904838
id_1zkeysfsoncf.wav,209.83906373592853
id_h03z2rj1k2ti.wav,164.81619938867885
id_pwexletl4g7y.wav,191.0493217640545
id_0lurju3a5cuo.wav,221.15198695397538
id_6gpltzvgxm3h.wav,137.05722670552854
id_ifdbnlzhtzqo.wav,214.0159930860536
id_p21c4arem1k4.wav,254.6753263888086
id_3s0lrjmjxcz6.wav,145.12210169184976
id_zsw6dt03c4oy.wav,190.45697042248142
id_phfkrqfvd2va.wav,128.7560913733122
id_qa3bdn0hl4au.wav,150.96442967987326
id_o8gqo553qcr7.wav,277.0749967657023
id_ppmuayh78q4r.wav,200.47265592793445
id_k52jtroaa8cx.wav,236.87041467790334
id_bkbq9rsmuq8j.wav,188.49450077720692
id_t5ns7s8gocv1.wav,215.0531126584204
id_6imavdniztys.wav,94.08631216770863
id_54ryxrykpgmk.wav,135.39598374395734
id_0fh08ayr6x92.wav,90.95740835580719
id_zdy9iw7f5c6t.wav,153.69224641361467
id_olbt6h56jhrd.wav,213.4319368639617
id_9a8av82hzwt5.wav,113.28965074664923
id_6o4gyb9ybzrp.wav,122.11619745686804
id_vk7rcglyfm35.wav,149.91289019657643
id_fqk0h15nlb40.wav,212.3307565215948
id_5wt0vrzlrwgh.wav,182.35811822661645
id_myu1h7kpqmr5.wav,119.50954395600361
id_fgtxguvptih7.wav,120.5794771128151
id_nnwkroqumwrc.wav,132.57836666294222
id_1ztxm5ucc5hg.wav,264.7250431237375
id_bvwygbnjfpqk.wav,165.82958190100126
id_qp2exgpeewvo.wav,108.07804139886007
id_5y0elsyvrb1y.wav,156.6518999642775
id_eiwivdxt39jd.wav,290.21472072471533
id_ftem57sjc89t.wav,311.5095136988262
id_ln6f7kkqi1ph.wav,155.3562565556886
id_dnwj0h38577y.wav,152.87214544433095
id_9bbz7alxy9wb.wav,141.43520772787923
id_nzgf25xd4cy8.wav,94.32175298683308
id_nz096zt4us7t.wav,140.4347972183116
id_3lhkgf9dqr4c.wav,92.06183337506214
id_vf4w9creqbrm.wav,101.86152397884015
id_3oz0vfuf7xw6.wav,206.17794814438884
id_gmx8tkpiumij.wav,82.42406955952464
id_olwvq70pc4gw.wav,106.40944957877016
id_3mnqaj2ux725.wav,207.0967170960775
id_a2zkgtgmao8f.wav,281.6416850276314
id_u4fwyx3l8010.wav,146.4172504100206
id_lpxte4vh977s.wav,129.418684304215
id_w88o3s1h3t8w.wav,92.47970461064664
id_5qkh1q6nvexh.wav,97.42136659113126
id_gkzjupd1gsr7.wav,112.18613399092666
id_nmityofqhi3n.wav,102.0858731051361
id_xj5mat84juyh.wav,117.55792823068388
id_oiqvisx2vorl.wav,94.55567077642309
id_ny179ruihwtb.wav,190.36986113670173
id_cd8cgm64i4z4.wav,217.58232930750268
id_x7pkadmez53t.wav,117.32897827531824
id_kpbmq5sg0jp0.wav,175.34614391587098
id_e2fxgexd97xy.wav,145.1920913168803
id_jdftla65eogw.wav,195.1748205381117
id_ilkmfbcv2rq6.wav,137.03782638368457
id_xr9apuvtb35i.wav,130.369640347216
id_0adsbalxnhp2.wav,59.9250936329588
id_icma48soboev.wav,232.29566527104856
id_4j3e8cswgk3w.wav,181.37994981427383
id_mxd8e0qaffwf.wav,111.07778943338442
id_ng6ypw5ey2yy.wav,230.36589392228407
id_r9lsj1i4qk7n.wav,201.03846285087212
id_l1zr6f6repht.wav,173.80021198333043
id_yogqeztnbkld.wav,134.77561010448642
id_bhrr2rp2xep9.wav,132.30809575874844
id_v6bdbupic4sa.wav,151.29986871191545
id_9lwqho2wr3v5.wav,134.9891833178125
id_mikph0xgpq7e.wav,110.48134475952781
id_9al9p94omqq1.wav,184.11999793714412
id_dsz0cj011114.wav,148.45931075592583
id_j7obvau6r5lc.wav,158.19194938016358
id_e0zjft3pbce2.wav,88.57999515454051
id_xkm0zav0dwxh.wav,147.1167840144646
id_3ly3rgl0hkel.wav,124.69405593337743
id_srqxr3dsnexg.wav,253.42548118761567
id_ltunajhgq8zt.wav,115.85724125832128
id_njasco7rx7m8.wav,150.24103668174794
id_6ivjnyhwrhvg.wav,137.81717738415068
id_g3ur6kbf4u3o.wav,115.67705911218262
id_3sq66j3fuo4l.wav,118.48223128306802
id_v9qot8npf1hr.wav,108.91192642759151
id_rsf7nlh1xnq3.wav,142.65992971823582
id_grz7vwra2oh2.wav,220.080623173339
id_wesg73e90shx.wav,114.17831859257315
id_f3we2hleis4b.wav,239.52363058998895
id_no8u2tvobi1m.wav,113.73254495159588
id_jx7mbvyds5pm.wav,138.6898455781059
id_fsmbvj2a9li0.wav,169.5063259977481
id_sx9c63jaui0k.wav,131.70132910213889
id_qr3s66u459b9.wav,249.0245014861258
id_j4u9jxt3qows.wav,243.53591312390427
id_svr4u969sv4s.wav,188.92589491345993
id_c71ebac7m7b2.wav,143.40650547736328
id_lkqjkdrv4t2g.wav,188.65306700314733
id_59s6kxdzbxcw.wav,185.06178949102303
id_y9f2c398543q.wav,206.10949187694808
id_0zmmsigc8qay.wav,155.43131699226316
id_33xt09xh6sn5.wav,104.95144991863951
id_dav1mwm5d382.wav,149.04298026402523
id_zj21n1bb8z2a.wav,154.7406838259976
id_tj4g0fqiu2c8.wav,99.24930879087468
id_gh31vxgncxgs.wav,147.16729903780742
id_yw98ixv6h17e.wav,135.03946139396945
id_hbjvmj0cdpob.wav,204.39375508155922
id_7rwtj7s4zl7v.wav,128.11624126293736
id_t8ey9zv3pa4f.wav,222.52170305251502
id_sn4rzxvo7kbx.wav,229.86731237124243
id_nb4bvwqu32f6.wav,151.47028782172856
id_vau0wkebslsc.wav,241.2007295841434
id_tyiiy8q1d9n7.wav,110.14628645119461
id_sapxs2qc6pm5.wav,217.94009088319976
id_otzzy6j70pof.wav,147.51282047932435
id_j6i8e20mrdad.wav,175.69761100129284
id_r09h8q2w6pup.wav,158.25931523970553
id_64obgqr6qss6.wav,168.6381210097892
id_0itjjnswiixc.wav,173.1965627703098
id_jlg45p65eems.wav,97.32884206593933
id_mpv7dgpnejfe.wav,106.41130341324941
id_g6ui4xctk8hu.wav,109.8942945892333
id_vr4lnksn9gep.wav,138.54852099157486
id_zayrunyhdyn4.wav,118.8762966618123
id_j4ep3uymicbg.wav,249.4920380255796
id_90e66gxmks82.wav,194.23344154626662
id_x9oxwwxkb96i.wav,103.43021202175339
id_9fcqw2gfolqw.wav,107.6115420537786
id_q71c9xumgucq.wav,197.60623506102064
id_3gopniagk4ms.wav,103.00239956141768
id_6w23l98c6r70.wav,199.94004288315446
id_rmt3z39kqt2a.wav,212.6525153514903
id_k07b4nf1idae.wav,179.18717335665735
id_c52t02j4lqgm.wav,180.5061254810036
id_vc6kbety3bjt.wav,125.25266639667956
id_i2m6jf1xtwol.wav,129.9101349057679
id_mn67jkfzp4yh.wav,188.2989835322464
id_b5xxavk54wvk.wav,134.74209365934595
id_i9trh96vpuwj.wav,89.72241409694172
id_a72xaeqdggbp.wav,209.42467404393065
id_4pu66fizcyax.wav,164.90242764512297
id_cvlpyf4xfmkz.wav,151.6788679058277
id_z5idkrwyr29q.wav,176.90159641470564
id_c8577dgo3x1z.wav,147.71299268984288
id_7d33xzzvd9ml.wav,152.3368405370165
id_lobeorpo1d2o.wav,208.4716871346152
id_6bhvp8yjes2q.wav,117.25192057373303
id_cr1sanzd3hfy.wav,133.7269161547684
id_y2srjhqtou6c.wav,229.80885594319503
id_05okk5z91k29.wav,122.57099877593375
id_r5qb1ao6cpzb.wav,106.60598637766216
id_uht0pv4wmeq5.wav,115.99465826866802
id_s6cm9xfaxt1v.wav,189.32595171456467
id_uly4rk9xqb1b.wav,104.89869631769288
id_wbha58xz7c3c.wav,236.99920874875707
id_v18edoedvr25.wav,202.3067327633993
id_zz1foovk32zg.wav,229.00697621802905
id_aaowqeym43w2.wav,121.90346565431622
id_2hbi2ir8bed1.wav,103.9459766875353
id_qlqkj5dhp9eq.wav,158.57399311465142
id_57qq31tiel2m.wav,153.52220550486797
id_wlqjfqzlc7jk.wav,119.23822942975805
id_gwbud7tglcla.wav,166.0198031320358
id_us0uoqhr84f9.wav,133.22577589243
id_5dyvyhupwyil.wav,122.48276456673244
id_dlm39v4g4ffn.wav,297.76182138623693
id_bqmj9uwsjutm.wav,194.15896282039384
id_c05et01nrbao.wav,178.69282276589226
id_qkobkik9qrzq.wav,111.89055842805553
id_busyekledsq4.wav,115.70392792253465
id_l5k5b7lorja6.wav,142.17669868139077
id_tklp027cg45a.wav,135.76213787240553
id_9qzp3nund7u2.wav,115.02321235912173
id_9fh4blwgddx8.wav,183.92641283561457
id_73xl9aes0rgo.wav,210.94720512620776
id_pp4ttrnkdkgf.wav,121.29589450512213
id_r3gbwz4mxiy9.wav,133.56760629726676
id_pi5c6xbrm8gf.wav,229.57192266056114
id_xdmrc926jjzo.wav,120.49336283513915
id_enrkelzb1agh.wav,119.21916560011334
id_vfjmaux1unfj.wav,143.9025204973045
id_klpvhcq4438c.wav,143.375325640173
id_jn38bc9wftor.wav,143.7058648000809
id_faok7enuu1ne.wav,214.7388240075424
id_qjom5yjc5lv8.wav,161.72502338619665
id_6ybt2whk30bw.wav,159.75864657021097
id_k87n1732iu56.wav,130.465988962475
id_3k3kl3r96mou.wav,112.99343421972311
id_9la5u1m1chsr.wav,130.8751241371121
id_mzgeu8maaaih.wav,128.96954612866375
id_c0r9a35792to.wav,126.42005256450113
id_brwf24pwgl9f.wav,151.80906306092726
id_s7s3e18pyphh.wav,139.13376111499906
id_otnyptopsdiw.wav,137.4610406461127
id_2pkkuc9wjxx1.wav,192.97136242722956
id_my7w7efc4eiz.wav,219.64712261034336
id_pl4olos7kpgj.wav,94.5809039851542
id_9trvhzl4pgtl.wav,262.05013465298623
id_gcxevd7mkmyk.wav,160.9999762874402
id_de8vpt1smqkr.wav,185.4330960009484
id_gxac79scauyh.wav,126.03336236713812
id_zcn6n6b4j6t7.wav,210.53057076964623
id_icv7dc1m2lrs.wav,192.76210473362653
id_mwbzcltd42po.wav,138.19549081529826
id_5nyf2ux6j4t5.wav,203.74768635460856
id_21vze1ny7etu.wav,174.33881007380654
id_pngamjz9e3ke.wav,307.9912795517442
id_o5ps9a0gbeaa.wav,105.15565179171493
id_vp98dmnic44b.wav,177.55543319370315
id_9276znj8ldma.wav,95.78952752953144
id_56coxbl871c0.wav,157.76479759559228
id_smn1yoglyvhz.wav,230.6670449264931
id_8jwehme77800.wav,108.6341283775279
id_dkjcji4ofxp6.wav,107.35426016654212
id_wlgp1iwxdqah.wav,133.3640709104746
id_5ir89fokml4w.wav,105.24675474803325
id_x1at41lbsfe1.wav,237.93523360919852
id_j1ds1oh516ff.wav,136.16644582606364
id_7pgrxoubihpi.wav,160.7430953772227
id_qcht2vd1mc75.wav,92.52225883201199
id_d4xfpn6axao4.wav,155.12658557845822
id_so1c9vym5lo2.wav,258.87229359775705
id_i9k0a3o4w7db.wav,108.47455908505735
id_3xhdq222r507.wav,107.21228063167467
id_nkdzdhkud9tr.wav,222.39935256347837
id_sge0guasg3q3.wav,108.47643470122391
id_izn1krl8uf63.wav,209.06178457448053
id_lyglgngppfk5.wav,124.49175275020542
id_j6lakqgqa6r2.wav,203.09285616082227
id_94hkg1n8q9ys.wav,181.3393200096043
id_3daxnv0sox8u.wav,70.51257945866291
id_xor6zrapgca9.wav,234.0338000660707
id_ojou06d0zosy.wav,167.98097954524698
id_w1ynpw586mjj.wav,313.73065574550395
id_p1f54zu5mnga.wav,150.3687344167893
id_tos5mfzs0el5.wav,123.5149831916212
id_5rgtd8djrdjf.wav,174.24103865973697
id_n66o1vbwtm4o.wav,151.58261043918088
id_elyf5s47mwml.wav,180.9458524710355
id_1y45241c0xdg.wav,113.20989682007597
id_998drlacm150.wav,120.60159661269978
id_uiqhmh1pv8ik.wav,223.60958048969235
id_pk54wchc7mk7.wav,127.52970130088696
id_ixvuyrjedz0p.wav,129.7169100545561
id_it2qqayqa7ic.wav,155.43823758352767
id_qg33rgusly8w.wav,221.89523492137198
id_2g1b9imw4uwr.wav,103.57196561656713
id_y9kg3r1ph6vl.wav,113.4093639536061
id_3fz0wezf35yu.wav,97.95501223137975
id_iavnk56925o1.wav,104.9444179702118
id_j3s83zi70oht.wav,181.2361564100451
id_7yoeziq1rp1o.wav,226.59136663499632
id_c3jqk60v84jb.wav,112.24487050599127
id_bhug3onllgti.wav,223.0336957885453
id_b2x765r7ybf5.wav,147.72935004210171
id_pe9t8thefxbf.wav,241.58275896158872
id_ewep8eeci0t3.wav,210.99642906045273
id_xhe0zysz6ctj.wav,179.85338018358544
id_796790yhcbsf.wav,143.03431664938307
id_6j8ocos8wr2v.wav,355.35421874233214
id_tjgfktz61l8h.wav,62.52522083943178
id_7oywkfu3rls4.wav,109.15894997529716
id_4rj5wq4v206t.wav,153.8918416567012
id_wgwri94sgyy1.wav,165.41252522872816
id_jy8t0gqkbsdr.wav,292.9075857419973
id_8y6fgf8mqo4r.wav,111.5750661907962
id_4bw97g4jnt2r.wav,108.34025341117398
id_rccn48xbdm4t.wav,228.02770078498318
id_4izq1cxeamkh.wav,197.15449424956404
id_7mnr01di9okg.wav,184.54638773454286
id_wco8qwdflw2y.wav,234.30021890412755
id_e41hkkvfrd1u.wav,163.18931208207567
id_64kk8s8b9uix.wav,104.60100628269218
id_p6lityojcczr.wav,168.30793995742195
id_tc73jphd6nx7.wav,154.27960436712183
id_c2nyjorbv6i6.wav,177.4809560502659
id_snt2jkd6nl4q.wav,160.33268388976785
id_9cyou9zspfz0.wav,118.57794482184624
id_2hb172lvpp6t.wav,144.07444326235094
id_zg5r8d3w0vls.wav,193.08383560783437
id_79f6o7fw3qg6.wav,209.48461152573515
id_0kqntv93ikec.wav,132.46410892684904
id_x94g6dvzz2y8.wav,189.9322512011192
id_f0tw2c8p74r3.wav,180.65376761439921
id_4jqzz1ekh1b9.wav,252.0089102857442
id_zgq92vqafnnd.wav,199.80371429747817
id_xjqhwid1hgjz.wav,101.67257971492673
id_wez0d5p7o7nw.wav,118.39944505209239
id_9c9eelh4037f.wav,236.73755991759552
id_s1vdv2k7pzec.wav,193.67026074295217
id_rv49f04idek5.wav,310.5924581409491
id_5dw3ztj4spqg.wav,158.97313041242523
id_b0xkuhn8557f.wav,212.96912065152273
id_x9r3i4q1ifx3.wav,126.81071812060142
id_06poxcfxishj.wav,211.0205691708319
id_0knj7xl1b47j.wav,142.4177419801781
id_mumde96dnvts.wav,190.42981259150832
id_d8ns9mvfmets.wav,241.9220329449846
id_e7wjk4tjr06l.wav,100.31401856331426
id_issqtkgf50tl.wav,165.59522362033803
id_09yb6k6xebk5.wav,169.93973138480598
id_7smx4xwqrwhy.wav,125.05898789080447
id_n6vrd3lm3noi.wav,258.30245276094513
id_ev8w65m741vk.wav,232.856906886962
id_rcfe9n4m6eqb.wav,316.68997599223735
id_eocs2nc026xo.wav,180.63448622201608
id_2cknvcbcdkii.wav,228.37108935133642
id_sh5mqnmifto1.wav,78.15155752635461
id_wjnh92p5i5a4.wav,119.72972226598137
id_062gn6is0bgm.wav,224.61867139193802
id_u89ydp3i4jw4.wav,175.24432115480818
id_ry77kts8apn8.wav,122.09104143728038
id_4jsf9oobwkew.wav,110.42572640008306
id_q2drmnfcncwr.wav,103.23666271665917
id_7ez4fyhevewi.wav,119.95222365223678
id_xncvo0g3ocv3.wav,118.56036761150445
id_28n2eg9p3ed9.wav,255.97446528873903
id_gu09mvqnzv18.wav,192.37973119640498
id_gzig52ijr4yy.wav,100.02225221695147
id_3pdbw37oyxo6.wav,139.10629062262439
id_02yh4h2au53z.wav,277.2567370349232
id_e6zny2bnoclv.wav,247.54951528544063
id_8optasrl7z39.wav,280.28881563021076
id_mwk9grio9q1i.wav,176.52506756769483
id_czwf1qyxy71g.wav,220.61180738689583
id_svq0y3f26n4c.wav,262.1915298403178
id_e1g9u2cb1kdk.wav,168.38954990309765
id_4vmcphj7wzsx.wav,262.8383591557805
id_olcpgeoj3c2r.wav,111.8997990641172
id_ei6057zwyga5.wav,257.62064494621814
id_ge8vvpceb4e1.wav,253.1897214659529
id_dsfplbpe1rki.wav,207.49685210414583
id_bo3q87mwjvo5.wav,113.12747852994433
id_zvtg1u5dtpuc.wav,192.3634593280965
id_yrcl5gq18chk.wav,178.37697196262633
id_rvxj30vyd4ve.wav,165.74209242747187
id_92fc5499d0yi.wav,238.48147176445698
id_vof3tq73pgg0.wav,146.46730550715444
id_i4gphn9vcdp7.wav,103.86295248087035
id_1qvgwc967jfk.wav,187.4310407539071
